Item,Q4 2002,Q4 2003,Q4 2004,Q4 2005,Q3 2006,Q4 2006,Q1 2007,Q2 2007,Q3 2007,Q4 2007,Q1 2008,Q2 2008,Q3 2008,Q4 2008,Q1 2009,Q2 2009,Q3 2009,Q4 2009,Q1 2010,Q2 2010,Q3 2010,Q4 2010,Q1 2011,Q2 2011,Q3 2011,Q4 2011,Q1 2012,Q2 2012,Q3 2012,Q4 2012,Q1 2013,Q2 2013,Q3 2013,Q4 2013,Q1 2014,Q2 2014,Q3 2014,Q4 2014,Q1 2015,Q2 2015,Q3 2015,Q4 2015,Q1 2016,Q2 2016,Q3 2016,Q4 2016,Q1 2017,Q2 2017,Q3 2017,Q4 2017,Q1 2018,Q2 2018,Q3 2018,Q4 2018,Q1 2019,Q2 2019,Q3 2019,Q4 2019,Q1 2020,Q2 2020,Q3 2020,Q4 2020,Q1 2021,Q2 2021,Q3 2021,Q4 2021,Q1 2022,Q2 2022,Q3 2022,Q4 2022,Q1 2023,Q2 2023,Q3 2023
TÀI SẢN,,,,,,,,,,,,,,,,,,,,,,,,,,,,,,,,,,,,,,,,,,,,,,,,,,,,,,,,,,,,,,,,,,,,,,,,,
A. Tài sản lưu động và đầu tư ngắn hạn,509891000000.0,917139000000.0,1495173000000.0,2020706000000.0,2409677475147.0,3072815767350.0,2947790658881.0,3422271274396.0,3154149095378.0,4366815291496.0,5220522764826.0,5108073191392.0,4812219632151.0,4743460107023.0,4530553415214.0,4885602141554.0,5811411191435.0,8103156239842.0,7660727018074.0,8459816926451.0,9004707089146.0,8829077920497.0,9283951604173.0,9018714049902.0,10607052240311.0,11410324009188.0,10656598646124.0,10787560955066.0,11037974548605.0,10282180507664.0,9906638187586.0,11274078330983.0,11269784456021.0,12954620887356.0,12668499994145.0,12729371523841.0,14847358003570.0,16961911296832.0,16319850549250.0,16240764508172.0,16827486019097.0,19209379831470.0,17461658575148.0,17801376676328.0,18913791763597.0,22082043377930.0,20264901139315.0,20220919501793.0,21767021262664.0,16053004009331.0,15891378282225.0,16757931160407.0,17461655201328.0,18373436282759.0,16918516176002.0,17849605068189.0,18431909603327.0,19038081282518.0,19577485114151.0,20974738294596.0,22473334313473.0,25608346381474.0,27905525240833.0,29634333850918.0,30655506375345.0,35116784160545.0,36617350544580.0,37159706261301.0,35269474823622.0,30933924692832.0,29524492711606.0,38758427341944.0,39531943273981.0
I. Tiền và các khoản tương đương tiền,102747000000.0,79956000000.0,372681000000.0,415058000000.0,371226203151.0,669451697815.0,511180166408.0,681282901927.0,531231426657.0,895514803431.0,1455135564834.0,1074769425568.0,1156843798267.0,1245513889933.0,906050124292.0,938964115057.0,1646597651753.0,2312095706271.0,1335559875124.0,1710798091903.0,1687215478156.0,1518850863053.0,1979760096179.0,1785765054942.0,2497687102430.0,2900388600451.0,2177152385910.0,2085584812108.0,2793287986534.0,2286184893437.0,1928204362705.0,2156011854467.0,2292011717347.0,2487189282572.0,3123048999107.0,2392462293952.0,4106773475086.0,4303014447769.0,3995053828972.0,2991140629461.0,3015692853195.0,3584709151768.0,3429950285190.0,3875543217939.0,4675450843741.0,5530631337393.0,4035911405009.0,4577961502901.0,5224202887296.0,3480646512895.0,3076144406971.0,4060090013409.0,3982145134665.0,3926316297829.0,2678204837715.0,3081007361357.0,3230352153676.0,3457655751733.0,3891505567427.0,4180454757893.0,4306782189437.0,4684867868361.0,5162685900519.0,4978881337221.0,5446784083688.0,5417845274047.0,4825840656865.0,5219950154604.0,3737291803926.0,6440177174268.0,3289424451229.0,6236475101406.0,7153625069795.0
1. Tiền,,,372681000000.0,415058000000.0,,669451697815.0,,,531231426657.0,895514803431.0,1435135564834.0,814073397118.0,1115690520489.0,1245513889933.0,902454031362.0,750883178995.0,1397857651753.0,1716895706271.0,983387075124.0,1038071734377.0,1078167682662.0,861675273221.0,813299994289.0,756805335736.0,1194452471117.0,1496143986571.0,814844995982.0,800283072110.0,1096474430729.0,1456621011901.0,828866720526.0,1332411694935.0,1163063504309.0,1426911070762.0,1326966272754.0,1117153018502.0,1690109803136.0,2072206319316.0,1883475997895.0,1489000786028.0,1288273331126.0,1879394384865.0,1522991519062.0,1557235903894.0,1956900471273.0,2707946518879.0,1574048600333.0,2141101193725.0,2326716877273.0,1886422216827.0,1543897642209.0,2414897073339.0,2414203134665.0,2704220233385.0,2130553810097.0,2807554223819.0,2416994911003.0,2613075178399.0,2540183607656.0,2107172844328.0,2358776250450.0,2215419285080.0,2631972515733.0,2671613358430.0,2936232673264.0,3447377471942.0,2854818888207.0,3951871648589.0,3482963103926.0,3880860111126.0,3068013165452.0,4116495111876.0,4868732047232.0
2. Các khoản tương đương tiền,,,0.0,0.0,,0.0,,,0.0,0.0,20000000000.0,260696028450.0,41153277778.0,0.0,3596092930.0,188080936062.0,248740000000.0,595200000000.0,352172800000.0,672726357526.0,609047795494.0,657175589832.0,1166460101890.0,1028959719206.0,1303234631313.0,1404244613880.0,1362307389928.0,1285301739998.0,1696813555805.0,829563881536.0,1099337642179.0,823600159532.0,1128948213038.0,1060278211810.0,1796082726353.0,1275309275450.0,2416663671950.0,2230808128453.0,2111577831077.0,1502139843433.0,1727419522069.0,1705314766903.0,1906958766128.0,2318307314045.0,2718550372468.0,2822684818514.0,2461862804676.0,2436860309176.0,2897486010023.0,1594224296068.0,1532246764762.0,1645192940070.0,1567942000000.0,1222096064444.0,547651027618.0,273453137538.0,813357242673.0,844580573334.0,1351321959771.0,2073281913565.0,1948005938987.0,2469448583281.0,2530713384786.0,2307267978791.0,2510551410424.0,1970467802105.0,1971021768658.0,1268078506015.0,254328700000.0,2559317063142.0,221411285777.0,2119979989530.0,2284893022563.0
II. Các khoản đầu tư tài chính ngắn hạn,0.0,0.0,0.0,0.0,0.0,0.0,0.0,0.0,0.0,0.0,0.0,0.0,0.0,2525000000.0,6370000000.0,0.0,160839100000.0,617714309165.0,1021000000000.0,1676550346442.0,1596910774971.0,365434786170.0,338637987299.0,751974468354.0,760173086092.0,860197468810.0,879619795330.0,1590122215770.0,1499491238247.0,685239042818.0,812059551953.0,1356939558182.0,1204185104297.0,1682449364921.0,861819209993.0,1169418719131.0,721521969131.0,1474754664176.0,899876331275.0,1243877434176.0,1912645754176.0,2659240824447.0,2223028355804.0,2736219157412.0,2907899775232.0,3975682395024.0,4208375623745.0,3361115859529.0,3477767956792.0,4379446212073.0,4798538245584.0,4866280283759.0,5067136124622.0,5567995714107.0,5727896026412.0,5892075944888.0,6305339416212.0,6777898508889.0,6943402877397.0,8823220085750.0,9990823495588.0,12435918124269.0,14057681981618.0,15532505379957.0,16055301795066.0,20730720735456.0,21606129233008.0,21520473393082.0,20389025847693.0,13036072272619.0,13860719245281.0,20451941376989.0,19618195845890.0
1. Chứng khoán kinh doanh,0.0,0.0,0.0,0.0,0.0,0.0,0.0,0.0,0.0,0.0,0.0,0.0,0.0,2525000000.0,6370000000.0,0.0,160839100000.0,617714309165.0,1021000000000.0,1676550346442.0,1596910774971.0,365434786170.0,341597987299.0,753674468354.0,762653086092.0,860197468810.0,879619795330.0,1590122215770.0,1499491238247.0,700845664572.0,827666173707.0,1372690179936.0,1219935726051.0,1691854862041.0,871224707113.0,1178824216251.0,730927466251.0,1484160161296.0,899876331275.0,1253282931296.0,1922051251296.0,0.0,0.0,0.0,0.0,0.0,0.0,0.0,0.0,0.0,0.0,0.0,0.0,0.0,0.0,0.0,0.0,0.0,0.0,0.0,0.0,0.0,0.0,0.0,0.0,0.0,0.0,0.0,0.0,0.0,0.0,0.0,0.0
2. Dự phòng giảm giá chứng khoán kinh doanh,0.0,0.0,0.0,0.0,0.0,0.0,0.0,0.0,0.0,0.0,0.0,0.0,0.0,0.0,0.0,0.0,0.0,0.0,0.0,0.0,0.0,0.0,-2960000000.0,-1700000000.0,-2480000000.0,0.0,0.0,0.0,0.0,-15606621754.0,-15606621754.0,-15750621754.0,-15750621754.0,-9405497120.0,-9405497120.0,-9405497120.0,-9405497120.0,-9405497120.0,0.0,-9405497120.0,-9405497120.0,0.0,0.0,0.0,0.0,0.0,0.0,0.0,0.0,0.0,0.0,0.0,0.0,0.0,0.0,0.0,0.0,0.0,0.0,0.0,0.0,0.0,0.0,0.0,0.0,0.0,0.0,0.0,0.0,0.0,0.0,0.0,0.0
3. Đầu tư nắm giữ đến ngày đáo hạn,0.0,0.0,0.0,0.0,0.0,0.0,0.0,0.0,0.0,0.0,0.0,0.0,0.0,0.0,0.0,0.0,0.0,0.0,0.0,0.0,0.0,0.0,0.0,0.0,0.0,0.0,0.0,0.0,0.0,0.0,0.0,0.0,0.0,0.0,0.0,0.0,0.0,0.0,0.0,0.0,0.0,2659240824447.0,2223028355804.0,2736219157412.0,2907899775232.0,3975682395024.0,4208375623745.0,3361115859529.0,3477767956792.0,4379446212073.0,4798538245584.0,4866280283759.0,5067136124622.0,5567995714107.0,5727896026412.0,5892075944888.0,6305339416212.0,6777898508889.0,6943402877397.0,8823220085750.0,9990823495588.0,12435918124269.0,14057681981618.0,15532505379957.0,16055301795066.0,20730720735456.0,21606129233008.0,21520473393082.0,20389025847693.0,13036072272619.0,13860719245281.0,20451941376989.0,19618195845890.0
III. Các khoản phải thu ngắn hạn,275855000000.0,619656000000.0,756305000000.0,1197394000000.0,1375831626884.0,1761782271607.0,1465611066630.0,1623727713214.0,1596637485043.0,1927073998607.0,2200183472387.0,2059099502537.0,1662604521522.0,2015311859868.0,1922379658828.0,1970316568310.0,2102470121896.0,2844686070396.0,2376399915502.0,2764728809536.0,3161608754942.0,3369871176185.0,3345692557036.0,3237713661002.0,3461975925083.0,3835502333309.0,3521895840476.0,3318011997655.0,3339323345207.0,3833776308379.0,3377675283779.0,3895289568307.0,4064949694207.0,4428870730921.0,4148976921805.0,4448975490126.0,4731525520763.0,5031916385084.0,4906678690700.0,5386005932759.0,5278432468253.0,5720742057077.0,4955476177915.0,5342237880620.0,5779937142113.0,6814501442288.0,5914799777521.0,6816083732791.0,7317866840669.0,6162178597688.0,5709635608502.0,5429554630371.0,5704790784580.0,6424005050090.0,5872491479218.0,6452904237544.0,6515911793608.0,6520456215584.0,6587706294394.0,5803633693745.0,5930772737994.0,6263024543620.0,6051076946319.0,6675995128182.0,6654818353847.0,6882319562187.0,7635393660172.0,7494546042666.0,8184661159428.0,8510152205706.0,9293933666296.0,9006495599449.0,9819319720327.0
1. Phải thu ngắn hạn của khách hàng,211481000000.0,478246000000.0,592088000000.0,1197394000000.0,,1510798558397.0,,,1141597282701.0,1506595308166.0,1563684573468.0,1377355948027.0,1108122019116.0,1533025120274.0,1333991752072.0,1357491712694.0,1279463774150.0,1894750205373.0,1552593208492.0,2009658507996.0,2058583356594.0,2357758344802.0,2643311762381.0,2506435944569.0,2473670518874.0,3071221994572.0,2636464946641.0,2449928450229.0,2505943014375.0,3229966309368.0,2697175378113.0,3163603461990.0,3281623747888.0,3688999298466.0,3359840501543.0,3555280762689.0,3789479550669.0,4005225417438.0,3552631091132.0,3812638923504.0,3772439435248.0,4523322427821.0,3821029937336.0,4242145217252.0,4536924741210.0,5015083511889.0,4599370823639.0,4998052898544.0,5596053916213.0,5044867856718.0,4294239451525.0,4226917957363.0,4528134142815.0,5561140201834.0,4934992791272.0,5397987665255.0,5586776779645.0,5740489120848.0,5475512786593.0,5005576254722.0,5144996812664.0,5587937422952.0,5277490091007.0,5531866163327.0,5827087167607.0,6211956510246.0,6583921977026.0,6459915737898.0,7096426530579.0,7977155596006.0,7918165205099.0,8039599843840.0,8927001832356.0
2. Trả trước cho người bán,49804000000.0,90059000000.0,122425000000.0,121923000000.0,,162542276786.0,,,292319498936.0,273934108293.0,366405451866.0,339308005915.0,328897899112.0,278495449419.0,354750950665.0,442211731412.0,615942643013.0,685105002850.0,490343803348.0,373220167410.0,511529876956.0,310671264299.0,265022624064.0,265949306549.0,450114213256.0,231893736976.0,421722604719.0,305295943287.0,306102428851.0,236795775563.0,323823713352.0,289800517767.0,315728309171.0,199630390710.0,328895497833.0,334804075137.0,413195395284.0,400189196062.0,737651388801.0,575037755766.0,564233292270.0,245703622820.0,239367055862.0,387447591247.0,517158761716.0,614622803831.0,438780412556.0,503241685841.0,509660848671.0,95942796039.0,277095606491.0,235001535974.0,244173236292.0,218427501076.0,279126435406.0,373533640166.0,398988974061.0,274825585395.0,373805877604.0,432212031129.0,464970526451.0,459336196478.0,467365468959.0,579927721506.0,338658818579.0,400846789036.0,340903447190.0,318135753388.0,378829424777.0,293039400616.0,646447723206.0,500907002679.0,419601591333.0
3. Phải thu nội bộ ngắn hạn,0.0,0.0,0.0,0.0,,0.0,,,40907380351.0,61934595671.0,11979061492.0,28204896980.0,22995439171.0,2535051010.0,105400497093.0,105629565182.0,0.0,0.0,0.0,116235027975.0,131801764636.0,0.0,0.0,0.0,242490089662.0,0.0,0.0,0.0,0.0,0.0,0.0,0.0,0.0,0.0,0.0,0.0,0.0,0.0,0.0,0.0,0.0,0.0,0.0,0.0,0.0,0.0,0.0,0.0,0.0,0.0,0.0,0.0,0.0,0.0,0.0,0.0,0.0,0.0,0.0,0.0,0.0,0.0,0.0,0.0,0.0,0.0,0.0,0.0,0.0,0.0,0.0,0.0,0.0
4. Phải thu theo tiến độ hợp đồng xây dựng,0.0,0.0,0.0,,,0.0,,,0.0,0.0,0.0,0.0,0.0,0.0,0.0,0.0,0.0,0.0,0.0,0.0,0.0,162544683726.0,151002372315.0,224836138157.0,0.0,254671794062.0,206133803552.0,264054761503.0,285036670331.0,272484692839.0,246840513598.0,275083118883.0,306654683710.0,419888616854.0,332628344349.0,403941821040.0,421606140708.0,522982860079.0,521284133084.0,701368276803.0,800538114695.0,714970338348.0,493711275286.0,458676063320.0,457237639932.0,621152412137.0,492042609637.0,411845927352.0,406532304064.0,431581193340.0,397506401676.0,320334466918.0,302501200783.0,251954356007.0,250557118894.0,270618899526.0,283478423283.0,429317958549.0,333311493155.0,276042606836.0,268083993726.0,197972680487.0,194746840384.0,204224676753.0,119879763439.0,168939964952.0,175086330906.0,182114045415.0,186100648991.0,199252243559.0,231842985934.0,227380785100.0,229678782310.0
5. Phải thu về cho vay ngắn hạn,0.0,0.0,0.0,,,0.0,,,0.0,0.0,0.0,0.0,0.0,0.0,0.0,0.0,0.0,0.0,0.0,0.0,0.0,0.0,0.0,0.0,0.0,0.0,0.0,0.0,0.0,0.0,0.0,0.0,0.0,0.0,0.0,0.0,0.0,0.0,0.0,0.0,0.0,0.0,0.0,0.0,0.0,0.0,0.0,0.0,0.0,0.0,0.0,0.0,0.0,910049188.0,925510658.0,50781019440.0,548229100.0,2717176861.0,230160921124.0,0.0,21168790.0,185532228683.0,0.0,235416520000.0,260408900000.0,34762220000.0,300496746655.0,230514320000.0,100614829000.0,882560901.0,50766311424.0,50562368657.0,50546966120.0
6. Phải thu ngắn hạn khác,14570000000.0,51351000000.0,41792000000.0,50146000000.0,,88459906424.0,,,121831793055.0,91404889561.0,263738068296.0,319250135094.0,205303756412.0,215205052831.0,140918562290.0,77681570584.0,220249053183.0,286973776910.0,356785732566.0,291431382517.0,489848153784.0,598090590474.0,348879837119.0,321906098553.0,388738000568.0,381407593823.0,372661196048.0,416969435311.0,369483155788.0,275556557815.0,307468444962.0,379680278371.0,388546404850.0,360624122843.0,380891868406.0,421434390467.0,384941410404.0,398974462553.0,349073082114.0,625476359405.0,490253102135.0,518947894270.0,691976469939.0,555974157952.0,582616034332.0,878266508809.0,545396705828.0,1095361468047.0,1023668002547.0,770305548978.0,936916307722.0,860480152541.0,874036723665.0,656239850891.0,677417672483.0,641278144375.0,543711556443.0,434621988684.0,548475210207.0,522710577339.0,529154815368.0,459208893239.0,603967552923.0,632605399042.0,629749883333.0,595810040192.0,793796862180.0,875154679446.0,1033125403561.0,741724414225.0,1194702771309.0,950333045093.0,1003092487869.0
7. Dự phòng phải thu ngắn hạn khó đòi,0.0,0.0,0.0,0.0,,-18470000.0,,,-18470000.0,-6794903084.0,-5623682735.0,-5019483479.0,-2714592289.0,-13948813666.0,-12682103292.0,-12698011562.0,-13185348450.0,-22142914737.0,-23322828904.0,-25816276362.0,-30154397028.0,-59193707116.0,-62524038843.0,-81413826826.0,-93036897277.0,-103692786124.0,-115086710484.0,-118236592675.0,-127241924138.0,-181027027206.0,-197632766246.0,-212877808704.0,-227603451412.0,-240271697952.0,-253279290326.0,-266485559207.0,-277696976302.0,-295455551048.0,-253961004431.0,-328515382719.0,-349031476095.0,-282202226182.0,-290608560508.0,-302005149151.0,-314000035077.0,-314623794378.0,-160790774139.0,-192418246993.0,-218048230826.0,-180518797387.0,-196122158912.0,-213179482425.0,-244054518975.0,-264666908906.0,-270528049495.0,-281295131218.0,-297592168924.0,-361515614753.0,-373559994289.0,-432907776281.0,-476454579005.0,-626962878219.0,-492493006954.0,-508045352446.0,-520966179111.0,-529995962239.0,-558811703785.0,-571288493481.0,-610435677480.0,-701902009601.0,-747991330676.0,-762287445920.0,-810601939661.0
IV. Tổng hàng tồn kho,124333000000.0,206909000000.0,355824000000.0,384296000000.0,594033502984.0,583961044394.0,838245475956.0,938978767209.0,892626127951.0,1377899904828.0,1392257673817.0,1748031442938.0,1800207499590.0,1278335939006.0,1428742283307.0,1636788104300.0,1624807911016.0,1560076334363.0,2134162145704.0,1854758766439.0,2097788158937.0,2438368957344.0,2462210604939.0,2124575472383.0,2725051893861.0,3265652240719.0,3361501344868.0,3069363799853.0,2622992740570.0,2706880086733.0,3007449666442.0,3007881319441.0,2838444481728.0,3382873878237.0,3510656432275.0,3575971110742.0,3982545424277.0,4572636184140.0,4837488741165.0,4810242901708.0,4738188245711.0,5278907642802.0,5088588279987.0,4693664582214.0,4465072599458.0,4532523674211.0,4835067582313.0,4178402190496.0,4394372633733.0,1002295093871.0,1181169445667.0,1276158251807.0,1545244045730.0,1340687216347.0,1465488400196.0,1508550852201.0,1425172257953.0,1284200733943.0,1209839863299.0,1300202611747.0,1295548177189.0,1290091524352.0,1638474324623.0,1849606883871.0,1955072057943.0,1507342901619.0,1841894721430.0,2207460290255.0,2188156229832.0,1965787736563.0,2085309446226.0,2028260743417.0,1757547511785.0
1. Hàng tồn kho,,,355824000000.0,384296000000.0,,583961044394.0,,,892626127951.0,1379781907563.0,1394139676552.0,1749815751932.0,1801971766721.0,1285250122727.0,1435636258620.0,1642748526493.0,1650582553990.0,1568742075340.0,2142810858613.0,1873024541492.0,2110653825358.0,2450350776695.0,2472127415605.0,2136339107009.0,2736815528487.0,3284485391182.0,3383839053363.0,3091336481620.0,2637475649762.0,2717672501225.0,3016025003643.0,3036100467433.0,2856653454123.0,3407798509666.0,3528270509274.0,3598778861526.0,4009497638751.0,4652333244983.0,4904241036142.0,4886284578114.0,4794388751194.0,5342839679944.0,5167886929063.0,4774409637783.0,4564524570864.0,4595745337778.0,4892326445708.0,4232635876808.0,4439874335978.0,1006126622804.0,1184516592782.0,1279505398922.0,1548591192845.0,1401302666378.0,1526103850227.0,1580294933153.0,1491094975154.0,1349958901393.0,1285598030749.0,1375253714502.0,1375484867442.0,1405083502315.0,1760642156640.0,1975988437987.0,2075649392742.0,1623315328554.0,1949021697571.0,2307220887489.0,2296513265409.0,2121118039562.0,2236267337224.0,2178824846894.0,1896440753051.0
2. Dự phòng giảm giá hàng tồn kho,,,0.0,0.0,,0.0,,,0.0,-1882002735.0,-1882002735.0,-1784308994.0,-1764267131.0,-6914183721.0,-6893975313.0,-5960422193.0,-25774642974.0,-8665740977.0,-8648712909.0,-18265775053.0,-12865666421.0,-11981819351.0,-9916810666.0,-11763634626.0,-11763634626.0,-18833150463.0,-22337708495.0,-21972681767.0,-14482909192.0,-10792414492.0,-8575337201.0,-28219147992.0,-18208972395.0,-24924631429.0,-17614076999.0,-22807750784.0,-26952214474.0,-79697060843.0,-66752294977.0,-76041676406.0,-56200505483.0,-63932037142.0,-79298649076.0,-80745055569.0,-99451971406.0,-63221663567.0,-57258863395.0,-54233686312.0,-45501702245.0,-3831528933.0,-3347147115.0,-3347147115.0,-3347147115.0,-60615450031.0,-60615450031.0,-71744080952.0,-65922717201.0,-65758167450.0,-75758167450.0,-75051102755.0,-79936690253.0,-114991977963.0,-122167832017.0,-126381554116.0,-120577334799.0,-115972426935.0,-107126976141.0,-99760597234.0,-108357035577.0,-155330302999.0,-150957890998.0,-150564103477.0,-138893241266.0
V. Tài sản ngắn hạn khác,6956000000.0,10618000000.0,10363000000.0,23958000000.0,68586142128.0,57620753534.0,132753949887.0,178281892046.0,133654055727.0,166326584630.0,172946053788.0,226172820349.0,192563812772.0,201773418216.0,267011348787.0,339533353887.0,276696406770.0,768583819647.0,793605081744.0,452980912131.0,461183922140.0,1136552137745.0,1157650358720.0,1118685393221.0,1162164232845.0,548583365899.0,716429279540.0,724478129680.0,782879238047.0,770100176297.0,781249322707.0,857956030586.0,870193458442.0,973237630705.0,1023998430965.0,1142543909890.0,1304991614313.0,1579589615663.0,1680752957138.0,1809497610068.0,1882526697762.0,1965780155376.0,1764615476252.0,1153711838143.0,1085431403053.0,1228704529014.0,1270746750727.0,1287356216076.0,1352810944174.0,1028437592804.0,1125890575501.0,1125847981061.0,1162339111731.0,1114432004386.0,1174435432461.0,915066672199.0,955133981878.0,997870072369.0,945030511634.0,867227145461.0,949407713265.0,934444320872.0,995606087754.0,597345121687.0,543530084801.0,578555687236.0,708092273105.0,717276380694.0,770339782743.0,981735303676.0,995105902574.0,1035254520683.0,1183255126184.0
1. Chi phí trả trước ngắn hạn,,,0.0,,,15336700225.0,,,26739943572.0,34631666257.0,29014776687.0,43333459805.0,34427696017.0,40333715778.0,52944887827.0,68085857472.0,42184313833.0,94162372035.0,100976192188.0,91455794290.0,92959827076.0,75741310600.0,82381696750.0,78604389586.0,89970816606.0,85587721116.0,95406394744.0,110417738398.0,112260419226.0,114530446202.0,123405716475.0,136722822364.0,158405211603.0,178529969119.0,195570589347.0,253751390550.0,420382532436.0,592435044749.0,626618116828.0,686789378296.0,708889715131.0,841035070964.0,751323579952.0,743512083028.0,674460444070.0,702763037416.0,762101695894.0,811372551157.0,854958251653.0,759958005740.0,879062494371.0,940997401052.0,975412895475.0,960963814812.0,1014072327438.0,737160640080.0,754311711208.0,694014932979.0,736072415840.0,648377095553.0,657711658110.0,620955206480.0,670749876274.0,334612045870.0,276299347871.0,290950472969.0,394619151977.0,397223198101.0,427201606844.0,409346699247.0,503245874090.0,516741835533.0,629748166454.0
2. Thuế giá trị gia tăng được khấu trừ,,,0.0,,,0.0,,,77803164869.0,130809485421.0,142240898779.0,161048420525.0,140605778613.0,143456784902.0,152047757091.0,186999269705.0,194364306132.0,209325081214.0,266037620568.0,288158716278.0,307569394185.0,310416905882.0,322477093640.0,282301428967.0,325199245786.0,398463044483.0,439848064438.0,529226113770.0,560026625492.0,621883774582.0,616464492514.0,668235619563.0,667442176882.0,757073611102.0,778715704056.0,826832399601.0,820779020481.0,921625024678.0,974306362930.0,987324750850.0,1063082406624.0,1104305492380.0,989512419762.0,386652180577.0,290490561487.0,402919823734.0,382252684590.0,358586393835.0,383579022032.0,156736254187.0,151913612547.0,147367655647.0,167530162696.0,138812602015.0,143417512671.0,125997016773.0,119707330514.0,175754512449.0,184878995972.0,176651765342.0,226543345349.0,268314490280.0,250943710339.0,240684478781.0,243800135652.0,256103808848.0,271297039032.0,299774201930.0,323529979594.0,385749208732.0,405706257428.0,477098404828.0,506465099172.0
3. Thuế và các khoản phải thu Nhà nước,,,0.0,,,40847030780.0,,,877404998.0,742752.0,0.0,0.0,0.0,0.0,0.0,0.0,0.0,12484036594.0,5995431079.0,13691842430.0,2312749659.0,3602881173.0,9142185395.0,7311033719.0,447595129.0,38095433386.0,24787177470.0,15214903433.0,11622502103.0,11090457959.0,11246620760.0,10250884895.0,10545861299.0,10025030013.0,10073920567.0,11330025833.0,12039414805.0,33743686340.0,46960819916.0,19969088786.0,13681331246.0,20439592032.0,23779476538.0,23547574538.0,120480397496.0,123021667864.0,126392370243.0,117397271084.0,114273670489.0,111743332877.0,94914468583.0,37482924362.0,19396053560.0,14655587559.0,16945592352.0,51909015346.0,81114940156.0,128100626941.0,24079099822.0,42198284566.0,65152709806.0,45174624112.0,73912501141.0,22048597036.0,23430601278.0,31501405419.0,42176082096.0,20278980663.0,19608196305.0,186639395697.0,86153771056.0,41414280322.0,47041860558.0
4. Giao dịch mua bán lại trái phiếu chính phủ,,,0.0,,,0.0,,,0.0,0.0,0.0,0.0,0.0,0.0,0.0,0.0,0.0,0.0,0.0,0.0,0.0,0.0,0.0,0.0,0.0,0.0,0.0,0.0,0.0,0.0,0.0,0.0,0.0,0.0,0.0,0.0,0.0,0.0,0.0,0.0,0.0,0.0,0.0,0.0,0.0,0.0,0.0,0.0,0.0,0.0,0.0,0.0,0.0,0.0,0.0,0.0,0.0,0.0,0.0,0.0,0.0,0.0,0.0,0.0,0.0,0.0,0.0,0.0,0.0,0.0,0.0,0.0,0.0
5. Tài sản ngắn hạn khác,,,10363000000.0,,,1437022529.0,,,28233542288.0,884690200.0,1690378322.0,21790940019.0,17530338142.0,17982917536.0,62018703869.0,84448226710.0,40147786805.0,452612329804.0,420595837909.0,59674559133.0,58341951220.0,746791040090.0,743649382935.0,750468540949.0,746546575324.0,26437166914.0,156387642888.0,69619374079.0,98969691226.0,22595497554.0,30132492958.0,42746703764.0,33800208658.0,27609020471.0,39638216995.0,50630093906.0,51790646591.0,31785859896.0,32867657464.0,115414392136.0,96873244761.0,0.0,0.0,0.0,0.0,0.0,0.0,0.0,0.0,0.0,0.0,0.0,0.0,0.0,0.0,0.0,0.0,0.0,0.0,0.0,0.0,0.0,0.0,0.0,0.0,0.0,0.0,0.0,0.0,0.0,0.0,0.0,0.0
B. Tài sản cố định và đầu tư dài hạn,40517000000.0,62094000000.0,88532000000.0,198771000000.0,294999677944.0,335049982851.0,361205829428.0,446472993927.0,630562062143.0,979465006879.0,1230974405908.0,1373160968958.0,1388192285670.0,1402306271024.0,1435541483453.0,1522387349536.0,1654159932597.0,2541576050938.0,2762359278030.0,3021944841180.0,3263555925917.0,3673140870980.0,3426790153978.0,3428267771597.0,3523555591036.0,3614584884795.0,3615992189026.0,3617051481112.0,3654039608700.0,3988283980154.0,4152376684146.0,4249318985038.0,4439276954827.0,4663305002078.0,4777748478667.0,5037030653242.0,5098384624455.0,5697774385605.0,5886209643197.0,6340841830217.0,6849675532914.0,6773824789253.0,7233794788358.0,7543128306562.0,7484135769767.0,7830410830267.0,7739026250158.0,7824884427174.0,7926685854116.0,8972219294530.0,9119541571431.0,9528214377917.0,10619213737485.0,11352494084645.0,11829804916473.0,12526152004775.0,13844914861433.0,14620661733724.0,14839183674775.0,14938070369160.0,15284122357685.0,16141090782024.0,16568753168985.0,17346167199680.0,17589371624276.0,18579859430879.0,18983948809040.0,19135844889005.0,19857626692533.0,20721483952116.0,21216668704842.0,21765967171287.0,22580733074663.0
I. Các khoản phải thu dài hạn,,,0.0,194000000.0,0.0,100000000.0,100000000.0,0.0,0.0,5893620000.0,6240209830.0,6131016930.0,6103624830.0,6229624830.0,5254965860.0,126000000.0,126000000.0,771788810.0,939074250.0,1321289902.0,126000000.0,376000000.0,1673278786.0,376000000.0,376000000.0,1028639950.0,1028639950.0,1028639950.0,1028639950.0,1434084775.0,1245084775.0,1245084775.0,1235264525.0,1212664525.0,1109764526.0,1109764525.0,1109764525.0,0.0,13420067023.0,0.0,0.0,114739263408.0,354892184813.0,364224312786.0,343908769069.0,341282646583.0,386010703491.0,310414772418.0,319077395388.0,242466039605.0,247216967692.0,246396148990.0,254769962478.0,109788240926.0,126032832385.0,114090708904.0,249946553286.0,221517306313.0,331255073782.0,348427785518.0,371632861351.0,242872863326.0,245989451844.0,326698907178.0,168588399483.0,167244119883.0,187691154423.0,177183560180.0,198477998944.0,225090876189.0,223260548278.0,228789446693.0,237407427718.0
1. Phải thu dài hạn của khách hàng,,,0.0,,0.0,0.0,,0.0,0.0,0.0,0.0,0.0,0.0,0.0,0.0,0.0,0.0,0.0,0.0,0.0,0.0,0.0,0.0,0.0,0.0,0.0,0.0,0.0,0.0,0.0,0.0,0.0,0.0,0.0,0.0,0.0,0.0,0.0,2937569818.0,0.0,0.0,0.0,242327520000.0,242327520000.0,242327520000.0,242327520000.0,242327520000.0,161551680000.0,161551680000.0,161551680000.0,161551680000.0,161551680000.0,161551680000.0,0.0,0.0,0.0,0.0,0.0,0.0,0.0,0.0,0.0,0.0,0.0,0.0,0.0,0.0,0.0,0.0,0.0,0.0,0.0,0.0
2. Vốn kinh doanh tại các đơn vị trực thuộc,,,0.0,,0.0,0.0,,0.0,0.0,0.0,0.0,0.0,0.0,0.0,0.0,0.0,0.0,0.0,0.0,0.0,0.0,0.0,0.0,0.0,0.0,0.0,0.0,0.0,0.0,0.0,0.0,0.0,0.0,0.0,0.0,0.0,0.0,0.0,0.0,0.0,0.0,0.0,0.0,0.0,0.0,0.0,0.0,0.0,0.0,0.0,0.0,0.0,0.0,0.0,0.0,0.0,0.0,0.0,0.0,0.0,0.0,0.0,0.0,0.0,0.0,0.0,0.0,0.0,0.0,0.0,0.0,0.0,0.0
3. Phải thu dài hạn nội bộ,,,0.0,,0.0,0.0,,0.0,0.0,0.0,0.0,0.0,0.0,0.0,0.0,0.0,0.0,0.0,0.0,0.0,0.0,0.0,0.0,0.0,0.0,0.0,0.0,0.0,0.0,0.0,0.0,0.0,0.0,0.0,0.0,0.0,0.0,0.0,0.0,0.0,0.0,0.0,0.0,0.0,0.0,0.0,0.0,0.0,0.0,0.0,0.0,0.0,0.0,0.0,0.0,0.0,0.0,0.0,0.0,0.0,0.0,0.0,0.0,0.0,0.0,0.0,0.0,0.0,0.0,0.0,0.0,0.0,0.0
4. Phải thu về cho vay dài hạn,,,0.0,,0.0,0.0,,0.0,0.0,0.0,0.0,0.0,0.0,0.0,0.0,0.0,0.0,0.0,0.0,0.0,0.0,0.0,0.0,0.0,0.0,0.0,0.0,0.0,0.0,0.0,0.0,0.0,0.0,0.0,0.0,0.0,0.0,0.0,0.0,0.0,0.0,0.0,0.0,0.0,0.0,0.0,0.0,0.0,0.0,0.0,0.0,0.0,0.0,392794707.0,79230652.0,0.0,27000000000.0,427917600.0,84637936400.0,91148113400.0,91149360800.0,93992225574.0,93568407678.0,93335081908.0,2574676673.0,2268758773.0,1843371213.0,1505789237.0,1291670151.0,1189922137.0,1002905644.0,729134337.0,582878037.0
5. Phải thu dài hạn khác,,,0.0,,0.0,100000000.0,,0.0,0.0,5893620000.0,6240209830.0,6131016930.0,6103624830.0,6229624830.0,5254965860.0,126000000.0,126000000.0,788823810.0,956109250.0,1321289902.0,126000000.0,376000000.0,1673278786.0,376000000.0,376000000.0,1028639950.0,1028639950.0,1028639950.0,1028639950.0,1434084775.0,1245084775.0,1245084775.0,1235264525.0,1212664525.0,1109764526.0,1109764525.0,1109764525.0,0.0,65024149455.0,0.0,0.0,168590091636.0,166415493041.0,175747621014.0,155282077297.0,152655954811.0,197384011719.0,202563920646.0,211226543616.0,135643533423.0,140394461510.0,139573642808.0,147947456296.0,164124620037.0,180682775551.0,168819882722.0,277675727104.0,275818562531.0,301346311200.0,312008845936.0,335212674369.0,203609811570.0,207150217984.0,288092999088.0,220742896628.0,219704534928.0,240576957028.0,228050253580.0,249558811430.0,276273436689.0,274630125271.0,280432794993.0,289197032318.0
6. Dự phòng phải thu dài hạn khó đòi,,,0.0,,0.0,0.0,,0.0,0.0,0.0,0.0,0.0,0.0,0.0,0.0,0.0,0.0,-17035000.0,-17035000.0,0.0,0.0,0.0,0.0,0.0,0.0,0.0,0.0,0.0,0.0,0.0,0.0,0.0,0.0,0.0,0.0,0.0,0.0,0.0,-54541652250.0,0.0,0.0,-53850828228.0,-53850828228.0,-53850828228.0,-53700828228.0,-53700828228.0,-53700828228.0,-53700828228.0,-53700828228.0,-54729173818.0,-54729173818.0,-54729173818.0,-54729173818.0,-54729173818.0,-54729173818.0,-54729173818.0,-54729173818.0,-54729173818.0,-54729173818.0,-54729173818.0,-54729173818.0,-54729173818.0,-54729173818.0,-54729173818.0,-54729173818.0,-54729173818.0,-54729173818.0,-52372482637.0,-52372482637.0,-52372482637.0,-52372482637.0,-52372482637.0,-52372482637.0
II. Tài sản cố định,,,74636000000.0,157575000000.0,236550461507.0,262959434474.0,267358000638.0,292948365030.0,379226675880.0,598201183566.0,627822799561.0,722368176478.0,686938729011.0,690300353282.0,716828224777.0,735509767299.0,797221881730.0,941546623842.0,1158519138439.0,1496307956348.0,1619841694640.0,1715952304456.0,1649093855974.0,1721820956983.0,1724271446020.0,1762873766902.0,1716236240115.0,1816996070733.0,1801055022534.0,2076665571110.0,2193553278647.0,2259301890665.0,2364076633033.0,2514473113317.0,2587606222522.0,2879983251745.0,2785315293000.0,3300546513939.0,3456501079353.0,3878758535666.0,4229965401955.0,4331209412185.0,4386355015955.0,4485984585934.0,4472559218947.0,4581152271885.0,4472327146696.0,4750596377970.0,4905909566853.0,5264443175635.0,5189934475460.0,5418766783628.0,5601853847035.0,6513735578258.0,6690492920734.0,6913929593779.0,7184933236936.0,7491241713294.0,7331928850009.0,7365996280591.0,7238790571133.0,8317998687965.0,8373230770473.0,8292676926263.0,8442954951887.0,10398841278372.0,10565697032867.0,10634895059784.0,11384340094228.0,12032914964907.0,11983455355040.0,12232267027235.0,13261738918834.0
1. Tài sản cố định hữu hình,,,74636000000.0,157575000000.0,220376049813.0,247020707565.0,248458659524.0,269865238410.0,345207953542.0,563630131074.0,593457212465.0,682073314115.0,652074908440.0,649811130074.0,672375722997.0,688969307409.0,751838437870.0,889290386319.0,932375159488.0,1260046119458.0,1388104816933.0,1470225664725.0,1401387196514.0,1455208103373.0,1452706376521.0,1489990844397.0,1442851847144.0,1551623907023.0,1521166757306.0,1806909797593.0,1927558720975.0,1993873825909.0,2095842103988.0,2263586993603.0,2318302259026.0,2606239317936.0,2519602194386.0,2998002341729.0,3156778728319.0,3574444239375.0,3937577119631.0,4010358393448.0,4079925527837.0,4182577930935.0,4165015465973.0,4122467667043.0,4053194361429.0,4347930503809.0,4312300652250.0,4602651213247.0,4541394101405.0,4583203024348.0,4775652459126.0,5207125950106.0,5371955089509.0,5624076548664.0,5921194339384.0,6294464984187.0,6167742785461.0,6222257491428.0,6134425748719.0,7219727606116.0,7285925964352.0,7225475515955.0,7360311588243.0,9260938430651.0,9444684229515.0,9515909907091.0,10171786476096.0,10714231138520.0,10712640558475.0,11033012522093.0,12077071951731.0
Nguyên giá,,,150432000000.0,275907000000.0,400773574250.0,451624514771.0,486672596423.0,538956526169.0,642395439880.0,896152857335.0,987332296471.0,1125146663359.0,1121452280617.0,1159059731729.0,1232587404551.0,1300436517468.0,1415438452554.0,1588193647857.0,1705579997477.0,2100209831629.0,2287151021572.0,2434077361496.0,2419017573842.0,2546275195616.0,2599776479399.0,2677614497404.0,2717559424702.0,2970277888298.0,2930961814825.0,3396114230189.0,3591521221598.0,3664995682633.0,3857584415002.0,4133884628323.0,4301942634307.0,4694085364400.0,4501596948310.0,5352532953679.0,5651006884614.0,6202769380268.0,6670238211024.0,6975640312089.0,7229372792110.0,7519989904869.0,7732731625188.0,7923148003085.0,8043319197008.0,7671584511049.0,7837866756569.0,8279171828874.0,8419195875081.0,8604654317375.0,8812874138516.0,9471378508230.0,9760946598330.0,10210508880253.0,10758325050019.0,11268316517338.0,11293649423849.0,11608745950288.0,11778831504074.0,12945762081818.0,13288879353251.0,13534712119585.0,13976823237129.0,16080827716168.0,16618965796943.0,17040369238508.0,18073106369201.0,19007982397113.0,19440703827238.0,20142862455487.0,21616988146434.0
Giá trị hao mòn lũy kế,,,-75796000000.0,-118332000000.0,-180397524437.0,-204603807206.0,-238213936899.0,-269091287759.0,-297187486338.0,-332522726261.0,-393875084006.0,-443073349244.0,-469377372177.0,-509248601655.0,-560211681554.0,-611467210059.0,-663600014684.0,-698903261538.0,-773204837989.0,-840163712171.0,-899046204639.0,-963851696771.0,-1017630377328.0,-1091067092243.0,-1147070102878.0,-1187623653007.0,-1274707577558.0,-1418653981275.0,-1409795057519.0,-1589204432596.0,-1663962500623.0,-1671121856724.0,-1761742311014.0,-1870297634720.0,-1983640375281.0,-2087846046464.0,-1981994753924.0,-2354530611950.0,-2494228156295.0,-2628325140893.0,-2732661091393.0,-2965281918641.0,-3149447264273.0,-3337411973934.0,-3567716159215.0,-3800680336042.0,-3990124835579.0,-3323654007240.0,-3525566104319.0,-3676520615627.0,-3877801773676.0,-4021451293027.0,-4037221679390.0,-4264252558124.0,-4388991508821.0,-4586432331589.0,-4837130710635.0,-4973851533151.0,-5125906638388.0,-5386488458860.0,-5644405755355.0,-5726034475702.0,-6002953388899.0,-6309236603630.0,-6616511648886.0,-6819889285517.0,-7174281567428.0,-7524459331417.0,-7901319893105.0,-8293751258593.0,-8728063268763.0,-9109849933394.0,-9539916194703.0
2. Tài sản cố định thuê tài chính,,,0.0,0.0,0.0,0.0,0.0,0.0,0.0,0.0,0.0,0.0,176397140.0,182883070.0,161241278.0,159601016.0,158894065.0,146539767.0,265728940.0,325624621.0,325921750.0,730633347.0,690836108.0,655395177.0,635901576.0,595836958.0,540048491.0,510547733.0,724229980.0,645973398.0,582473293.0,264516657.0,244884619.0,545870029.0,521235948.0,968057029.0,841256821.0,740441475.0,1746009518.0,1633004965.0,1838546670.0,1737003927.0,2402260491.0,2692353405.0,2596467368.0,2463716693.0,2804850161.0,2978733181.0,3571371949.0,3656116414.0,3495231807.0,3177674790.0,2916435006.0,3024593397.0,2332698128.0,2482141875.0,3177472561.0,2845085816.0,2417060648.0,2122993365.0,3088289171.0,2902077617.0,2528271864.0,2823139478.0,2559686397.0,4842789874.0,4272874821.0,32931396849.0,30360484766.0,31623636433.0,29262160342.0,2911315411.0,2663721541.0
Nguyên giá,,,0.0,0.0,0.0,0.0,0.0,0.0,0.0,0.0,0.0,0.0,182479800.0,211018897.0,197438259.0,208175180.0,221712568.0,219809549.0,357818686.0,442555431.0,475643528.0,927323115.0,924188960.0,928556557.0,966227088.0,965721579.0,925017994.0,948878019.0,1256589785.0,1172124293.0,866885421.0,307363915.0,309629182.0,794460808.0,686680240.0,1111399441.0,1023945231.0,958946192.0,2063328969.0,2048460190.0,2152427265.0,2400601505.0,3253550712.0,3558035672.0,3878454992.0,3446506943.0,4133528476.0,3685135675.0,4434648484.0,4702426443.0,4877814576.0,4777471909.0,4748885916.0,5208542803.0,5185644839.0,5306406073.0,6055465444.0,6057653223.0,5542367338.0,5410838484.0,5946929654.0,6031445271.0,5758380238.0,6266133543.0,5910495247.0,8002891607.0,7678966061.0,51051242343.0,52002232997.0,54439419528.0,54177548964.0,6789629164.0,6251200148.0
Giá trị hao mòn lũy kế,,,0.0,0.0,0.0,0.0,0.0,0.0,0.0,0.0,0.0,0.0,-6082660.0,-28135827.0,-36196981.0,-48574164.0,-62818503.0,-73269782.0,-92089746.0,-116930810.0,-149721778.0,-196689768.0,-233352852.0,-273161380.0,-330325512.0,-369884621.0,-384969503.0,-438330286.0,-532359805.0,-526150895.0,-284412128.0,-42847258.0,-64744563.0,-248590779.0,-165444292.0,-143342412.0,-182688410.0,-218504717.0,-317319451.0,-415455225.0,-313880595.0,-663597578.0,-851290221.0,-865682267.0,-1281987624.0,-982790250.0,-1328678315.0,-706402494.0,-863276535.0,-1046310029.0,-1382582769.0,-1599797119.0,-1832450910.0,-2183949406.0,-2852946711.0,-2824264198.0,-2877992883.0,-3212567407.0,-3125306690.0,-3287845119.0,-2858640483.0,-3129367654.0,-3230108374.0,-3442994065.0,-3350808850.0,-3160101733.0,-3406091240.0,-18119845494.0,-21641748231.0,-22815783095.0,-24915388622.0,-3878313753.0,-3587478607.0
3. Tài sản cố định vô hình,,,0.0,0.0,16174411694.0,15938726909.0,18899341114.0,23083126620.0,34018722338.0,34571052492.0,34365587096.0,40294862363.0,34687423431.0,40306340138.0,44291260502.0,46380858874.0,45224549795.0,52109697756.0,225878250011.0,235936212269.0,231410955957.0,244996006384.0,247015823352.0,265957458433.0,270929167923.0,272287085547.0,272844344480.0,264861615977.0,279164035248.0,269109800119.0,265412084379.0,265163548099.0,267989644426.0,250340249685.0,268782727548.0,272775876780.0,264871841793.0,301803730735.0,297976341516.0,302681291326.0,290549735654.0,319114014810.0,304027227627.0,300714301594.0,304947285606.0,456220888149.0,416327935106.0,399687140980.0,590037542654.0,658135845974.0,645045142248.0,832386084490.0,823284952903.0,1303585034755.0,1316205133097.0,1287370903240.0,1260561424991.0,1193931643291.0,1161769003900.0,1141615795798.0,1101276533243.0,1095369004232.0,1084776534257.0,1064378270830.0,1080083677247.0,1133060057847.0,1116739928531.0,1086053755844.0,1182193133366.0,1287060189954.0,1241552636223.0,1196343189731.0,1182003245562.0
Nguyên giá,,,0.0,0.0,20195047908.0,25682092625.0,31089848300.0,37834131714.0,47214924492.0,51418294265.0,54498555032.0,64485096073.0,62790117477.0,73144299136.0,81929122456.0,94957468122.0,99334786400.0,111545021013.0,287310223558.0,305906615090.0,308948493916.0,330556543243.0,341441824421.0,369498593725.0,383231765942.0,394034402615.0,402037002384.0,405930710343.0,430600676807.0,432866818574.0,438589769817.0,448920647048.0,462993877207.0,455514990082.0,486216585787.0,498949629279.0,498423648644.0,529387560020.0,540902166924.0,559832915850.0,565534238054.0,610345105736.0,614207569247.0,630340948748.0,654256980307.0,821227956626.0,804948429803.0,812311068186.0,1027305278148.0,1117419385566.0,1136457956217.0,1358444973347.0,1385727804951.0,1915362421263.0,1959468019972.0,1978393112992.0,1999727088005.0,1961932978088.0,1970828114897.0,1996980044176.0,1997678395625.0,2036967631495.0,2068303271666.0,2088341474878.0,2146287701198.0,2249106647011.0,2222310281274.0,2239012640597.0,2379486390828.0,2547883324785.0,2562391924094.0,2575691863740.0,2469668694327.0
Giá trị hao mòn lũy kế,,,0.0,0.0,-4020636214.0,-9743365716.0,-12190507186.0,-14751005094.0,-13196202154.0,-16847241773.0,-20132967936.0,-24190233710.0,-28102694046.0,-32837958998.0,-37637861954.0,-48576609248.0,-54110236605.0,-59435323257.0,-61431973547.0,-69970402821.0,-77537537959.0,-85560536859.0,-94426001069.0,-103541135292.0,-112302598019.0,-121747317068.0,-129192657904.0,-141069094366.0,-151436641559.0,-163757018455.0,-173177685438.0,-183757098949.0,-195004232781.0,-205174740397.0,-217433858239.0,-226173752499.0,-233551806851.0,-227583829285.0,-242925825408.0,-257151624524.0,-274984502400.0,-291231090926.0,-310180341620.0,-329626647154.0,-349309694701.0,-365007068477.0,-388620494697.0,-412623927206.0,-437267735494.0,-459283539592.0,-491412813969.0,-526058888857.0,-562442852048.0,-611777386508.0,-643262886875.0,-691022209752.0,-739165663014.0,-768001334797.0,-809059110997.0,-855364248378.0,-896401862382.0,-941598627263.0,-983526737409.0,-1023963204048.0,-1066204023951.0,-1116046589164.0,-1105570352743.0,-1152958884753.0,-1197293257462.0,-1260823134831.0,-1320839287871.0,-1379348674009.0,-1287665448765.0
III. Bất động sản đầu tư,,,0.0,0.0,0.0,0.0,0.0,0.0,0.0,0.0,0.0,0.0,0.0,0.0,0.0,0.0,0.0,0.0,0.0,0.0,0.0,0.0,0.0,0.0,0.0,0.0,0.0,0.0,0.0,0.0,0.0,0.0,0.0,0.0,0.0,0.0,0.0,0.0,0.0,0.0,0.0,0.0,0.0,0.0,0.0,0.0,0.0,0.0,0.0,0.0,0.0,0.0,0.0,0.0,0.0,0.0,0.0,0.0,0.0,0.0,0.0,0.0,0.0,0.0,0.0,0.0,0.0,0.0,0.0,0.0,0.0,0.0,0.0
Nguyên giá,,,0.0,0.0,0.0,0.0,0.0,0.0,0.0,0.0,0.0,0.0,0.0,0.0,0.0,0.0,0.0,0.0,0.0,0.0,0.0,0.0,0.0,0.0,0.0,0.0,0.0,0.0,0.0,0.0,0.0,0.0,0.0,0.0,0.0,0.0,0.0,0.0,0.0,0.0,0.0,0.0,0.0,0.0,0.0,0.0,0.0,0.0,0.0,0.0,0.0,0.0,0.0,0.0,0.0,0.0,0.0,0.0,0.0,0.0,0.0,0.0,0.0,0.0,0.0,0.0,0.0,0.0,0.0,0.0,0.0,0.0,0.0
Giá trị hao mòn lũy kế,,,0.0,0.0,0.0,0.0,0.0,0.0,0.0,0.0,0.0,0.0,0.0,0.0,0.0,0.0,0.0,0.0,0.0,0.0,0.0,0.0,0.0,0.0,0.0,0.0,0.0,0.0,0.0,0.0,0.0,0.0,0.0,0.0,0.0,0.0,0.0,0.0,0.0,0.0,0.0,0.0,0.0,0.0,0.0,0.0,0.0,0.0,0.0,0.0,0.0,0.0,0.0,0.0,0.0,0.0,0.0,0.0,0.0,0.0,0.0,0.0,0.0,0.0,0.0,0.0,0.0,0.0,0.0,0.0,0.0,0.0,0.0
IV. Tài sản dở dang dài hạn,,,0.0,8144000000.0,17460701745.0,36564829276.0,56679209004.0,65173808823.0,113754307434.0,8203206064.0,15336690656.0,26248287297.0,33019151150.0,41657135543.0,213092229047.0,247801402379.0,282890207186.0,382945644656.0,408472888138.0,381478233945.0,405959788376.0,322496474075.0,380849284192.0,296129287250.0,366576426106.0,423085256440.0,443462871050.0,352562552619.0,400619250384.0,540996358701.0,551241593554.0,539051292757.0,575544783384.0,539102696803.0,571355806826.0,485000121306.0,563585951631.0,537241674698.0,536053403893.0,500322434680.0,547824777839.0,630307838143.0,776607169643.0,882477803298.0,924041795669.0,1005625686037.0,1016579242162.0,926793238354.0,836963883156.0,805559896217.0,970306572989.0,975399987091.0,1114004513698.0,1174778083753.0,1370823988622.0,1441726753683.0,1780992485408.0,1650470873492.0,2012880105534.0,2233265003791.0,2619085803954.0,2373393296565.0,2519515958397.0,2750511035739.0,2775668094067.0,1292046691473.0,1191129843047.0,1398360432350.0,955409408475.0,1062188521735.0,1240583037748.0,1758055535618.0,1328956674102.0
"1. Chi phí sản xuất, kinh doanh dở dang dài hạn",,,0.0,,,,,,,,,,,,,,,,,,,,,,,,,,,,,,,,,,,,,0.0,0.0,0.0,14158968733.0,14160749733.0,14164294633.0,14238138008.0,50203400168.0,77732439710.0,100306131140.0,0.0,0.0,0.0,0.0,0.0,0.0,0.0,0.0,0.0,0.0,0.0,0.0,0.0,0.0,0.0,0.0,0.0,0.0,0.0,0.0,0.0,0.0,0.0,0.0
2. chi phí xây dựng cơ bản dở dang,,,0.0,,,,,,,,,,,,,,,,,,,,,,,,,,,,,,,,,,,,,500322434680.0,547824777839.0,630307838143.0,762448200910.0,868317053565.0,909877501036.0,991387548029.0,966375841994.0,849060798644.0,736657752016.0,805559896217.0,970306572989.0,975399987091.0,1114004513698.0,1174778083753.0,1370823988622.0,1441726753683.0,1780992485408.0,1650470873492.0,2012880105534.0,2233265003791.0,2619085803954.0,2373393296565.0,2519515958397.0,2750511035739.0,2775668094067.0,1292046691473.0,1191129843047.0,1398360432350.0,955409408475.0,1062188521735.0,1240583037748.0,1758055535618.0,1328956674102.0
V. Các khoản đầu tư tài chính dài hạn,3790000000.0,3906000000.0,5465000000.0,1296000000.0,21942012500.0,13327507500.0,17795852500.0,67795852500.0,113695852500.0,329695852500.0,341194096266.0,331513572696.0,338602630254.0,309487711986.0,294110710464.0,331116289663.0,332200918169.0,913208411681.0,1001276118229.0,758822491063.0,782868371027.0,1331933383130.0,899667079623.0,901655446495.0,901201752898.0,885742270022.0,861563271369.0,844588963505.0,842518748929.0,696635615937.0,710413686063.0,710763989062.0,713765714819.0,706727341936.0,713957792446.0,712241860447.0,716721207686.0,796508947185.0,798044036973.0,787760786572.0,785343869533.0,689880790536.0,687941279267.0,739068597834.0,747707523862.0,805462009802.0,814313827706.0,795947354919.0,785373395694.0,1787122979757.0,1850084969756.0,1925316091686.0,2000007909095.0,2202466649730.0,2289488224664.0,2347928008422.0,2479487378717.0,2496552054487.0,2579220701049.0,2451568314545.0,2529556438447.0,2605504854052.0,2804530745720.0,2649059504770.0,2754826446669.0,3100458973524.0,3311117191071.0,3130048656693.0,3360604292956.0,3251688307364.0,3257209895051.0,3045169826409.0,3223296628954.0
1. Đầu tư vào công ty con,,,0.0,,0.0,0.0,,,0.0,0.0,0.0,0.0,0.0,0.0,0.0,0.0,0.0,0.0,0.0,0.0,0.0,0.0,0.0,0.0,0.0,0.0,0.0,0.0,0.0,0.0,0.0,0.0,0.0,0.0,0.0,0.0,0.0,0.0,0.0,0.0,0.0,0.0,0.0,0.0,0.0,0.0,0.0,0.0,0.0,0.0,0.0,0.0,0.0,0.0,0.0,0.0,0.0,0.0,0.0,0.0,0.0,0.0,0.0,0.0,0.0,0.0,0.0,0.0,0.0,0.0,0.0,0.0,0.0
"2. Đầu tư vào công ty liên kết, liên doanh",,,0.0,,0.0,1327507500.0,,,97195852500.0,307195852500.0,298078143766.0,285397620196.0,292086677754.0,262971759486.0,247594757964.0,260770672030.0,277462965669.0,379652376990.0,477801588288.0,503938368709.0,528016406122.0,715360291512.0,724205438072.0,716514190517.0,739046950578.0,718460936806.0,222023682495.0,223885671395.0,225044121840.0,210440925092.0,210049184562.0,215394259412.0,218723297308.0,225525036285.0,233663968770.0,232339447429.0,240222425545.0,251078173391.0,258318068882.0,258035878013.0,264108180665.0,271434002319.0,276850648326.0,276930524506.0,283225326745.0,289799251298.0,299993063403.0,301502449387.0,306433317342.0,1337458410712.0,1411807900711.0,1498426522640.0,1584505840050.0,1676231689527.0,1722401264461.0,1783341048219.0,1880920418514.0,1912712694571.0,1976755263785.0,1890355276994.0,1910490057651.0,1980817143237.0,2112400428879.0,1968017053885.0,1666577112307.0,2016470719587.0,2226875313670.0,2010791791855.0,2110592135654.0,2206534387270.0,2251512534598.0,1962107657781.0,2012251531833.0
3. Đầu tư khác vào công cụ vốn,,,5465000000.0,,0.0,12000000000.0,,,16500000000.0,22500000000.0,44295852500.0,47295852500.0,47695852500.0,47695852500.0,47695852500.0,71525517633.0,55917852500.0,559888966270.0,555171316270.0,262384891300.0,265354891300.0,628815829630.0,196586891300.0,201209852500.0,178652652500.0,186576652500.0,654681421546.0,656100921546.0,656531174209.0,663707798631.0,663401022090.0,663508051604.0,663475119446.0,663468944666.0,662559886406.0,662196137428.0,658779251996.0,703175738859.0,698151894475.0,695254807470.0,695530614297.0,610236272675.0,586335847019.0,653932954088.0,683430917721.0,756802393141.0,752562393141.0,751374260102.0,749270143582.0,749259852282.0,749294842700.0,749364823537.0,749521251289.0,793360844792.0,824643994517.0,847143994517.0,893623994517.0,893623994517.0,912250071864.0,865250071864.0,922165806267.0,927787136286.0,1202989742312.0,1344680826356.0,1797807709833.0,1931006629408.0,1965581621372.0,1997596608809.0,2261588722773.0,2386837295565.0,2364550933343.0,2432093749312.0,2562675236710.0
4. Dự phòng giảm giá đầu tư tài chính dài hạn,,,0.0,,0.0,0.0,,,0.0,0.0,-1179900000.0,-1179900000.0,-1179900000.0,-1179900000.0,-1179900000.0,-1179900000.0,-1179900000.0,-26332931579.0,-31696786329.0,-7500768946.0,-10502926395.0,-12242738012.0,-21125249749.0,-16068596522.0,-16497850180.0,-19295319284.0,-15141832672.0,-35397629436.0,-39056547120.0,-177513107786.0,-163036520589.0,-168138321954.0,-168432701935.0,-182266639015.0,-182266062730.0,-182293724410.0,-182280469855.0,-157744965065.0,-158425926384.0,-165529898911.0,-174294925429.0,-191789484458.0,-175245216078.0,-191794880760.0,-218948720604.0,-241923675167.0,-238241628838.0,-256929354570.0,-275454894270.0,-299595283237.0,-311017773655.0,-322475254491.0,-334019182244.0,-267125884589.0,-257557034314.0,-282557034314.0,-295057034314.0,-309784634601.0,-309784634600.0,-304037034313.0,-303299425471.0,-303299425471.0,-511059425471.0,-663838375471.0,-709758375471.0,-847218375471.0,-881583375471.0,-881583375471.0,-1024083375471.0,-1351883375471.0,-1379053572890.0,-1369231580684.0,-1371830139589.0
5. Đầu tư nắm giữ đến ngày đáo hạn,,,0.0,,,0.0,,,0.0,0.0,0.0,0.0,0.0,0.0,0.0,0.0,0.0,0.0,0.0,0.0,0.0,0.0,0.0,0.0,0.0,0.0,0.0,0.0,0.0,0.0,0.0,0.0,0.0,0.0,0.0,0.0,0.0,0.0,0.0,0.0,0.0,0.0,0.0,0.0,0.0,784040530.0,0.0,0.0,5124829040.0,0.0,0.0,0.0,0.0,0.0,0.0,0.0,0.0,0.0,0.0,0.0,200000000.0,200000000.0,200000000.0,200000000.0,200000000.0,200000000.0,243631500.0,3243631500.0,12506810000.0,10200000000.0,20200000000.0,20200000000.0,20200000000.0
VI. Tổng tài sản dài hạn khác,76000000.0,2381000000.0,8431000000.0,31562000000.0,19046502192.0,22098211601.0,19272767286.0,20554967574.0,23885226329.0,37471144749.0,240380609595.0,286899915557.0,323528150425.0,354631445383.0,200256853305.0,201515390195.0,235722425512.0,297105081949.0,181078558974.0,181049558891.0,202218700830.0,265664906605.0,273792411507.0,286571836973.0,309415722116.0,325488590697.0,377334805759.0,385508893522.0,392451586120.0,456185988848.0,479556680324.0,522590366996.0,553146283913.0,670280910344.0,672210617194.0,727187380066.0,698481962969.0,730306805139.0,754784367292.0,852357140616.0,970662306884.0,1007687484981.0,1027999138680.0,1071373006710.0,995918462220.0,1096888215960.0,1049795330103.0,1041132683513.0,1079361613025.0,872627203316.0,861998585534.0,893355057787.0,931073291997.0,1025707808797.0,1035501950435.0,1394984329469.0,1827535251236.0,2534950370866.0,2363867679674.0,2325398922216.0,2318332539037.0,2401286855089.0,2402158614704.0,2830981956872.0,2939331173297.0,3154339268169.0,3276639548905.0,3358153528111.0,3536220648006.0,3741656433960.0,3796796888801.0,3808675202975.0,3773875840896.0
1. Chi phí trả trước dài hạn,,,0.0,,,22010711601.0,,,22082818154.0,35029605370.0,236993955300.0,281998693876.0,316979437463.0,322814549636.0,160495745124.0,159911075960.0,196978249770.0,243989836487.0,100076210937.0,106801797179.0,122683985626.0,156073803625.0,154142434946.0,174936499964.0,191907996363.0,213046406205.0,273277600844.0,286031485822.0,289925352981.0,336801221991.0,351902166158.0,384147569881.0,407484621863.0,511711029489.0,507135685882.0,550349959522.0,501582942504.0,523437534683.0,533631265450.0,624616478052.0,707275398374.0,791017761199.0,863111812153.0,896082789433.0,913512661074.0,1007526108358.0,960396905053.0,962421353612.0,1004747975953.0,812192797375.0,822692250912.0,854881589772.0,892811476111.0,988477952687.0,998691329918.0,1354729415894.0,1788546498680.0,2494699086503.0,2323596176561.0,2291095492149.0,2283037199946.0,2266063078923.0,2285753665693.0,2723167857012.0,2819282135701.0,2972696947589.0,3041553782870.0,3125055583508.0,3264803928105.0,3488252134893.0,3516501185403.0,3492345731610.0,3426793863558.0
2. Tài sản Thuế thu nhập hoãn lại,,,0.0,,,0.0,,,0.0,0.0,0.0,0.0,0.0,13224278458.0,21906099471.0,25395676394.0,20180636452.0,34477185455.0,60489046987.0,55357535463.0,56419861186.0,78864706705.0,83287581491.0,79446455936.0,83887379667.0,74361922399.0,65254994939.0,63872287820.0,62879847205.0,76863122210.0,80419015913.0,87386419513.0,95541307720.0,104527730703.0,108635272587.0,117512325893.0,133301775456.0,135570189513.0,158483996373.0,144281032249.0,151098801455.0,216669723782.0,164887326527.0,175290217277.0,82405801146.0,89362107602.0,89398425050.0,78711329901.0,74613637072.0,60434405941.0,39306334622.0,38473468015.0,38261815886.0,37229856110.0,36810620517.0,40254913575.0,38988752556.0,40251284363.0,40271503113.0,34303430067.0,35295339091.0,135223776166.0,116404949011.0,107814099860.0,120049037596.0,181642320580.0,235085766035.0,233097944603.0,271416719901.0,253404299067.0,280295703398.0,316329471365.0,347081977338.0
3. Tài sản dài hạn khác,,,8431000000.0,,,87500000.0,,,1802408175.0,2441539379.0,3386654295.0,4901221681.0,6548712962.0,18592617289.0,17855008710.0,16208637841.0,18563539290.0,18638060007.0,20513301050.0,18890226249.0,23114854018.0,30726396275.0,36362395070.0,32188881073.0,33620346086.0,38080262093.0,38802209976.0,35605119880.0,39646385934.0,42521644647.0,47235498253.0,51056377602.0,50120354330.0,54042150152.0,56439658725.0,59325094651.0,63597245009.0,71299080943.0,62669105469.0,83459630315.0,112288107055.0,0.0,0.0,0.0,0.0,0.0,0.0,0.0,0.0,0.0,0.0,0.0,0.0,0.0,0.0,0.0,0.0,0.0,0.0,0.0,0.0,0.0,0.0,0.0,0.0,0.0,0.0,0.0,0.0,0.0,0.0,0.0,0.0
VII. Lợi thế thương mại,,,0.0,0.0,0.0,0.0,0.0,0.0,0.0,0.0,0.0,0.0,0.0,0.0,5998500000.0,6318500000.0,5998500000.0,5998500000.0,12073500000.0,202965311031.0,252541371044.0,36717802714.0,221714243896.0,221714243896.0,221714243896.0,216366360784.0,216366360783.0,216366360783.0,216366360783.0,216366360783.0,216366360783.0,216366360783.0,231508275153.0,231508275153.0,231508275153.0,231508275153.0,333170444644.0,333170444644.0,327406688663.0,321642932683.0,315879176703.0,0.0,0.0,0.0,0.0,0.0,0.0,0.0,0.0,0.0,0.0,68980308735.0,717504213182.0,326017723181.0,317464999633.0,313492610518.0,322019955850.0,225929415272.0,220031264727.0,213414062499.0,206724143763.0,200034225027.0,223327627847.0,496238868858.0,508002558873.0,466929099458.0,451674038727.0,437203651887.0,422574249924.0,407944847961.0,715362979924.0,693010132357.0,755457584159.0
TỔNG CỘNG TÀI SẢN,550408000000.0,979233000000.0,1583705000000.0,2219477000000.0,2704677153091.0,3407865750201.0,3308996488309.0,3868744268323.0,3784711157521.0,5346280298375.0,6451497170734.0,6481234160350.0,6200411917821.0,6145766378047.0,5966094898667.0,6407989491090.0,7465571124032.0,10644732290780.0,10423086296104.0,11481761767631.0,12268263015063.0,12502218791477.0,12710741758151.0,12446981821499.0,14130607831347.0,15024908893983.0,14272590835150.0,14404612436178.0,14692014157305.0,14270464487818.0,14059014871732.0,15523397316021.0,15709061410848.0,17617925889434.0,17446248472812.0,17766402177083.0,19945742628025.0,22659685682437.0,22206060192447.0,22581606338389.0,23677161552011.0,25983204620723.0,24695453363506.0,25344504982890.0,26397927533364.0,29912454208197.0,28003927389473.0,28045803928967.0,29693707116780.0,25025223303861.0,25010919853656.0,26286145538324.0,28080868938813.0,29725930367404.0,28748321092475.0,30375757072964.0,32276824464760.0,33658743016242.0,34416668788926.0,35912808663756.0,37757456671158.0,41749437163498.0,44474278409818.0,46980501050598.0,48244877999621.0,53696643591424.0,55601299353620.0,56295551150306.0,55127101516155.0,51655408644948.0,50741161416448.0,60524394513231.0,62112676348644.0
NGUỒN VỐN,,,,,,,,,,,,,,,,,,,,,,,,,,,,,,,,,,,,,,,,,,,,,,,,,,,,,,0.0,,,,,,,,,,,,,,,,,,,
A. Nợ phải trả,519154000000.0,809533000000.0,1284465000000.0,1607947000000.0,1798610681526.0,1714506423557.0,1488760175987.0,1741905477782.0,1520008283510.0,3068775363095.0,3895456434257.0,3749749581284.0,3380842434296.0,3235535696827.0,2757564333008.0,3075611680478.0,3673379415018.0,6906696028232.0,6324833111553.0,6905964807035.0,7414798880226.0,7425477476370.0,7257313561593.0,6618197744594.0,7800298601221.0,8528728913844.0,7515344861507.0,7339191398310.0,7520894704412.0,7194524975407.0,6523997560219.0,7428090800791.0,7660120055343.0,9363077720251.0,8710119727088.0,8885204838350.0,10987860178517.0,13405222234146.0,12362567785624.0,12657393909105.0,13704990939995.0,15804967695557.0,14052382733259.0,14434112158621.0,15434638528758.0,18464443603082.0,16023450273064.0,15895578198903.0,16659920638433.0,11790285012042.0,11111083511698.0,12400576249250.0,13916060196857.0,14963120976839.0,13215557898357.0,14570321210316.0,16025694080600.0,16783930959035.0,16785979311455.0,18009082670732.0,19576055665489.0,23146723671078.0,24743977981996.0,26922972857653.0,27920744789189.0,32276466949020.0,32641897512034.0,32883878002931.0,31071333186539.0,26312427899207.0,23679982202458.0,31929066630167.0,33707020718946.0
I. Nợ ngắn hạn,420906000000.0,719532000000.0,1110867000000.0,1483024000000.0,1653720205660.0,1588332481065.0,1295687306585.0,1577527062078.0,1388572242256.0,3002229731204.0,3819709839414.0,3672149225449.0,3306145902688.0,3226761079574.0,2748182920237.0,3065104814151.0,3658223994070.0,4878983987490.0,4409645166961.0,5015563814164.0,5324862032620.0,5311408937629.0,5164567334791.0,4691588027639.0,5628451917306.0,8296037365303.0,7257525409044.0,7065492108599.0,7219369994374.0,6899105321165.0,6285132947848.0,7169969084086.0,7378687410062.0,9075738590862.0,8412878515585.0,7841501633005.0,9812039112419.0,13062886453490.0,11843484471978.0,12339405503283.0,13006055040834.0,14804950680268.0,12948092792817.0,13305699676988.0,14346984961480.0,17471939662823.0,14835525527653.0,14738301728092.0,15768899724110.0,11129329088689.0,10523957829819.0,11901667720854.0,13360081506284.0,14432174582903.0,12709176054673.0,14116094162443.0,15404437564853.0,16291312998786.0,15838154515551.0,16991794634833.0,18551811881772.0,22382164623421.0,22968032691682.0,24989658347910.0,25891181819535.0,29811587201351.0,30137625429078.0,30416062290247.0,28697860823948.0,24534231146586.0,23043504756733.0,31286939836444.0,33050415339821.0
1. Vay và nợ thuê tài chính ngắn hạn,159981000000.0,355411000000.0,552897000000.0,836088000000.0,,658783645916.0,,,656801122585.0,1249346229823.0,2218042709802.0,1618046348252.0,964222881754.0,1236765097903.0,741119462009.0,1196499606447.0,1763683988155.0,2099088013038.0,1996484174222.0,2440348329145.0,2595679765475.0,2600439501927.0,2630197542199.0,2088221202887.0,2300140119651.0,4674454686854.0,4017345833560.0,4295519891715.0,3922799065907.0,2857648639730.0,2830896536799.0,3475762416400.0,3569694650987.0,4128330419004.0,4387939070610.0,3851104121850.0,5139562464489.0,6722412217259.0,6745213941326.0,6203353547591.0,7123584157075.0,8124598534499.0,7381113092311.0,7461561358475.0,7732115769330.0,9175453147806.0,8894176678529.0,7887844050852.0,7916804619692.0,4116988708324.0,4993557964115.0,5971944040829.0,6716837131564.0,6603319589348.0,6585118717633.0,7273258811787.0,8217017165227.0,7515958654008.0,9110750395492.0,9571890414760.0,10256051493688.0,12062410192740.0,14804786460957.0,15361627338629.0,15943319237854.0,17799441187777.0,20476429866972.0,19720103859650.0,16248169308008.0,10904344845014.0,12043373564413.0,19307278156994.0,18937892531470.0
2. Vay và nợ dài hạn đến hạn phải trả,0.0,0.0,0.0,0.0,,0.0,,,0.0,0.0,0.0,0.0,0.0,0.0,0.0,0.0,0.0,0.0,0.0,0.0,0.0,0.0,0.0,0.0,0.0,0.0,0.0,0.0,0.0,0.0,0.0,0.0,0.0,0.0,0.0,0.0,0.0,0.0,0.0,0.0,0.0,0.0,0.0,0.0,0.0,0.0,0.0,0.0,0.0,0.0,0.0,0.0,0.0,0.0,0.0,0.0,0.0,0.0,0.0,0.0,0.0,0.0,0.0,0.0,0.0,0.0,0.0,0.0,0.0,0.0,0.0,0.0,0.0
3. Phải trả người bán ngắn hạn,143782000000.0,192352000000.0,351924000000.0,266958000000.0,,627241559742.0,,,467673398700.0,1005854870345.0,989164675453.0,1016317529409.0,1504601930122.0,1063501700465.0,1177932961372.0,1109245410193.0,956447265142.0,1558991635156.0,1052942468116.0,1173295699629.0,1385528644967.0,1272096718207.0,1242934320945.0,1099347231326.0,1468199670137.0,1327277810734.0,1442801794617.0,914837660417.0,1285773627009.0,1842697218044.0,1521211612556.0,1693953118881.0,1627928726941.0,2246279098459.0,1705597502476.0,2309476190654.0,2785793947429.0,3018857084193.0,2409729825366.0,3313335171460.0,2691553729812.0,2823393146909.0,2573113257527.0,2519575997154.0,3143404807946.0,3860660694971.0,2363662978789.0,2969928091412.0,3300079093398.0,2294193681352.0,1619004057743.0,1618107863526.0,1899540092890.0,2510848379420.0,1742572404407.0,2108353853968.0,2035447166969.0,2678550720271.0,2047129226600.0,2035189882156.0,2090063650030.0,2858901791270.0,2401469243166.0,2897707005266.0,2019211729539.0,2865954696781.0,2583192225305.0,2490789349094.0,2707442895626.0,3206184111365.0,2626774696342.0,2650557839970.0,2585707569612.0
4. Người mua trả tiền trước,13851000000.0,20619000000.0,18783000000.0,48256000000.0,,70846287770.0,,,155930530037.0,200416407486.0,196783020014.0,601473315752.0,421813488103.0,338528084818.0,301817824197.0,298130205699.0,348263470018.0,271681536010.0,442134158550.0,316604909032.0,342664200906.0,322693627222.0,282485769843.0,317391835761.0,540514819508.0,343470593538.0,338894192157.0,385724377461.0,350231218771.0,359171410200.0,380051351636.0,341586970541.0,504615008416.0,374759654082.0,504458122882.0,534104748878.0,639669770180.0,478420174874.0,607423352524.0,574130962313.0,616530102872.0,410040018333.0,448010225764.0,462307513060.0,491707613042.0,619738720597.0,574341969779.0,547311184469.0,605986311096.0,561261495876.0,650265625121.0,576244037368.0,611546728222.0,418652248691.0,627012826668.0,504493867819.0,374475950305.0,383562042162.0,356641092429.0,383308792651.0,396225538416.0,463125962596.0,677215380800.0,918425150837.0,883273527253.0,710658541296.0,613378448097.0,692341801749.0,913352865512.0,491097603761.0,662235154979.0,601240983383.0,501875085943.0
5. Thuế và các khoản phải nộp nhà nước,0.0,0.0,0.0,0.0,,79788078190.0,,,20227497072.0,249432149926.0,204648965175.0,193978703169.0,175476386800.0,183180071893.0,211997656022.0,218419895337.0,253083105017.0,346423212916.0,382680988090.0,396463781149.0,353781460627.0,236448833882.0,276778248576.0,235365903848.0,340729057645.0,329499144991.0,222339416363.0,214127157154.0,261803327594.0,294060849275.0,238287095377.0,269104863512.0,165444916835.0,195358182081.0,134183232721.0,154928451773.0,168880285103.0,257200364570.0,158328171940.0,171259426124.0,187141691131.0,318284707988.0,173493229214.0,189225586455.0,222042323429.0,342800942220.0,215496043230.0,243459899822.0,438247508197.0,321537736421.0,200483212608.0,243955140677.0,307795291077.0,384269739107.0,293407629119.0,365456144145.0,449736383363.0,545980191054.0,339710363725.0,463842484219.0,544823684764.0,638912109901.0,464459732344.0,583342505961.0,557387300743.0,518558401360.0,602757960142.0,657180955846.0,781880561029.0,671666303957.0,643415651157.0,810433730049.0,1069087225876.0
6. Phải trả người lao động,0.0,0.0,0.0,0.0,,67208379204.0,,,101050820.0,72373728270.0,193783427.0,2179938164.0,2529683977.0,50816079980.0,3573151531.0,6020251898.0,4701572962.0,144404739935.0,10931510694.0,162590651588.0,166989023238.0,214981647649.0,34202566602.0,155244536173.0,186384331436.0,276336158747.0,89900923793.0,183600634090.0,113833055494.0,209775042199.0,118027068145.0,197389101049.0,231173154770.0,506482831093.0,172756213977.0,312327346687.0,399004343185.0,655876775648.0,178527039249.0,326860841758.0,326067036808.0,728142310245.0,343062786684.0,368340669423.0,417767704005.0,811026908156.0,367317703340.0,594806784514.0,702307182659.0,829188594250.0,650692627199.0,717908322257.0,921464864946.0,1195445438205.0,541512365833.0,777213901897.0,938386722765.0,1536027351242.0,656579582688.0,1203886575748.0,1667238090981.0,1999612928141.0,1029861069699.0,1547517480131.0,2096418296648.0,2917949562129.0,1638761384536.0,2315930149433.0,2785519774205.0,3187230376093.0,1860796729871.0,2508104116971.0,3589458007695.0
7. Chi phí phải trả ngắn hạn,0.0,0.0,0.0,0.0,,20198974131.0,,,68133073892.0,103812135709.0,144956971616.0,169231415336.0,180652916981.0,135313069516.0,136170495746.0,111103558998.0,221205638598.0,135824109933.0,233148705371.0,190954252840.0,266222676059.0,233432489348.0,341068104170.0,344277152133.0,438284559371.0,294272972588.0,316996295510.0,317070872207.0,450622400043.0,345541841485.0,303557555112.0,306490771236.0,323597538252.0,447646454864.0,397121576647.0,443735615501.0,455939109561.0,509462000293.0,430595462295.0,416229528571.0,540845247915.0,582507615119.0,503916297200.0,602456088552.0,573123253143.0,578923681455.0,684222128754.0,672092308294.0,687545069538.0,918852771526.0,596563173742.0,968626938378.0,876558995840.0,841818881252.0,744057749193.0,771550908554.0,747756179527.0,495730160316.0,760834942407.0,769826846943.0,793407834611.0,779777262789.0,888720317812.0,808921188341.0,884555621719.0,834210180258.0,992312010535.0,958081075234.0,1024689935015.0,904602037747.0,847818189824.0,916361897808.0,1164543242031.0
8. Phải trả nội bộ ngắn hạn,0.0,0.0,0.0,0.0,,0.0,,,0.0,0.0,0.0,0.0,0.0,0.0,0.0,0.0,0.0,0.0,0.0,0.0,0.0,0.0,0.0,176831681341.0,0.0,0.0,0.0,0.0,0.0,0.0,0.0,0.0,0.0,0.0,0.0,0.0,0.0,0.0,0.0,0.0,0.0,0.0,0.0,0.0,0.0,0.0,0.0,0.0,0.0,0.0,0.0,0.0,0.0,0.0,0.0,0.0,0.0,0.0,0.0,0.0,81086323539.0,0.0,0.0,0.0,0.0,0.0,0.0,0.0,0.0,0.0,0.0,0.0,0.0
9. Phải trả theo tiến độ kế hoạch hợp đồng xây dựng,0.0,0.0,0.0,0.0,,0.0,,,0.0,0.0,12620859901.0,16141624833.0,9124260972.0,26771073355.0,13073964352.0,14725955654.0,8415369778.0,12758145704.0,8220429498.0,10930778948.0,11769379528.0,30226884835.0,8815019936.0,15758832101.0,30633214702.0,20319765998.0,24464062190.0,72181879159.0,71743295589.0,6475957808.0,5368313177.0,5014916373.0,4808340141.0,28377082233.0,9451999498.0,7158490357.0,15414926749.0,15756096426.0,13385373041.0,17655440893.0,22255792859.0,12916413403.0,15096905994.0,18226516154.0,30727871721.0,20610561286.0,28859625838.0,33832474147.0,42344283532.0,20380725175.0,20401408500.0,22992601562.0,22103359702.0,46755636205.0,45476832702.0,47905634871.0,47915602389.0,66948430128.0,43629999740.0,82801015777.0,0.0,64245054184.0,58541616669.0,80303148269.0,87001952153.0,89224688468.0,81104262587.0,78305548918.0,72719206996.0,78663541041.0,63181791091.0,83376234795.0,92239834804.0
10. Doanh thu chưa thực hiện ngắn hạn,0.0,0.0,0.0,0.0,,0.0,,,0.0,0.0,0.0,0.0,0.0,0.0,0.0,0.0,0.0,0.0,0.0,0.0,0.0,0.0,0.0,0.0,0.0,0.0,0.0,0.0,0.0,0.0,0.0,0.0,0.0,0.0,0.0,0.0,0.0,0.0,0.0,1021791803739.0,1179882885972.0,1292433907853.0,1023421987098.0,1246781398098.0,1241832663185.0,1365723512818.0,1219993113660.0,1242897628687.0,1369663229083.0,1295200401169.0,1275503032848.0,1329507438427.0,1457586563762.0,1610921248698.0,1528205605447.0,1651086267511.0,1870003255199.0,2091081179767.0,1709068403453.0,1614462947541.0,1928160563279.0,1962051574530.0,1660701441418.0,1864518601891.0,2236178115087.0,2584339179470.0,2046286279076.0,2189183093047.0,3037948791488.0,3200401361855.0,2484313617981.0,2674269541836.0,3359644957311.0
11. Phải trả ngắn hạn khác,101487000000.0,148379000000.0,174454000000.0,256818000000.0,,66980893475.0,,,41096168435.0,128937256570.0,46293683069.0,64368138655.0,62919918727.0,134265859690.0,155625179706.0,127992809510.0,142243860875.0,247486611478.0,253589989895.0,300588114168.0,191244172703.0,213601939640.0,291986441549.0,221255743288.0,309384767176.0,823257579139.0,709280509529.0,616898558878.0,718536790219.0,724937496645.0,761485868392.0,843910161273.0,919660549372.0,884876955585.0,912934200459.0,169070295328.0,180009002921.0,1163432720781.0,1136270374204.0,161943150640.0,194216981648.0,177524630215.0,321617012984.0,318750434730.0,391660164061.0,370367655734.0,347565144141.0,454406923512.0,612729485152.0,439498762823.0,289020263287.0,273073631807.0,372252000760.0,336615389409.0,341030136562.0,406173423100.0,516195398530.0,262162607300.0,373932172137.0,489247068777.0,402819217046.0,726345174792.0,382430360018.0,407999670715.0,640711514765.0,556701160148.0,400867711582.0,694418338559.0,524031475207.0,581315702898.0,634283296673.0,618182713945.0,681220123792.0
12. Dự phòng phải trả ngắn hạn,0.0,0.0,0.0,0.0,,0.0,,,0.0,0.0,0.0,0.0,0.0,0.0,0.0,17097993207.0,0.0,2977404675.0,22184896086.0,23504577957.0,23971823842.0,32544452120.0,29008495372.0,26492600514.0,24399178467.0,24125222347.0,20319491659.0,15594952530.0,11136945668.0,24077425262.0,23881939006.0,25387053914.0,33281293278.0,52496233059.0,39168575518.0,34734772080.0,20599301721.0,32252745918.0,37166516758.0,31939141001.0,30478770511.0,16952179257.0,17316185569.0,8432451605.0,12016384632.0,7733835968.0,7002634497.0,5729399330.0,6927612385.0,6051424047.0,5390121823.0,5145730117.0,5040725678.0,31354115546.0,23424670775.0,16036128457.0,16370867880.0,168142079534.0,150972477717.0,100526097313.0,121528796721.0,206407715175.0,201240542132.0,174870638003.0,215004853907.0,112413880560.0,147569337746.0,114340944901.0,106405766046.0,252582995783.0,335934158523.0,327783134798.0,287580645751.0
13. Quỹ khen thưởng phúc lợi,1805000000.0,2771000000.0,12809000000.0,74904000000.0,0.0,-2715337363.0,11136055656.0,,-21390599285.0,-7943046925.0,7005170957.0,-9587788121.0,-15195564748.0,57620041954.0,6872225302.0,-34130872792.0,-39820276475.0,59348578645.0,7327846439.0,282719708.0,-12989114725.0,154942842799.0,27090825599.0,11401308267.0,-10217800787.0,183023430367.0,75182889666.0,49936124988.0,32890268080.0,234719440517.0,102365607648.0,11369710907.0,-1516768930.0,211131680402.0,149268020797.0,24861599897.0,7165961081.0,209216273528.0,126844415275.0,100906489193.0,93498644231.0,318157216447.0,147931812472.0,110041663282.0,90586406986.0,318900001812.0,132887507096.0,85992983053.0,86265329378.0,326174787726.0,223076342833.0,174161975906.0,169355751843.0,452173917022.0,237357116334.0,194565220334.0,191132872699.0,547169583004.0,288905859163.0,276812508948.0,270406688697.0,620374857303.0,398606526667.0,344425619867.0,328119669867.0,822135723104.0,554965942500.0,505387173816.0,495700244816.0,1056142267072.0,841377905879.0,789351485895.0,781166115536.0
14. Quỹ bình ổn giá,0.0,0.0,0.0,0.0,,0.0,,,0.0,0.0,0.0,0.0,0.0,0.0,0.0,0.0,0.0,0.0,0.0,0.0,0.0,0.0,0.0,0.0,0.0,0.0,0.0,0.0,0.0,0.0,0.0,0.0,0.0,0.0,0.0,0.0,0.0,0.0,0.0,0.0,0.0,0.0,0.0,0.0,0.0,0.0,0.0,0.0,0.0,0.0,0.0,0.0,0.0,0.0,0.0,0.0,0.0,0.0,0.0,0.0,0.0,0.0,0.0,0.0,0.0,0.0,0.0,0.0,0.0,0.0,0.0,0.0,0.0
15. Giao dịch mua bán lại trái phiếu chính phủ,0.0,0.0,0.0,0.0,,0.0,,,0.0,0.0,0.0,0.0,0.0,0.0,0.0,0.0,0.0,0.0,0.0,0.0,0.0,0.0,0.0,0.0,0.0,0.0,0.0,0.0,0.0,0.0,0.0,0.0,0.0,0.0,0.0,0.0,0.0,0.0,0.0,0.0,0.0,0.0,0.0,0.0,0.0,0.0,0.0,0.0,0.0,0.0,0.0,0.0,0.0,0.0,0.0,0.0,0.0,0.0,0.0,0.0,0.0,0.0,0.0,0.0,0.0,0.0,0.0,0.0,0.0,0.0,0.0,0.0,0.0
II. Nợ dài hạn,98248000000.0,90001000000.0,173598000000.0,124923000000.0,144890475866.0,126173942492.0,193072869402.0,164378415704.0,131436041254.0,66545631891.0,75746594843.0,77600355835.0,74696531608.0,8774617253.0,9381412771.0,10506866327.0,15155420948.0,2027712040742.0,1915187944592.0,1890400992871.0,2089936847606.0,2114068538741.0,2092746226802.0,1926609716955.0,2171846683915.0,232691548541.0,257819452463.0,273699289711.0,301524710038.0,295419654242.0,238864612371.0,258121716705.0,281432645281.0,287339129389.0,297241211503.0,1043703205345.0,1175821066098.0,342335780656.0,519083313646.0,317988405822.0,698935899161.0,1000017015289.0,1104289940442.0,1128412481633.0,1087653567278.0,992503940259.0,1187924745411.0,1157276470811.0,891020914323.0,660955923353.0,587125681879.0,498908528396.0,555978690573.0,530946393936.0,506381843684.0,454227047873.0,621256515747.0,492617960249.0,947824795904.0,1017288035899.0,1024243783717.0,764559047657.0,1775945290314.0,1933314509743.0,2029562969654.0,2464879747669.0,2504272082956.0,2467815712684.0,2373472362591.0,1778196752621.0,636477445725.0,642126793723.0,656605379125.0
1. Phải trả người bán dài hạn,,,0.0,,,0.0,,,0.0,0.0,0.0,0.0,0.0,0.0,0.0,0.0,0.0,0.0,0.0,0.0,0.0,0.0,0.0,0.0,0.0,0.0,0.0,0.0,0.0,0.0,0.0,0.0,0.0,0.0,0.0,0.0,0.0,0.0,0.0,0.0,0.0,0.0,0.0,0.0,0.0,0.0,0.0,0.0,0.0,0.0,0.0,0.0,0.0,0.0,0.0,0.0,0.0,0.0,0.0,0.0,0.0,0.0,0.0,0.0,0.0,0.0,0.0,0.0,0.0,0.0,0.0,0.0,0.0
2. Chi phí phải trả dài hạn,,,0.0,,,0.0,,,0.0,0.0,0.0,0.0,0.0,0.0,0.0,0.0,0.0,0.0,0.0,0.0,0.0,0.0,0.0,0.0,0.0,0.0,0.0,0.0,0.0,0.0,0.0,0.0,0.0,0.0,0.0,0.0,0.0,0.0,0.0,0.0,0.0,293604497.0,0.0,0.0,0.0,0.0,0.0,0.0,0.0,0.0,0.0,0.0,0.0,0.0,0.0,0.0,0.0,0.0,0.0,0.0,0.0,0.0,0.0,0.0,0.0,0.0,0.0,0.0,0.0,0.0,0.0,0.0,0.0
3. Phải trả nội bộ về vốn kinh doanh,,,0.0,,,0.0,,,0.0,0.0,0.0,0.0,0.0,0.0,0.0,0.0,0.0,0.0,0.0,0.0,0.0,0.0,0.0,0.0,0.0,0.0,0.0,0.0,0.0,0.0,0.0,0.0,0.0,0.0,0.0,0.0,0.0,0.0,0.0,0.0,0.0,0.0,0.0,0.0,0.0,0.0,0.0,0.0,0.0,0.0,0.0,0.0,0.0,0.0,0.0,0.0,0.0,0.0,0.0,0.0,0.0,0.0,0.0,0.0,0.0,0.0,0.0,0.0,0.0,0.0,0.0,0.0,0.0
4. Phải trả nội bộ dài hạn,,,0.0,,,0.0,,,0.0,0.0,0.0,0.0,0.0,0.0,0.0,0.0,0.0,0.0,0.0,0.0,0.0,0.0,0.0,0.0,0.0,0.0,0.0,0.0,0.0,0.0,0.0,0.0,0.0,0.0,0.0,0.0,0.0,0.0,0.0,0.0,0.0,0.0,0.0,0.0,0.0,0.0,0.0,0.0,0.0,0.0,0.0,0.0,0.0,0.0,0.0,0.0,0.0,0.0,0.0,0.0,0.0,0.0,0.0,0.0,0.0,0.0,0.0,0.0,0.0,0.0,0.0,0.0,0.0
5. Phải trả dài hạn khác,,,10930000000.0,,,3830000000.0,,,12328359999.0,10984589993.0,10118039995.0,9021698073.0,6108922972.0,6685195181.0,7254832982.0,8454832981.0,13326782982.0,16990165243.0,20124098007.0,16163472557.0,15266921007.0,10165592078.0,9536321007.0,8209371007.0,8091206343.0,196674666730.0,220854151667.0,238565799658.0,260278366558.0,271774167660.0,206592873054.0,208867029985.0,194530445135.0,191130136496.0,193465760317.0,198949388463.0,206018921457.0,198449132072.0,324760718713.0,180453477923.0,179275805173.0,233197451577.0,221631847592.0,211372178718.0,208219788484.0,208710518378.0,144516438097.0,146439856131.0,151123175949.0,41525469921.0,40407510920.0,7499794396.0,107084562160.0,108962237984.0,98468688054.0,104282436256.0,104802153243.0,92105961472.0,110910655259.0,126474179639.0,143523188085.0,38492884032.0,39744054003.0,51433459343.0,50749460183.0,34908209574.0,35656814613.0,33871581150.0,29984100889.0,27863907732.0,28780542089.0,30884265518.0,31144281527.0
6. Vay và nợ thuê tài chính dài hạn,,,162668000000.0,,,122343942492.0,,,119107681255.0,54500667513.0,64881628553.0,68045408734.0,68230625731.0,202458984.0,171033020.0,169724051.0,169402878.0,2004854169392.0,1892228931677.0,1871482035291.0,1871493779312.0,1871490303574.0,1917369239544.0,1913631131179.0,1961134240532.0,274583554.0,228118427.0,210840306.0,471410293.0,21804643161.0,30916960753.0,48051359386.0,86430121456.0,93710165255.0,103542976927.0,84199226418.0,109847759172.0,142418459294.0,171743031342.0,137329926616.0,519455092705.0,681199048432.0,791606072465.0,854443052022.0,797143763677.0,764018642492.0,1018757872462.0,967277281663.0,666028478383.0,565209817637.0,491988687629.0,404863295760.0,302022093735.0,366793322852.0,346870919847.0,278034243597.0,435530138322.0,349769099942.0,778966375255.0,803273190638.0,753066378324.0,677796913413.0,1674335919096.0,1800034282871.0,1818552251255.0,2296308494046.0,2228486463502.0,2142433707042.0,2082516102387.0,1477830333990.0,312845373321.0,214538478651.0,172070230363.0
7. Trái phiếu chuyển đổi,,,0.0,,,0.0,,,0.0,0.0,0.0,0.0,0.0,0.0,0.0,0.0,0.0,0.0,0.0,0.0,0.0,0.0,0.0,0.0,0.0,0.0,0.0,0.0,0.0,0.0,0.0,0.0,0.0,0.0,0.0,0.0,0.0,0.0,0.0,0.0,0.0,0.0,0.0,0.0,0.0,0.0,0.0,0.0,0.0,0.0,0.0,0.0,0.0,0.0,0.0,0.0,0.0,0.0,0.0,0.0,0.0,0.0,0.0,0.0,0.0,0.0,0.0,0.0,0.0,0.0,0.0,0.0,0.0
8. Thuế thu nhập hoãn lại phải trả,,,0.0,,,0.0,,,0.0,0.0,0.0,0.0,0.0,0.0,93140608.0,98205702.0,-24619339.0,-129211243.0,0.0,0.0,-126568450.0,0.0,359264224.0,359264224.0,359264224.0,359264224.0,1848413023.0,578614961.0,7075809690.0,0.0,0.0,0.0,0.0,2213766612.0,0.0,1104932003.0,1104932003.0,1263188007.0,22374562308.0,0.0,0.0,0.0,0.0,0.0,0.0,1666814550.0,496616890.0,3447393990.0,3446138880.0,2853492585.0,2864161020.0,332481380.0,337156047.0,335327364.0,336241500.0,0.0,0.0,0.0,0.0,8238522578.0,8227915038.0,872095321.0,5940026922.0,4557313213.0,50255735224.0,87366215294.0,120728665376.0,139922402269.0,148132237634.0,154667513616.0,174306692388.0,243810507550.0,282491025620.0
9. Dự phòng trợ cấp mất việc làm,,,0.0,,,0.0,,,0.0,614494465.0,301046375.0,87369108.0,-103940015.0,772562582.0,748005655.0,669703087.0,569453921.0,909165674.0,1075360739.0,1228530903.0,1292923459.0,1587566129.0,1599417349.0,1548645649.0,1472617749.0,1482292216.0,1425585716.0,1419737516.0,1424957816.0,5323260.0,0.0,0.0,0.0,0.0,0.0,0.0,0.0,12905000.0,0.0,0.0,0.0,0.0,0.0,0.0,0.0,0.0,0.0,0.0,0.0,0.0,0.0,0.0,0.0,0.0,0.0,0.0,0.0,0.0,0.0,0.0,0.0,0.0,0.0,0.0,0.0,0.0,0.0,0.0,0.0,0.0,0.0,0.0,0.0
10. Dự phòng phải trả dài hạn,,,0.0,,,0.0,,,0.0,445879920.0,445879920.0,445879920.0,460922920.0,1114400506.0,1114400506.0,1114400506.0,1114400506.0,5087751676.0,1759554169.0,1526954120.0,1526954120.0,2936645570.0,2936645570.0,2912888859.0,1476118641.0,557179639.0,557179639.0,455851468.0,248086398.0,59711127.0,12905000.0,12905000.0,12905000.0,12905000.0,12905000.0,12905000.0,12905000.0,0.0,12905000.0,12905000.0,12905000.0,6604964350.0,6447202405.0,6487230040.0,6458318999.0,5610537467.0,5131557953.0,5866018360.0,3154557502.0,3378507298.0,2829268096.0,2537768853.0,2210880475.0,7857755298.0,7254628647.0,8008336045.0,8066849076.0,7773635329.0,7170086064.0,7635747470.0,7240953255.0,6080503078.0,5416991533.0,5282329938.0,4728004968.0,5230766819.0,5139928575.0,4589741788.0,2543860378.0,2763464633.0,2132345207.0,20024109425.0,36154179269.0
11. Doanh thu chưa thực hiện dài hạn,,,0.0,,,0.0,,,0.0,0.0,0.0,0.0,0.0,0.0,0.0,0.0,0.0,0.0,0.0,0.0,200482838158.0,227035852059.0,160546589688.0,0.0,199818638216.0,0.0,0.0,0.0,0.0,0.0,0.0,0.0,0.0,0.0,0.0,759222206404.0,858644452183.0,0.0,0.0,0.0,0.0,78529850150.0,84412721697.0,55917924570.0,75639599835.0,12305331089.0,18830163726.0,34053824384.0,67076467326.0,47796539629.0,48843957931.0,83483091724.0,144131901873.0,46805654155.0,53259269353.0,63709935692.0,72665278823.0,42777167223.0,50585583044.0,71474299291.0,111993252732.0,41124555530.0,50316202477.0,71815028095.0,105085421741.0,40873965653.0,114068114607.0,146806184152.0,110103965020.0,114879436367.0,118220396437.0,132677336296.0,134553566063.0
12. Quỹ phát triển khoa học và công nghệ,,,0.0,,,0.0,,,0.0,0.0,0.0,0.0,0.0,0.0,0.0,0.0,0.0,0.0,0.0,0.0,0.0,852579331.0,398749420.0,-51583963.0,-505401790.0,33343562178.0,32906003991.0,32468445802.0,32026079283.0,1775809034.0,1341873564.0,1190422334.0,459173690.0,272156026.0,219569259.0,214547057.0,192096283.0,192096283.0,192096283.0,192096283.0,192096283.0,192096283.0,192096283.0,192096283.0,192096283.0,192096283.0,192096283.0,192096283.0,192096283.0,192096283.0,192096283.0,192096283.0,192096283.0,192096283.0,192096283.0,192096283.0,192096283.0,192096283.0,192096282.0,192096283.0,192096283.0,192096283.0,192096283.0,192096283.0,192096283.0,192096283.0,192096283.0,192096283.0,192096283.0,192096283.0,192096283.0,192096283.0,192096283.0
B. Nguồn vốn chủ sở hữu,31254000000.0,169700000000.0,299240000000.0,611530000000.0,906066471565.0,1693359326644.0,1820236312322.0,2126838790541.0,2264702874011.0,2277504935280.0,2556040736477.0,2731484579066.0,2819569483525.0,2910230681220.0,3208530565659.0,3332377810612.0,3792191709014.0,3738036262548.0,4098253184551.0,4575796960596.0,4853464134837.0,5076741315107.0,5453428196558.0,5828784076905.0,6330309230126.0,6496179980139.0,6757245973643.0,7065421037868.0,7171119452893.0,7075939512411.0,7535017311513.0,8095306515230.0,8048941355505.0,8254848169183.0,8736128745724.0,8881197338733.0,8957882449508.0,9254463448291.0,9843492406823.0,9924212429284.0,9972170612016.0,10178236925166.0,10643070630247.0,10910392824269.0,10963289004606.0,11448010605115.0,11980477116409.0,12150225730064.0,13033786478347.0,13234938291819.0,13899836341958.0,13885569289074.0,14164808741956.0,14762809390565.0,15532763194118.0,15805435862648.0,16251130384160.0,16874812057207.0,17630689477471.0,17903725993024.0,18181401005669.0,18602713492420.0,19730300427822.0,20057528192945.0,20324133210432.0,21420176642404.0,22959401841586.0,23411673147375.0,24055768329616.0,25342980745741.0,27061179213990.0,28595327883064.0,28405655629698.0
I. Vốn chủ sở hữu,31254000000.0,169700000000.0,297440000000.0,608780000000.0,911278296810.0,1690609326644.0,1820236312322.0,2124206249316.0,2261952874011.0,2274754935280.0,2553290736477.0,2728734579066.0,2816819483525.0,2907480681220.0,3205780565659.0,3329627810612.0,3789441709014.0,3735286262548.0,4095503184551.0,4573046960596.0,4850714134837.0,5073991315107.0,5450678196558.0,5826034076905.0,6327559230126.0,6493429980139.0,6754495973643.0,7062671037868.0,7168369452893.0,7073189512411.0,7532267311513.0,8092556515230.0,8046191355505.0,8252098169183.0,8733378745724.0,8878447338733.0,8955132449508.0,9251713448291.0,9840742406823.0,9921462429284.0,9969420612016.0,10175486925166.0,10640320630247.0,10907642824269.0,10960539004606.0,11445260605115.0,11977727116409.0,12147475730064.0,13031036478347.0,13232188291819.0,13897086341958.0,13882819289074.0,14162058741956.0,14760059390565.0,15530013194118.0,15802685862648.0,16248380384160.0,16872062057207.0,17627939477471.0,17900975993024.0,18178651005669.0,18599963492420.0,19727550427822.0,20054778192945.0,20321383210432.0,21417426642404.0,22956651841586.0,23408923147375.0,24053018329616.0,25340230745741.0,27058429213990.0,28592577883064.0,28402905629698.0
1. Vốn đầu tư của chủ sở hữu,30000000000.0,150000000000.0,288585000000.0,547292000000.0,547292000000.0,608102300000.0,608102300000.0,912153440000.0,923525790000.0,923525790000.0,923525790000.0,941606160000.0,941606160000.0,1411620740000.0,1411620740000.0,1411620740000.0,1438319670000.0,1438319670000.0,1438319670000.0,1934805170000.0,1934805170000.0,1934805170000.0,1934805170000.0,1934805170000.0,2160826760000.0,2160826760000.0,2160826760000.0,2738488330000.0,2738488330000.0,2738488330000.0,2738488330000.0,2752017550000.0,2752017550000.0,2752017550000.0,2752017550000.0,3439766000000.0,3439766000000.0,3439766000000.0,3439766000000.0,3975316400000.0,3975316400000.0,3975316400000.0,3975316400000.0,4594266840000.0,4594266840000.0,4594266840000.0,4594266840000.0,5309611050000.0,5309611050000.0,5309611050000.0,5309611050000.0,6136367720000.0,6136367720000.0,6136367720000.0,6136367720000.0,6783586880000.0,6783586880000.0,6783586880000.0,6817504780000.0,7839874860000.0,7839874860000.0,7839874860000.0,7839874860000.0,9075516490000.0,9075516490000.0,9075516490000.0,9075516490000.0,10970265720000.0,10970265720000.0,10970265720000.0,10970265720000.0,11043316220000.0,12699688750000.0
2. Thặng dư vốn cổ phần,0.0,0.0,0.0,0.0,0.0,524865861360.0,524865861360.0,524865861360.0,524865861361.0,524865861360.0,524865861360.0,524865861360.0,524865861360.0,54851281360.0,54851281360.0,54851281360.0,54851281360.0,54851281360.0,54851281360.0,54851281360.0,61530337288.0,60012320244.0,60012320245.0,60012320245.0,54894762597.0,49546879483.0,49546879484.0,49465284471.0,49465284470.0,49465703201.0,49465703201.0,49465703201.0,49465703200.0,49465703201.0,49465703201.0,49465703201.0,49465703201.0,49465703201.0,49465703201.0,49465703201.0,49465703201.0,49465703201.0,49465703200.0,49465703201.0,49465703201.0,49465703201.0,49465703201.0,49465703201.0,49465703201.0,49465703201.0,49465703201.0,49465703201.0,49465703201.0,49465703201.0,49465703201.0,49465703201.0,49465703201.0,75622928032.0,49941441360.0,49794213509.0,49713213411.0,49713213411.0,49713213411.0,49713213411.0,49713213411.0,49713213411.0,49713213411.0,49713213411.0,49713213411.0,49713213411.0,49713213411.0,49713213411.0,49713213411.0
3. Quyền chọn chuyển đổi trái phiếu,0.0,0.0,0.0,0.0,0.0,0.0,0.0,0.0,0.0,0.0,0.0,0.0,0.0,0.0,0.0,0.0,0.0,0.0,0.0,0.0,0.0,0.0,0.0,0.0,0.0,0.0,0.0,0.0,0.0,0.0,0.0,0.0,0.0,0.0,0.0,0.0,0.0,0.0,0.0,0.0,0.0,0.0,0.0,0.0,0.0,0.0,0.0,0.0,0.0,0.0,0.0,0.0,0.0,0.0,0.0,0.0,0.0,0.0,0.0,0.0,0.0,0.0,0.0,0.0,0.0,0.0,0.0,0.0,0.0,0.0,0.0,0.0,0.0
4. Vốn khác của chủ sở hữu,0.0,0.0,0.0,0.0,0.0,0.0,0.0,0.0,0.0,0.0,0.0,0.0,0.0,0.0,0.0,0.0,0.0,0.0,0.0,0.0,0.0,0.0,0.0,0.0,0.0,0.0,0.0,0.0,0.0,0.0,0.0,0.0,0.0,0.0,0.0,0.0,0.0,0.0,0.0,-823760000.0,0.0,0.0,0.0,0.0,0.0,0.0,56882670000.0,119453610000.0,119453610000.0,287829523052.0,287829523052.0,631969693052.0,631969693052.0,667035271273.0,670060405250.0,786858519093.0,777869243918.0,780914628944.0,765332464859.0,912977796599.0,920081410199.0,920081410199.0,920081410199.0,1176568596721.0,1178174776366.0,1178174776366.0,1178174776366.0,1178174776366.0,1178175536522.0,1179064868147.0,1179064868147.0,1179064868147.0,1179064868147.0
5. Cổ phiếu quỹ,0.0,0.0,0.0,0.0,-13321386.0,-13321386.0,-28869421.0,-41543801.0,-150116232.0,-370922295.0,-292000000.0,-436000000.0,-993000000.0,-1828500000.0,-2188500000.0,-2320800000.0,-2508450000.0,-2808550000.0,-2930000000.0,-2782600000.0,-821890000.0,-692150000.0,-786480000.0,-25200000.0,-107320000.0,-513440000.0,-557990000.0,-646220000.0,-746350000.0,-794340000.0,-811900000.0,-823760000.0,-823760000.0,-823760000.0,-823760000.0,-823760000.0,-823760000.0,-823760000.0,-823760000.0,0.0,-823760000.0,-823760000.0,-823760000.0,-823760000.0,-823760000.0,-823760000.0,-823760000.0,-823760000.0,-823760000.0,-823760000.0,-823760000.0,-823760000.0,-823760000.0,-823760000.0,-823760000.0,-823760000.0,-823760000.0,-823760000.0,-823760000.0,-823760000.0,-823760000.0,-823760000.0,-823760000.0,-823760000.0,-823760000.0,-823760000.0,0.0,0.0,0.0,0.0,0.0,0.0,0.0
6. Chênh lệch đánh giá lại tài sản,0.0,0.0,0.0,0.0,0.0,0.0,0.0,0.0,0.0,0.0,0.0,0.0,0.0,0.0,0.0,0.0,0.0,0.0,0.0,0.0,0.0,15257447.0,0.0,0.0,0.0,0.0,0.0,0.0,0.0,0.0,0.0,0.0,0.0,0.0,0.0,0.0,0.0,0.0,0.0,0.0,0.0,0.0,0.0,0.0,0.0,0.0,0.0,0.0,0.0,0.0,0.0,0.0,0.0,0.0,0.0,0.0,0.0,0.0,0.0,0.0,0.0,0.0,0.0,0.0,0.0,0.0,0.0,0.0,0.0,0.0,0.0,0.0,0.0
7. Chênh lệch tỷ giá hối đoái,0.0,0.0,0.0,0.0,0.0,0.0,0.0,0.0,572943186.0,82053370.0,349699828.0,759920602.0,-816228.0,-570599645.0,822658714.0,4643473132.0,6211969655.0,5986559542.0,7302677595.0,5347336643.0,9825811789.0,17252574283.0,12189775408.0,8538280153.0,19738242271.0,19803465040.0,16301766742.0,14846018519.0,13949286274.0,27959758134.0,16730506683.0,16598602589.0,16059295035.0,12705698642.0,6150539779.0,2708993642.0,-11956327535.0,-12569673745.0,12990177425.0,-10534615735.0,-18244295014.0,5436409370.0,8464138254.0,12637304288.0,6848324281.0,-5875468099.0,11068007864.0,-173179759.0,3053974893.0,10084320702.0,16226773656.0,17135477127.0,22286595244.0,5539231746.0,5433265892.0,15570456494.0,9119627402.0,-12302588093.0,-10209125709.0,-19958864615.0,-9218848167.0,13497025190.0,-17762312970.0,-6623756873.0,-16213029123.0,-22525874645.0,-20961672908.0,-26957064607.0,-55305450641.0,-40357533181.0,-41422767659.0,-63672534687.0,-51363368317.0
8. Quỹ đầu tư phát triển,1254000000.0,19700000000.0,0.0,0.0,0.0,13010863366.0,0.0,0.0,103009261.0,103009261.0,78830010354.0,78545933944.0,78545933944.0,78545933944.0,0.0,0.0,103009261.0,103009261.0,103009262.0,103009261.0,103009261.0,103009261.0,103009261.0,103009261.0,103009261.0,103009261.0,103009261.0,103009261.0,103009261.0,67103009261.0,67103009261.0,67103009261.0,67103009261.0,78666938875.0,82608208245.0,85601157710.0,88984798522.0,79400040851.0,81269289338.0,79577834395.0,78776566683.0,79748336612.0,79481602212.0,74545823741.0,68353080804.0,126825173804.0,130632143747.0,129518486984.0,128954169510.0,172002871735.0,173708814233.0,167077476888.0,167094186985.0,223908928276.0,226332643971.0,221229437401.0,221554262398.0,307526573229.0,325350984284.0,342769607414.0,330124830708.0,440634735853.0,462731536495.0,501599626887.0,517940941802.0,574902605021.0,567067242973.0,703060297129.0,709313832999.0,1079641024169.0,1134117262506.0,1186162995340.0,1278251861087.0
9. Quỹ dự phòng tài chính,0.0,0.0,0.0,0.0,0.0,22981543809.0,0.0,0.0,33515388815.0,33515388815.0,0.0,0.0,0.0,0.0,107668530673.0,106740375147.0,106599708336.0,104490894676.0,111954577071.0,94532998181.0,94543778403.0,112949209833.0,112951948244.0,113177755456.0,0.0,0.0,0.0,146450005902.0,146466256648.0,115477144855.0,115477144855.0,114943857509.0,114943857509.0,114943857509.0,114943857509.0,0.0,0.0,0.0,0.0,87203093024.0,87228513544.0,0.0,0.0,0.0,0.0,0.0,0.0,0.0,0.0,0.0,0.0,0.0,0.0,0.0,0.0,0.0,0.0,0.0,0.0,0.0,0.0,0.0,0.0,0.0,0.0,0.0,0.0,0.0,0.0,0.0,0.0,0.0,0.0
10. Quỹ khác thuộc vốn chủ sở hữu,0.0,0.0,8855000000.0,21844000000.0,20899531847.0,0.0,48969289853.0,33278540341.0,0.0,0.0,0.0,0.0,0.0,0.0,0.0,0.0,0.0,0.0,0.0,0.0,0.0,0.0,0.0,0.0,115498278740.0,115476089217.0,115482623640.0,0.0,0.0,0.0,0.0,0.0,0.0,0.0,0.0,114943857509.0,87203093024.0,87203093024.0,87203093024.0,0.0,0.0,87227790014.0,87228518204.0,87228024484.0,87228123064.0,87227200764.0,87227503294.0,87229123754.0,87230025354.0,87230351424.0,87231276674.0,87230135824.0,87248317474.0,87230283704.0,87229672044.0,87230268654.0,87229090504.0,102985531790.0,102985531790.0,87203093024.0,87203093024.0,87203093024.0,87203093024.0,87203093024.0,87203093024.0,87203093024.0,87203093024.0,87203093024.0,87203093024.0,87203093024.0,87203093024.0,87203093024.0,87203093024.0
11. Lợi nhuận sau thuế chưa phân phối,0.0,0.0,0.0,0.0,220822480330.0,398408276424.0,494297190087.0,449152878336.0,495743581567.0,503937510213.0,608318125053.0,697460867262.0,735804603612.0,838965880161.0,1018003944671.0,1108508619501.0,1417314770244.0,1387453516668.0,1681173243859.0,1608130926595.0,1695722787843.0,1854887220529.0,2152815906099.0,2471357226412.0,3096436100025.0,3181654084812.0,3514044543983.0,3137826546005.0,3202230681529.0,3181190605585.0,3539635192653.0,3987762587400.0,3902593145403.0,4199929897218.0,4566890880858.0,3893405602507.0,3973441621590.0,4264798328686.0,4708239743575.0,4301117961403.0,4260207462218.0,4386921053111.0,4732993382785.0,4249998740249.0,4250545485178.0,4671222532503.0,5019457117921.0,4309032623345.0,4930835458165.0,5507402652308.0,6019674680916.0,4670505451280.0,4776113278181.0,5289520781802.0,5912132278713.0,5367190230972.0,5649074093096.0,5999465426589.0,6687411938813.0,5744686806612.0,5843096960248.0,6390630135723.0,7294117578994.0,5900973399171.0,6089271019675.0,6997849946082.0,8244315683289.0,6595216750742.0,6953169466146.0,7704079785679.0,9207127401083.0,10666118581988.0,8388775579103.0
LNST chưa phân phối lũy kế đến cuối kỳ trước,0.0,0.0,0.0,0.0,,,,,,,,,,,,,,,,,,,,,,,,,,,,,,,,,,,,,,3923405688441.0,4387303338083.0,3388305599910.0,3380385360111.0,3139924262112.0,4606557230591.0,3384447051021.0,3376580602917.0,3323086196728.0,5510660958805.0,3567209383296.0,3561453681597.0,3515481219968.0,5285828002392.0,3949181671422.0,3949233834704.0,2766029571748.0,5940306799772.0,4118872215658.0,4072298613058.0,4049855354551.0,906142681183.0,3994895351529.0,3964992308767.0,3966759430199.0,7005423492723.0,4104252874204.0,4107042407283.0,4103787447601.0,7713564820193.0,7663648414514.0,5190116969064.0
LNST chưa phân phối kỳ này,0.0,0.0,0.0,0.0,,,,,,,,,,,,,,,,,,,,,,,,,,,,,,,,,,,,,,463515364670.0,345690044702.0,861693140339.0,870160125067.0,1531298270391.0,412899887330.0,924585572324.0,1554254855248.0,2184316455580.0,509013722111.0,1103296067984.0,1214659596584.0,1774039561834.0,626304276321.0,1418008559550.0,1699840258392.0,3233435854841.0,747105139041.0,1625814590954.0,1770798347190.0,2340774781172.0,6387974897811.0,1906078047642.0,2124278710908.0,3031090515883.0,1238892190566.0,2490963876538.0,2846127058863.0,3600292338078.0,1493562580890.0,3002470167474.0,3198658610039.0
12. Nguồn vốn đầu tư xây dựng cơ bản,0.0,0.0,0.0,0.0,0.0,0.0,0.0,0.0,0.0,0.0,0.0,0.0,0.0,0.0,0.0,0.0,0.0,0.0,0.0,0.0,0.0,0.0,0.0,0.0,0.0,0.0,0.0,0.0,0.0,0.0,0.0,0.0,0.0,0.0,0.0,0.0,0.0,0.0,0.0,0.0,0.0,0.0,0.0,0.0,0.0,0.0,0.0,0.0,0.0,0.0,0.0,0.0,0.0,0.0,0.0,0.0,0.0,0.0,0.0,0.0,0.0,0.0,0.0,0.0,0.0,0.0,0.0,0.0,0.0,0.0,0.0,0.0,0.0
13. Quỹ hỗ trợ sắp xếp doanh nghiệp,0.0,0.0,0.0,0.0,0.0,0.0,0.0,0.0,0.0,0.0,0.0,0.0,0.0,0.0,0.0,0.0,0.0,0.0,0.0,0.0,0.0,0.0,0.0,0.0,0.0,0.0,0.0,0.0,0.0,0.0,0.0,0.0,0.0,0.0,0.0,0.0,0.0,0.0,0.0,0.0,0.0,0.0,0.0,0.0,0.0,0.0,0.0,0.0,0.0,0.0,0.0,0.0,0.0,0.0,0.0,0.0,0.0,0.0,0.0,0.0,0.0,0.0,0.0,0.0,0.0,0.0,0.0,0.0,0.0,0.0,0.0,0.0,0.0
14. Lợi ích của cổ đông không kiểm soát,0.0,0.0,0.0,39644000000.0,122277606019.0,123253803071.0,144030540443.0,204797073080.0,283776416053.0,289096244556.0,417693249882.0,485931835898.0,536990740837.0,525895945400.0,615001910241.0,645584121472.0,768549750158.0,746889881041.0,804728725404.0,878058838556.0,1055005130253.0,1094658703510.0,1178586547301.0,1238065515378.0,880169397232.0,966533132326.0,898748380533.0,976138063710.0,1018412954711.0,894299301375.0,1006179324860.0,1105488965270.0,1144832555097.0,1045192283738.0,1162125766132.0,1293379784164.0,1329051320706.0,1344473716274.0,1462632160260.0,1440139812996.0,1537494021384.0,1592194992858.0,1708194645592.0,1840324148306.0,1904655208078.0,1922952382942.0,2029550890382.0,2144162072539.0,2403256247224.0,1809385579397.0,1954162280226.0,2123891391702.0,2292337007819.0,2301815230563.0,2443815265047.0,2492378126833.0,2671305243641.0,2835086436716.0,2890445222074.0,2944452240481.0,3118599246246.0,2859152779020.0,3092414808669.0,3270651290604.0,3340600465277.0,3477416153145.0,3775623015431.0,3852246361310.0,4160482918155.0,4310620574492.0,4472360423478.0,4444671445841.0,4771571633243.0
II. Nguồn kinh phí và quỹ khác,0.0,0.0,1800000000.0,2750000000.0,-5211825245.0,2750000000.0,0.0,2632541225.0,2750000000.0,2750000000.0,2750000000.0,2750000000.0,2750000000.0,2750000000.0,2750000000.0,2750000000.0,2750000000.0,2750000000.0,2750000000.0,2750000000.0,2750000000.0,2750000000.0,2750000000.0,2750000000.0,2750000000.0,2750000000.0,2750000000.0,2750000000.0,2750000000.0,2750000000.0,2750000000.0,2750000000.0,2750000000.0,2750000000.0,2750000000.0,2750000000.0,2750000000.0,2750000000.0,2750000000.0,2750000000.0,2750000000.0,2750000000.0,2750000000.0,2750000000.0,2750000000.0,2750000000.0,2750000000.0,2750000000.0,2750000000.0,2750000000.0,2750000000.0,2750000000.0,2750000000.0,2750000000.0,2750000000.0,2750000000.0,2750000000.0,2750000000.0,2750000000.0,2750000000.0,2750000000.0,2750000000.0,2750000000.0,2750000000.0,2750000000.0,2750000000.0,2750000000.0,2750000000.0,2750000000.0,2750000000.0,2750000000.0,2750000000.0,2750000000.0
1. Nguồn kinh phí ,0.0,0.0,1800000000.0,2750000000.0,0.0,2750000000.0,0.0,,2750000000.0,2750000000.0,2750000000.0,2750000000.0,2750000000.0,2750000000.0,2750000000.0,2750000000.0,2750000000.0,2750000000.0,2750000000.0,2750000000.0,2750000000.0,2750000000.0,2750000000.0,2750000000.0,2750000000.0,2750000000.0,2750000000.0,2750000000.0,2750000000.0,2750000000.0,2750000000.0,2750000000.0,2750000000.0,2750000000.0,2750000000.0,2750000000.0,2750000000.0,2750000000.0,2750000000.0,2750000000.0,2750000000.0,2750000000.0,2750000000.0,2750000000.0,2750000000.0,2750000000.0,2750000000.0,2750000000.0,2750000000.0,2750000000.0,2750000000.0,2750000000.0,2750000000.0,2750000000.0,2750000000.0,2750000000.0,2750000000.0,2750000000.0,2750000000.0,2750000000.0,2750000000.0,2750000000.0,2750000000.0,2750000000.0,2750000000.0,2750000000.0,2750000000.0,2750000000.0,2750000000.0,2750000000.0,2750000000.0,2750000000.0,2750000000.0
2. Nguồn kinh phí đã hình thành tài sản cố định,0.0,0.0,0.0,0.0,0.0,0.0,0.0,,0.0,0.0,0.0,0.0,0.0,0.0,0.0,0.0,0.0,0.0,0.0,0.0,0.0,0.0,0.0,0.0,0.0,0.0,0.0,0.0,0.0,0.0,0.0,0.0,0.0,0.0,0.0,0.0,0.0,0.0,0.0,0.0,0.0,0.0,0.0,0.0,0.0,0.0,0.0,0.0,0.0,0.0,0.0,0.0,0.0,0.0,0.0,0.0,0.0,0.0,0.0,0.0,0.0,0.0,0.0,0.0,0.0,0.0,0.0,0.0,0.0,0.0,0.0,0.0,0.0
3. Quỹ dự phòng trợ cấp mất việc làm,0.0,0.0,0.0,0.0,,0.0,0.0,,0.0,0.0,0.0,0.0,0.0,0.0,0.0,0.0,0.0,0.0,0.0,0.0,0.0,0.0,0.0,0.0,0.0,0.0,0.0,0.0,0.0,0.0,0.0,0.0,0.0,0.0,0.0,0.0,0.0,0.0,0.0,0.0,0.0,0.0,0.0,0.0,0.0,0.0,0.0,0.0,0.0,0.0,0.0,0.0,0.0,0.0,0.0,0.0,0.0,0.0,0.0,0.0,0.0,0.0,0.0,0.0,0.0,0.0,0.0,0.0,0.0,0.0,0.0,0.0,0.0
TỔNG CỘNG NGUỒN VỐN,550408000000.0,979233000000.0,1583705000000.0,2219477000000.0,2704677153091.0,3407865750201.0,3308996488309.0,3868744268323.0,3784711157521.0,5346280298375.0,6451497170734.0,6481234160350.0,6200411917821.0,6145766378047.0,5966094898667.0,6407989491090.0,7465571124032.0,10644732290780.0,10423086296104.0,11481761767631.0,12268263015063.0,12502218791477.0,12710741758151.0,12446981821499.0,14130607831347.0,15024908893983.0,14272590835150.0,14404612436178.0,14692014157305.0,14270464487818.0,14059014871732.0,15523397316021.0,15709061410848.0,17617925889434.0,17446248472812.0,17766402177083.0,19945742628025.0,22659685682437.0,22206060192447.0,22581606338389.0,23677161552011.0,25983204620723.0,24695453363506.0,25344504982890.0,26397927533364.0,29912454208197.0,28003927389473.0,28045803928967.0,29693707116780.0,25025223303861.0,25010919853656.0,26286145538324.0,28080868938813.0,29725930367404.0,28748321092475.0,30375757072964.0,32276824464760.0,33658743016242.0,34416668788926.0,35912808663756.0,37757456671158.0,41749437163498.0,44474278409818.0,46980501050598.0,48244877999621.0,53696643591424.0,55601299353620.0,56295551150306.0,55127101516155.0,51655408644948.0,50741161416448.0,60524394513231.0,62112676348644.0
