Item,Q4 2007,Q1 2008,Q2 2008,Q3 2008,Q4 2008,Q1 2009,Q2 2009,Q3 2009,Q4 2009,Q1 2010,Q2 2010,Q3 2010,Q4 2010,Q1 2011,Q2 2011,Q3 2011,Q4 2011,Q1 2012,Q2 2012,Q3 2012,Q4 2012,Q1 2013,Q2 2013,Q3 2013,Q4 2013,Q1 2014,Q2 2014,Q3 2014,Q4 2014,Q1 2015,Q2 2015,Q3 2015,Q4 2015,Q1 2016,Q2 2016,Q3 2016,Q4 2016,Q1 2017,Q2 2017,Q3 2017,Q4 2017,Q1 2018,Q2 2018,Q3 2018,Q4 2018,Q1 2019,Q2 2019,Q3 2019,Q4 2019,Q1 2020,Q2 2020,Q3 2020,Q4 2020,Q1 2021,Q2 2021,Q3 2021,Q4 2021,Q1 2022,Q2 2022,Q3 2022,Q4 2022,Q1 2023
TÀI SẢN,,,,,,,,,,,,,,,,,,,,,,,,,,,,,,,,,,,,,,,,,,,,,,,,,,,,,,,,,,,,,,
A. Tài sản lưu động và đầu tư ngắn hạn,22557657634.0,17022905813.0,18053916453.0,16349807309.0,14320038681.0,15025999715.0,21726686816.0,22129389731.0,21217016498.0,18857114871.0,25110579322.0,28864864800.0,25237890556.0,23140490411.0,26987937581.0,31366384400.0,29938035088.0,26976631111.0,34404802420.0,34982574607.0,41972887700.0,44440259165.0,53814668098.0,65371968110.0,78274176438.0,66896490896.0,80507012647.0,98277772318.0,96998900703.0,110702384478.0,100916418022.0,105526144634.0,122856572402.0,122907110083.0,172063091307.0,170176400249.0,153781818101.0,153537743530.0,170631054397.0,159201300844.0,165221613570.0,221502813517.0,208277605753.0,198085179590.0,182910271825.0,153342870328.0,161711962171.0,164252068060.0,180376942175.0,151104815074.0,135584353639.0,141873335796.0,130366837056.0,77453075483.0,113396163690.0,118918262562.0,196931019419.0,204950696016.0,182555922316.0,138210155292.0,126549430679.0,116196036039.0
I. Tiền và các khoản tương đương tiền,5236785677.0,2492617109.0,1195506754.0,872923536.0,430479113.0,514360242.0,1707918211.0,2097094445.0,4938538298.0,1150027527.0,2569655796.0,1384455105.0,5521316769.0,1545549895.0,1302416177.0,1867406159.0,3510474788.0,1899583700.0,1284856349.0,1754004497.0,4283693139.0,1801714263.0,1094333761.0,1561569903.0,12213266511.0,1674569498.0,4724608621.0,3836455287.0,5401985216.0,11135279011.0,12098687753.0,9075873171.0,15182531890.0,8035935111.0,7594176865.0,12211696869.0,12721014078.0,15653370800.0,15257747721.0,25877295367.0,25768924199.0,4229442593.0,4239083020.0,4889482009.0,7347117680.0,6830039055.0,2109579441.0,2701755562.0,5144451980.0,3113410865.0,2649782499.0,11618769836.0,22110274157.0,12887970072.0,12708626070.0,7073170719.0,9075261120.0,14297153483.0,9031903140.0,14724098454.0,4495857503.0,8710081079.0
1. Tiền,5236785677.0,,,,430479113.0,,,,4938538298.0,,,1384455105.0,5521316769.0,1545549895.0,1302416177.0,1867406159.0,3510474788.0,1899583700.0,1284856349.0,1754004497.0,4283693139.0,1801714263.0,1094333761.0,1561569903.0,12213266511.0,1674569498.0,4724608621.0,3836455287.0,5401985216.0,11135279011.0,12098687753.0,9075873171.0,15182531890.0,8035935111.0,7594176865.0,12211696869.0,12721014078.0,15653370800.0,15257747721.0,25877295367.0,25768924199.0,4229442593.0,4239083020.0,4889482009.0,7347117680.0,6830039055.0,2109579441.0,2701755562.0,5144451980.0,3113410865.0,2649782499.0,11618769836.0,22110274157.0,7875992428.0,7685489801.0,1438786620.0,3428613377.0,9238198016.0,3961443404.0,3573736480.0,4495857503.0,3595168729.0
2. Các khoản tương đương tiền,0.0,,,,0.0,,,,0.0,,,0.0,0.0,0.0,0.0,0.0,0.0,0.0,0.0,0.0,0.0,0.0,0.0,0.0,0.0,0.0,0.0,0.0,0.0,0.0,0.0,0.0,0.0,0.0,0.0,0.0,0.0,0.0,0.0,0.0,0.0,0.0,0.0,0.0,0.0,0.0,0.0,0.0,0.0,0.0,0.0,0.0,0.0,5011977644.0,5023136269.0,5634384099.0,5646647743.0,5058955467.0,5070459736.0,11150361974.0,0.0,5114912350.0
II. Các khoản đầu tư tài chính ngắn hạn,0.0,0.0,0.0,0.0,0.0,0.0,11836556032.0,0.0,0.0,0.0,0.0,0.0,0.0,0.0,0.0,0.0,0.0,0.0,0.0,0.0,0.0,0.0,0.0,0.0,0.0,0.0,0.0,0.0,0.0,0.0,0.0,0.0,0.0,0.0,0.0,0.0,0.0,0.0,0.0,0.0,0.0,0.0,0.0,3000000000.0,0.0,0.0,0.0,0.0,0.0,0.0,0.0,0.0,15000000000.0,0.0,0.0,0.0,1886976000.0,8486976000.0,20678720000.0,1142400000.0,5485293974.0,402780000.0
1. Chứng khoán kinh doanh,0.0,0.0,0.0,0.0,0.0,0.0,,0.0,0.0,0.0,0.0,0.0,0.0,0.0,0.0,0.0,0.0,0.0,0.0,0.0,0.0,0.0,0.0,0.0,0.0,0.0,0.0,0.0,0.0,0.0,0.0,0.0,0.0,0.0,0.0,0.0,0.0,0.0,0.0,0.0,0.0,0.0,0.0,0.0,0.0,0.0,0.0,0.0,0.0,0.0,0.0,0.0,0.0,0.0,0.0,0.0,0.0,0.0,1480166925.0,1480166925.0,1480166925.0,1480166925.0
2. Dự phòng giảm giá chứng khoán kinh doanh,0.0,0.0,0.0,0.0,0.0,0.0,,0.0,0.0,0.0,0.0,0.0,0.0,0.0,0.0,0.0,0.0,0.0,0.0,0.0,0.0,0.0,0.0,0.0,0.0,0.0,0.0,0.0,0.0,0.0,0.0,0.0,0.0,0.0,0.0,0.0,0.0,0.0,0.0,0.0,0.0,0.0,0.0,0.0,0.0,0.0,0.0,0.0,0.0,0.0,0.0,0.0,0.0,0.0,0.0,0.0,0.0,0.0,-337766925.0,-337766925.0,-1077386925.0,-1077386925.0
3. Đầu tư nắm giữ đến ngày đáo hạn,0.0,0.0,0.0,0.0,0.0,0.0,,0.0,0.0,0.0,0.0,0.0,0.0,0.0,0.0,0.0,0.0,0.0,0.0,0.0,0.0,0.0,0.0,0.0,0.0,0.0,0.0,0.0,0.0,0.0,0.0,0.0,0.0,0.0,0.0,0.0,0.0,0.0,0.0,0.0,0.0,0.0,0.0,3000000000.0,0.0,0.0,0.0,0.0,0.0,0.0,0.0,0.0,15000000000.0,0.0,0.0,0.0,1886976000.0,8486976000.0,19536320000.0,0.0,5082513974.0,0.0
III. Các khoản phải thu ngắn hạn,9543483458.0,6819014165.0,10079753215.0,8315136802.0,7454173421.0,6483247445.0,,10472846357.0,8028560673.0,8990853690.0,12110935249.0,17579422424.0,11114055529.0,7719087322.0,10931932424.0,14695547387.0,14574012232.0,12055822966.0,19880284290.0,19484908508.0,24140863958.0,24520582596.0,37050353980.0,39858306182.0,34698836170.0,38953313817.0,46630109322.0,60207293190.0,46790014850.0,61977039412.0,50915385257.0,57733519587.0,72588217472.0,73348559109.0,85230362136.0,91909314282.0,78570430808.0,74816748279.0,94699784622.0,66308390999.0,78662467790.0,124889164684.0,69577887647.0,101993371800.0,71661100073.0,35792138284.0,43430369741.0,50728145267.0,87013368796.0,64569059179.0,60652093222.0,53354773029.0,40797848622.0,14705181181.0,33431806935.0,41663911298.0,128562454931.0,104454605914.0,62661422088.0,45980485443.0,62771430204.0,55796854423.0
1. Phải thu ngắn hạn của khách hàng,3567558557.0,,,,6068646799.0,,,,7758518255.0,,,16392725208.0,10103596555.0,7000470722.0,10005047725.0,14536510823.0,14414511993.0,11826891814.0,18600698559.0,19330944590.0,24089387741.0,24438025190.0,36485690033.0,39357979525.0,34777660000.0,39466837394.0,46255651789.0,58575871885.0,48960421423.0,61058748924.0,50150741817.0,56796865506.0,73265108396.0,72371150917.0,80263730932.0,88620655603.0,76457083109.0,70828757460.0,89055678200.0,60978049491.0,70113488658.0,99840765548.0,58238669986.0,91625780376.0,65285138489.0,27148062051.0,39541039766.0,46555957566.0,85593436237.0,61805597611.0,59142062530.0,45876250010.0,42399106401.0,16414492497.0,33695148482.0,38050945009.0,116462437324.0,95624985286.0,50807580945.0,31788052913.0,42960654701.0,47041657364.0
2. Trả trước cho người bán,4759619204.0,,,,94421818.0,,,,4000000.0,,,1066200000.0,916185000.0,547084032.0,724832000.0,0.0,19514030.0,74499050.0,1209834113.0,96344676.0,15916395.0,28841395.0,481600822.0,472533090.0,117455000.0,973164490.0,1807013801.0,3215660510.0,56288760.0,787812717.0,680212660.0,824905229.0,1128711960.0,1294982500.0,3299950090.0,2242424687.0,1454268581.0,1906645548.0,2854618551.0,3541474715.0,9286807103.0,23614976487.0,11531737050.0,10209866091.0,6750746627.0,6597863351.0,1983080957.0,2226442721.0,2514521747.0,2320053620.0,1955826054.0,8018958467.0,2330000253.0,1941074562.0,3309425134.0,3058539518.0,11719225417.0,7787521152.0,3551181566.0,2618079725.0,19257256534.0,7984131651.0
3. Phải thu nội bộ ngắn hạn,0.0,,,,0.0,,,,0.0,,,0.0,0.0,0.0,0.0,0.0,0.0,0.0,0.0,0.0,0.0,0.0,0.0,0.0,0.0,0.0,0.0,0.0,0.0,0.0,0.0,0.0,0.0,0.0,0.0,0.0,0.0,0.0,0.0,0.0,0.0,0.0,0.0,0.0,0.0,0.0,0.0,0.0,0.0,0.0,0.0,0.0,0.0,0.0,0.0,0.0,0.0,0.0,0.0,0.0,0.0,0.0
4. Phải thu theo tiến độ hợp đồng xây dựng,0.0,,,,0.0,,,,0.0,,,0.0,0.0,0.0,0.0,0.0,0.0,0.0,0.0,0.0,0.0,0.0,0.0,0.0,0.0,0.0,0.0,0.0,0.0,0.0,0.0,0.0,0.0,0.0,0.0,0.0,0.0,0.0,0.0,0.0,0.0,0.0,0.0,0.0,0.0,0.0,0.0,0.0,0.0,0.0,0.0,0.0,0.0,0.0,0.0,0.0,0.0,0.0,0.0,0.0,0.0,0.0
5. Phải thu về cho vay ngắn hạn,0.0,,,,0.0,,,,0.0,,,0.0,0.0,0.0,0.0,0.0,0.0,0.0,0.0,0.0,0.0,0.0,0.0,0.0,0.0,0.0,0.0,0.0,0.0,0.0,0.0,0.0,0.0,0.0,0.0,0.0,0.0,0.0,0.0,0.0,0.0,0.0,0.0,0.0,0.0,0.0,0.0,0.0,0.0,0.0,0.0,0.0,0.0,0.0,0.0,0.0,0.0,0.0,0.0,0.0,0.0,0.0
6. Phải thu ngắn hạn khác,1216305697.0,,,,1291104804.0,,,,266042418.0,,,120497216.0,94273974.0,171532568.0,202052699.0,159036564.0,139986209.0,154432102.0,127979018.0,115846642.0,118741822.0,136898011.0,166245125.0,110975567.0,258082128.0,269087591.0,118754590.0,129879768.0,117450340.0,2474623444.0,2509038188.0,2536356260.0,1274852412.0,2762880988.0,2121287310.0,1500840188.0,1113685314.0,2535951467.0,3244094067.0,2243472989.0,686853875.0,2858104495.0,1232162457.0,1582407179.0,1049896803.0,3470894728.0,3330930864.0,3370426826.0,976809758.0,2514806894.0,1625603584.0,1530963498.0,330963664.0,611835818.0,631309015.0,554426771.0,380792190.0,1042099476.0,8302659577.0,11574352805.0,553518969.0,1117309408.0
7. Dự phòng phải thu ngắn hạn khó đòi,0.0,,,,0.0,,,,0.0,,,0.0,0.0,0.0,0.0,0.0,0.0,0.0,-58227400.0,-58227400.0,-83182000.0,-83182000.0,-83182000.0,-83182000.0,-454360958.0,-1755775658.0,-1551310858.0,-1714118973.0,-2344145673.0,-2344145673.0,-2424607408.0,-2424607408.0,-3080455296.0,-3080455296.0,-454606196.0,-454606196.0,-454606196.0,-454606196.0,-454606196.0,-454606196.0,-1424681846.0,-1424681846.0,-1424681846.0,-1424681846.0,-1424681846.0,-1424681846.0,-1424681846.0,-1424681846.0,-2071398946.0,-2071398946.0,-2071398946.0,-2071398946.0,-4262221696.0,-4262221696.0,-4204075696.0,0.0,0.0,0.0,0.0,0.0,0.0,-346244000.0
IV. Tổng hàng tồn kho,6529640993.0,6543392683.0,6157155799.0,6557395656.0,5935367328.0,7373251009.0,7741568148.0,9125729467.0,8165796820.0,8281478738.0,10223841750.0,9427611626.0,8147971183.0,11831097379.0,13196724112.0,13110614205.0,10287767258.0,10280065261.0,10933169572.0,12079912434.0,11827263515.0,15925069553.0,13261201247.0,21953390171.0,29860256109.0,23589857610.0,26472083979.0,31789223817.0,41501069278.0,36322108393.0,36652031972.0,37492217259.0,34149036435.0,40843601432.0,75792661054.0,64441559000.0,61667236023.0,59463730151.0,58801724190.0,64843055412.0,59895004804.0,87258814683.0,126770184935.0,85917960581.0,102857385082.0,109667419851.0,114054359061.0,108055215652.0,87574112588.0,82643431353.0,71811551891.0,76227342032.0,52213802740.0,49459600272.0,65972923589.0,69418610359.0,55836184648.0,74855812340.0,84440903215.0,71815377371.0,52766624533.0,50587924486.0
1. Hàng tồn kho,6529640993.0,,,,5935367328.0,,,,8612641526.0,,,9874456332.0,8575887897.0,12259014093.0,13624640826.0,13538530919.0,10715683972.0,10707981975.0,11361086286.0,12443541083.0,12201677736.0,16299483774.0,13635615468.0,22369315729.0,30283684860.0,24013286361.0,26895512730.0,32338461150.0,42132164438.0,36953203553.0,37227461630.0,38067646917.0,34700167327.0,41394732324.0,76252067539.0,64875999733.0,62052839331.0,59849333459.0,59128853993.0,65170185215.0,60222134607.0,87585944486.0,127097314738.0,86245090384.0,103170304815.0,109980339584.0,114283763223.0,108284619814.0,87803516750.0,82872835515.0,72038017518.0,76453807659.0,52437004534.0,49682802066.0,66166110178.0,69611796948.0,56029371237.0,75048998929.0,84634089804.0,72008563960.0,53133529334.0,50954829287.0
2. Dự phòng giảm giá hàng tồn kho,0.0,,,,0.0,,,,-446844706.0,,,-446844706.0,-427916714.0,-427916714.0,-427916714.0,-427916714.0,-427916714.0,-427916714.0,-427916714.0,-363628649.0,-374414221.0,-374414221.0,-374414221.0,-415925558.0,-423428751.0,-423428751.0,-423428751.0,-549237333.0,-631095160.0,-631095160.0,-575429658.0,-575429658.0,-551130892.0,-551130892.0,-459406485.0,-434440733.0,-385603308.0,-385603308.0,-327129803.0,-327129803.0,-327129803.0,-327129803.0,-327129803.0,-327129803.0,-312919733.0,-312919733.0,-229404162.0,-229404162.0,-229404162.0,-229404162.0,-226465627.0,-226465627.0,-223201794.0,-223201794.0,-193186589.0,-193186589.0,-193186589.0,-193186589.0,-193186589.0,-193186589.0,-366904801.0,-366904801.0
V. Tài sản ngắn hạn khác,1247747506.0,1167881856.0,621500685.0,604351315.0,500018819.0,655141019.0,440644425.0,433719462.0,84120707.0,434754916.0,206146527.0,473375645.0,454547075.0,2044755815.0,1556864868.0,1692816649.0,1565780810.0,2741159184.0,2306492209.0,1663749168.0,1721067088.0,2192892753.0,2408779110.0,1998701854.0,1501817648.0,2678749971.0,2680210725.0,2444800024.0,3305831359.0,1267957662.0,1250313040.0,1224534617.0,936786605.0,679014431.0,3445891252.0,1613830098.0,823137192.0,3603894300.0,1871797864.0,2172559066.0,895216777.0,5125391557.0,7690450151.0,2284365200.0,1044668990.0,1053273138.0,2117653928.0,2766951579.0,645008811.0,778913677.0,470926027.0,672450899.0,244911537.0,400323958.0,1282807096.0,762570186.0,1570142720.0,2856148279.0,5742973873.0,4547794024.0,1030224465.0,698396051.0
1. Chi phí trả trước ngắn hạn,368715167.0,,,,145061229.0,,,,56542714.0,,,345835965.0,372998078.0,1196951917.0,753274944.0,487298627.0,482447665.0,819681734.0,533976145.0,475544305.0,377689148.0,327485713.0,420102392.0,390723077.0,395717430.0,457663928.0,1372935005.0,1164394320.0,1505776724.0,1267957662.0,1250313040.0,1224534617.0,936786605.0,679014431.0,1114528753.0,942611394.0,823137192.0,3603894300.0,1871797864.0,2172559066.0,727848721.0,3417088910.0,3495748383.0,2284365200.0,1044668990.0,806925781.0,1279745712.0,2766951579.0,645008811.0,778913677.0,470926027.0,497912620.0,244911537.0,153611809.0,437420369.0,303575742.0,1570142720.0,1572438060.0,3808898636.0,4167081495.0,1030224465.0,698396051.0
2. Thuế giá trị gia tăng được khấu trừ,536608765.0,,,,0.0,,,,0.0,,,0.0,0.0,267324282.0,0.0,0.0,0.0,0.0,25804948.0,0.0,0.0,0.0,0.0,72725724.0,0.0,0.0,0.0,0.0,523396397.0,0.0,0.0,0.0,0.0,0.0,2331362499.0,594570408.0,0.0,0.0,0.0,0.0,167368056.0,1708302647.0,4194701768.0,0.0,0.0,246347357.0,837908216.0,0.0,0.0,0.0,0.0,174538279.0,0.0,246712149.0,845386727.0,458994444.0,0.0,1283710219.0,1934075237.0,380712529.0,0.0,0.0
3. Thuế và các khoản phải thu Nhà nước,305175180.0,,,,299621090.0,,,,0.0,,,0.0,0.0,0.0,0.0,0.0,0.0,0.0,0.0,0.0,0.0,0.0,0.0,4489045.0,0.0,0.0,95486663.0,0.0,0.0,0.0,0.0,0.0,0.0,0.0,0.0,76648296.0,0.0,0.0,0.0,0.0,0.0,0.0,0.0,0.0,0.0,0.0,0.0,0.0,0.0,0.0,0.0,0.0,0.0,0.0,0.0,0.0,0.0,0.0,0.0,0.0,0.0,0.0
4. Giao dịch mua bán lại trái phiếu chính phủ,0.0,,,,0.0,,,,0.0,,,0.0,0.0,0.0,0.0,0.0,0.0,0.0,0.0,0.0,0.0,0.0,0.0,0.0,0.0,0.0,0.0,0.0,0.0,0.0,0.0,0.0,0.0,0.0,0.0,0.0,0.0,0.0,0.0,0.0,0.0,0.0,0.0,0.0,0.0,0.0,0.0,0.0,0.0,0.0,0.0,0.0,0.0,0.0,0.0,0.0,0.0,0.0,0.0,0.0,0.0,0.0
5. Tài sản ngắn hạn khác,37248394.0,,,,55336500.0,,,,27577993.0,,,127539680.0,81548997.0,580479616.0,803589924.0,1205518022.0,1083333145.0,1921477450.0,1746711116.0,1188204863.0,1343377940.0,1865407040.0,1988676718.0,1530764008.0,1106100218.0,2221086043.0,1211789057.0,1280405704.0,1276658238.0,0.0,0.0,0.0,0.0,0.0,0.0,0.0,0.0,0.0,0.0,0.0,0.0,0.0,0.0,0.0,0.0,0.0,0.0,0.0,0.0,0.0,0.0,0.0,0.0,0.0,0.0,0.0,0.0,0.0,0.0,0.0,0.0,0.0
B. Tài sản cố định và đầu tư dài hạn,13191268053.0,15109137094.0,20001938549.0,19781241050.0,20149512680.0,19561120024.0,19191341537.0,18656536242.0,19246765982.0,18643177432.0,18204710040.0,17890358112.0,18762355346.0,18660646988.0,18079086653.0,16937711421.0,15210312606.0,14481144215.0,13790856136.0,14117868406.0,13592009862.0,13040155325.0,13056919052.0,12868479827.0,13696557499.0,13713206459.0,16551445797.0,16551856033.0,18254581541.0,20213204232.0,20640948093.0,23163832916.0,23174970336.0,22652050262.0,23193429451.0,27843141592.0,32196830096.0,30914894986.0,32504880402.0,34988001336.0,34902855019.0,33463152862.0,33728574566.0,33023441734.0,31330307543.0,29868428268.0,31535717411.0,32686999858.0,33202269818.0,31521972263.0,32640463750.0,40637797452.0,61997683877.0,60602379949.0,58648590623.0,56662696260.0,56391747999.0,67117456520.0,66673398369.0,64355902288.0,57190851335.0,54353257961.0
I. Các khoản phải thu dài hạn,0.0,0.0,0.0,0.0,0.0,,,,0.0,0.0,0.0,0.0,0.0,0.0,0.0,0.0,0.0,0.0,0.0,0.0,0.0,0.0,0.0,0.0,0.0,0.0,0.0,0.0,0.0,121109397.0,100579197.0,112138229.0,118200681.0,104047354.0,107387009.0,115335977.0,140680811.0,150155682.0,277010481.0,258524186.0,303197347.0,349791952.0,399555326.0,444912453.0,504043432.0,638494838.0,673764906.0,737123036.0,760405434.0,869848315.0,999395471.0,1013351430.0,1163264475.0,1057677388.0,1034693050.0,961691590.0,1031196057.0,1313668604.0,1284050743.0,1439425269.0,1416851382.0,589583378.0
1. Phải thu dài hạn của khách hàng,0.0,0.0,0.0,0.0,0.0,,,,0.0,0.0,0.0,0.0,0.0,0.0,0.0,0.0,0.0,0.0,0.0,0.0,0.0,0.0,0.0,0.0,0.0,0.0,0.0,0.0,0.0,0.0,0.0,0.0,0.0,0.0,0.0,0.0,0.0,0.0,0.0,0.0,0.0,0.0,0.0,0.0,0.0,0.0,0.0,0.0,0.0,0.0,0.0,0.0,0.0,0.0,0.0,0.0,0.0,0.0,0.0,0.0,0.0,0.0
2. Vốn kinh doanh tại các đơn vị trực thuộc,0.0,0.0,0.0,0.0,0.0,,,,0.0,0.0,0.0,0.0,0.0,0.0,0.0,0.0,0.0,0.0,0.0,0.0,0.0,0.0,0.0,0.0,0.0,0.0,0.0,0.0,0.0,0.0,0.0,0.0,0.0,0.0,0.0,0.0,0.0,0.0,0.0,0.0,0.0,0.0,0.0,0.0,0.0,0.0,0.0,0.0,0.0,0.0,0.0,0.0,0.0,0.0,0.0,0.0,0.0,0.0,0.0,0.0,0.0,0.0
3. Phải thu dài hạn nội bộ,0.0,0.0,0.0,0.0,0.0,,,,0.0,0.0,0.0,0.0,0.0,0.0,0.0,0.0,0.0,0.0,0.0,0.0,0.0,0.0,0.0,0.0,0.0,0.0,0.0,0.0,0.0,0.0,0.0,0.0,0.0,0.0,0.0,0.0,0.0,0.0,0.0,0.0,0.0,0.0,0.0,0.0,0.0,0.0,0.0,0.0,0.0,0.0,0.0,0.0,0.0,0.0,0.0,0.0,0.0,0.0,0.0,0.0,0.0,0.0
4. Phải thu về cho vay dài hạn,0.0,0.0,0.0,0.0,0.0,,,,0.0,0.0,0.0,0.0,0.0,0.0,0.0,0.0,0.0,0.0,0.0,0.0,0.0,0.0,0.0,0.0,0.0,0.0,0.0,0.0,0.0,0.0,0.0,0.0,0.0,0.0,0.0,0.0,0.0,0.0,0.0,0.0,0.0,0.0,0.0,0.0,0.0,0.0,0.0,0.0,0.0,0.0,0.0,0.0,0.0,0.0,0.0,0.0,0.0,0.0,0.0,0.0,0.0,0.0
5. Phải thu dài hạn khác,0.0,0.0,0.0,0.0,0.0,,,,0.0,0.0,0.0,0.0,0.0,0.0,0.0,0.0,0.0,0.0,0.0,0.0,0.0,0.0,0.0,0.0,0.0,0.0,0.0,0.0,0.0,121109397.0,100579197.0,112138229.0,118200681.0,104047354.0,107387009.0,115335977.0,140680811.0,150155682.0,277010481.0,258524186.0,303197347.0,349791952.0,399555326.0,444912453.0,504043432.0,638494838.0,673764906.0,737123036.0,760405434.0,869848315.0,999395471.0,1013351430.0,1163264475.0,1057677388.0,1034693050.0,961691590.0,1031196057.0,1313668604.0,1284050743.0,1439425269.0,1416851382.0,589583378.0
6. Dự phòng phải thu dài hạn khó đòi,0.0,0.0,0.0,0.0,0.0,,,,0.0,0.0,0.0,0.0,0.0,0.0,0.0,0.0,0.0,0.0,0.0,0.0,0.0,0.0,0.0,0.0,0.0,0.0,0.0,0.0,0.0,0.0,0.0,0.0,0.0,0.0,0.0,0.0,0.0,0.0,0.0,0.0,0.0,0.0,0.0,0.0,0.0,0.0,0.0,0.0,0.0,0.0,0.0,0.0,0.0,0.0,0.0,0.0,0.0,0.0,0.0,0.0,0.0,0.0
II. Tài sản cố định,7593349180.0,11547631930.0,17057251746.0,16858429482.0,18059248284.0,,,,17190067093.0,16623623940.0,16082608454.0,15544949426.0,16401717547.0,16247483338.0,15738011304.0,15223661136.0,14490167530.0,13759642180.0,13065004814.0,13271404982.0,12544423439.0,12104357488.0,11656076569.0,11819810516.0,12032340153.0,12262219045.0,14699908791.0,14702957920.0,16284967066.0,18559026525.0,19424491050.0,21850836157.0,21340877649.0,21093587793.0,21911015573.0,24915434132.0,24802570642.0,23300739614.0,31450373501.0,31271573114.0,32830564626.0,30392208998.0,31539869833.0,31303714723.0,29540821351.0,27426970829.0,26084347146.0,28837792444.0,27243137199.0,27163618856.0,25574640240.0,23908038346.0,36357201443.0,49343196135.0,47294515319.0,54270698876.0,52738803925.0,56446058510.0,61477215018.0,59235050182.0,55189372992.0,53198878311.0
1. Tài sản cố định hữu hình,2258701564.0,6240184210.0,11777003922.0,11605381554.0,12833400252.0,12321164148.0,11920583578.0,11444238209.0,12073018645.0,11533775388.0,10932532131.0,10346977006.0,11245517946.0,11133056556.0,10665357341.0,10192779992.0,9501059205.0,8812306674.0,8159442127.0,8407615114.0,7722406390.0,7324113258.0,6915107237.0,7110760508.0,7350490041.0,7607568829.0,10072458471.0,10102707496.0,11711916538.0,14013175893.0,14905840314.0,17359385317.0,16876626705.0,16656536745.0,17501164421.0,20532782876.0,20447119282.0,18972488150.0,27149321933.0,26997721442.0,28583912850.0,26172757118.0,27347617849.0,27138662635.0,25402969159.0,23022738533.0,21589067246.0,24406409940.0,22875652091.0,22860031144.0,21334949924.0,19732245426.0,32245305919.0,45295198007.0,43310414587.0,50179680484.0,48726754845.0,46148620005.0,51650984195.0,49871872041.0,47106941605.0,45512061556.0
Nguyên giá,2906797284.0,,,,15479052683.0,,,,17119384038.0,,,17197520402.0,18702866610.0,19236821000.0,19445545900.0,19658761050.0,19658761050.0,19658761050.0,19248567555.0,20158832439.0,20197709712.0,20522908712.0,20561158712.0,20798932613.0,21502632613.0,22248732613.0,25262918240.0,25884792240.0,27953986785.0,30986081231.0,32737301231.0,36145827304.0,36875901304.0,37907905904.0,40099555025.0,44749137752.0,46602112752.0,46355492235.0,56578360306.0,58482534077.0,62405425779.0,62405425779.0,64955536763.0,67080332735.0,67549125669.0,67549125669.0,67478190235.0,71796148445.0,71704915350.0,73274814782.0,72856354782.0,72856354782.0,86933615010.0,101607400811.0,101735300811.0,110463017460.0,110832807460.0,100497783851.0,107094864466.0,107094864466.0,83485816965.0,83485816965.0
Giá trị hao mòn lũy kế,-648095720.0,,,,-2645652431.0,,,,-5046365393.0,,,-6850543396.0,-7457348664.0,-8103764444.0,-8780188559.0,-9465981058.0,-10157701845.0,-10846454376.0,-11089125428.0,-11751217325.0,-12475303322.0,-13198795454.0,-13646051475.0,-13688172105.0,-14152142572.0,-14641163784.0,-15190459769.0,-15782084744.0,-16242070247.0,-16972905338.0,-17831460917.0,-18786441987.0,-19999274599.0,-21251369159.0,-22598390604.0,-24216354876.0,-26154993470.0,-27383004085.0,-29429038373.0,-31484812635.0,-33821512929.0,-36232668661.0,-37607918914.0,-39941670100.0,-42146156510.0,-44526387136.0,-45889122989.0,-47389738505.0,-48829263259.0,-50414783638.0,-51521404858.0,-53124109356.0,-54688309091.0,-56312202804.0,-58424886224.0,-60283336976.0,-62106052615.0,-54349163846.0,-55443880271.0,-57222992425.0,-36378875360.0,-37973755409.0
2. Tài sản cố định thuê tài chính,0.0,0.0,0.0,0.0,0.0,,,,0.0,0.0,0.0,0.0,0.0,0.0,0.0,0.0,0.0,0.0,0.0,0.0,0.0,0.0,0.0,0.0,0.0,0.0,0.0,0.0,0.0,0.0,0.0,0.0,0.0,0.0,0.0,0.0,0.0,0.0,0.0,0.0,0.0,0.0,0.0,0.0,0.0,0.0,0.0,0.0,0.0,0.0,0.0,0.0,0.0,0.0,0.0,0.0,0.0,6364358737.0,5943577867.0,5522796997.0,4284322055.0,3930979235.0
Nguyên giá,0.0,0.0,0.0,0.0,0.0,,,,0.0,0.0,0.0,0.0,0.0,0.0,0.0,0.0,0.0,0.0,0.0,0.0,0.0,0.0,0.0,0.0,0.0,0.0,0.0,0.0,0.0,0.0,0.0,0.0,0.0,0.0,0.0,0.0,0.0,0.0,0.0,0.0,0.0,0.0,0.0,0.0,0.0,0.0,0.0,0.0,0.0,0.0,0.0,0.0,0.0,0.0,0.0,0.0,0.0,6732493960.0,6732493960.0,6732493960.0,5653485145.0,5653485145.0
Giá trị hao mòn lũy kế,0.0,0.0,0.0,0.0,0.0,,,,0.0,0.0,0.0,0.0,0.0,0.0,0.0,0.0,0.0,0.0,0.0,0.0,0.0,0.0,0.0,0.0,0.0,0.0,0.0,0.0,0.0,0.0,0.0,0.0,0.0,0.0,0.0,0.0,0.0,0.0,0.0,0.0,0.0,0.0,0.0,0.0,0.0,0.0,0.0,0.0,0.0,0.0,0.0,0.0,0.0,0.0,0.0,0.0,0.0,-368135223.0,-788916093.0,-1209696963.0,-1369163090.0,-1722505910.0
3. Tài sản cố định vô hình,5334647616.0,5307447720.0,5280247824.0,5253047928.0,5225848032.0,5198648136.0,5171448240.0,5144248344.0,5117048448.0,5089848552.0,5150076323.0,5197972420.0,5156199601.0,5114426782.0,5072653963.0,5030881144.0,4989108325.0,4947335506.0,4905562687.0,4863789868.0,4822017049.0,4780244230.0,4740969332.0,4709050008.0,4681850112.0,4654650216.0,4627450320.0,4600250424.0,4573050528.0,4545850632.0,4518650736.0,4491450840.0,4464250944.0,4437051048.0,4409851152.0,4382651256.0,4355451360.0,4328251464.0,4301051568.0,4273851672.0,4246651776.0,4219451880.0,4192251984.0,4165052088.0,4137852192.0,4404232296.0,4495279900.0,4431382504.0,4367485108.0,4303587712.0,4239690316.0,4175792920.0,4111895524.0,4047998128.0,3984100732.0,4091018392.0,4012049080.0,3933079768.0,3882652956.0,3840381144.0,3798109332.0,3755837520.0
Nguyên giá,5461580464.0,,,,5461580464.0,,,,5461580464.0,,,5636455564.0,5636455564.0,5636455564.0,5636455564.0,5636455564.0,5636455564.0,5636455564.0,5636455564.0,5636455564.0,5636455564.0,5636455564.0,5636455564.0,5636455564.0,5636455564.0,5636455564.0,5636455564.0,5636455564.0,5636455564.0,5636455564.0,5636455564.0,5636455564.0,5636455564.0,5636455564.0,5636455564.0,5636455564.0,5636455564.0,5636455564.0,5636455564.0,5636455564.0,5636455564.0,5636455564.0,5636455564.0,5636455564.0,5636455564.0,5930035564.0,6076825564.0,6076825564.0,6076825564.0,6076825564.0,6076825564.0,6076825564.0,6076825564.0,6076825564.0,6076825564.0,6257688564.0,6257688564.0,6257688564.0,6257688564.0,6257688564.0,6257688564.0,6257688564.0
Giá trị hao mòn lũy kế,-126932848.0,,,,-235732432.0,,,,-344532016.0,,,-438483144.0,-480255963.0,-522028782.0,-563801601.0,-605574420.0,-647347239.0,-689120058.0,-730892877.0,-772665696.0,-814438515.0,-856211334.0,-895486232.0,-927405556.0,-954605452.0,-981805348.0,-1009005244.0,-1036205140.0,-1063405036.0,-1090604932.0,-1117804828.0,-1145004724.0,-1172204620.0,-1199404516.0,-1226604412.0,-1253804308.0,-1281004204.0,-1308204100.0,-1335403996.0,-1362603892.0,-1389803788.0,-1417003684.0,-1444203580.0,-1471403476.0,-1498603372.0,-1525803268.0,-1581545664.0,-1645443060.0,-1709340456.0,-1773237852.0,-1837135248.0,-1901032644.0,-1964930040.0,-2028827436.0,-2092724832.0,-2166670172.0,-2245639484.0,-2324608796.0,-2375035608.0,-2417307420.0,-2459579232.0,-2501851044.0
III. Bất động sản đầu tư,0.0,0.0,0.0,0.0,0.0,,,,0.0,0.0,0.0,0.0,0.0,0.0,0.0,0.0,0.0,0.0,0.0,0.0,0.0,0.0,0.0,0.0,0.0,0.0,0.0,0.0,0.0,0.0,0.0,0.0,0.0,0.0,0.0,0.0,0.0,0.0,0.0,0.0,0.0,0.0,0.0,0.0,0.0,0.0,0.0,0.0,0.0,0.0,0.0,0.0,0.0,0.0,0.0,0.0,0.0,0.0,0.0,0.0,0.0,0.0
Nguyên giá,0.0,0.0,0.0,0.0,0.0,,,,0.0,0.0,0.0,0.0,0.0,0.0,0.0,0.0,0.0,0.0,0.0,0.0,0.0,0.0,0.0,0.0,0.0,0.0,0.0,0.0,0.0,0.0,0.0,0.0,0.0,0.0,0.0,0.0,0.0,0.0,0.0,0.0,0.0,0.0,0.0,0.0,0.0,0.0,0.0,0.0,0.0,0.0,0.0,0.0,0.0,0.0,0.0,0.0,0.0,0.0,0.0,0.0,0.0,0.0
Giá trị hao mòn lũy kế,0.0,0.0,0.0,0.0,0.0,,,,0.0,0.0,0.0,0.0,0.0,0.0,0.0,0.0,0.0,0.0,0.0,0.0,0.0,0.0,0.0,0.0,0.0,0.0,0.0,0.0,0.0,0.0,0.0,0.0,0.0,0.0,0.0,0.0,0.0,0.0,0.0,0.0,0.0,0.0,0.0,0.0,0.0,0.0,0.0,0.0,0.0,0.0,0.0,0.0,0.0,0.0,0.0,0.0,0.0,0.0,0.0,0.0,0.0,0.0
IV. Tài sản dở dang dài hạn,4481609873.0,1605551056.0,950669564.0,949369564.0,0.0,,,,44349600.0,44349600.0,159850000.0,198536480.0,110936390.0,200000000.0,213215150.0,0.0,0.0,0.0,0.0,22955150.0,56636150.0,149354786.0,344407426.0,0.0,127000000.0,127000000.0,144250000.0,144250000.0,50848100.0,0.0,0.0,0.0,469177750.0,190000000.0,190000000.0,2093636364.0,6823568105.0,6936566197.0,120472379.0,1861616481.0,0.0,1351432226.0,468038755.0,0.0,0.0,708888191.0,3825209155.0,1748274280.0,2914246096.0,1518108664.0,4326659292.0,14259395770.0,22621088818.0,8504534649.0,8727716649.0,0.0,1303359190.0,8040091473.0,2677421414.0,2677421414.0,0.0,269617227.0
"1. Chi phí sản xuất, kinh doanh dở dang dài hạn",,,,,0.0,,,,,,,,,,,0.0,0.0,0.0,0.0,,,,,0.0,,,,,,0.0,0.0,0.0,0.0,0.0,0.0,0.0,0.0,0.0,0.0,0.0,0.0,0.0,0.0,0.0,0.0,0.0,0.0,0.0,0.0,0.0,0.0,0.0,0.0,0.0,0.0,0.0,0.0,0.0,0.0,0.0,0.0,0.0
2. chi phí xây dựng cơ bản dở dang,,,,,0.0,,,,,,,,,,,0.0,0.0,0.0,0.0,,,,,0.0,,,,,,0.0,0.0,0.0,469177750.0,190000000.0,190000000.0,2093636364.0,6823568105.0,6936566197.0,120472379.0,1861616481.0,0.0,1351432226.0,468038755.0,0.0,0.0,708888191.0,3825209155.0,1748274280.0,2914246096.0,1518108664.0,4326659292.0,14259395770.0,22621088818.0,8504534649.0,8727716649.0,0.0,1303359190.0,8040091473.0,2677421414.0,2677421414.0,0.0,269617227.0
V. Các khoản đầu tư tài chính dài hạn,1116309000.0,1820680000.0,1820680000.0,1820680000.0,1820680000.0,1820680000.0,1820680000.0,1820680000.0,1820680000.0,1820680000.0,1820680000.0,1820680000.0,1820680000.0,1820680000.0,1820680000.0,1271005789.0,0.0,0.0,0.0,0.0,0.0,0.0,0.0,0.0,0.0,0.0,0.0,0.0,0.0,0.0,0.0,0.0,0.0,0.0,0.0,0.0,0.0,0.0,0.0,0.0,0.0,0.0,0.0,0.0,0.0,0.0,0.0,0.0,0.0,0.0,0.0,0.0,0.0,0.0,0.0,0.0,0.0,0.0,0.0,0.0,0.0,0.0
1. Đầu tư vào công ty con,0.0,,,,0.0,,,,0.0,,,0.0,0.0,0.0,0.0,0.0,0.0,0.0,0.0,0.0,0.0,0.0,0.0,0.0,0.0,0.0,0.0,0.0,0.0,0.0,0.0,0.0,0.0,0.0,0.0,0.0,0.0,0.0,0.0,0.0,0.0,0.0,0.0,0.0,0.0,0.0,0.0,0.0,0.0,0.0,0.0,0.0,0.0,0.0,0.0,0.0,0.0,0.0,0.0,0.0,0.0,0.0
"2. Đầu tư vào công ty liên kết, liên doanh",0.0,,,,0.0,,,,0.0,,,0.0,0.0,0.0,0.0,0.0,0.0,0.0,0.0,0.0,0.0,0.0,0.0,0.0,0.0,0.0,0.0,0.0,0.0,1820680000.0,0.0,0.0,0.0,0.0,0.0,0.0,0.0,0.0,0.0,0.0,0.0,0.0,0.0,0.0,0.0,0.0,0.0,0.0,0.0,0.0,0.0,0.0,0.0,0.0,0.0,0.0,0.0,0.0,0.0,0.0,0.0,0.0
3. Đầu tư khác vào công cụ vốn,1116309000.0,,,,1820680000.0,,,,1820680000.0,,,1820680000.0,1820680000.0,1820680000.0,1820680000.0,1820680000.0,1820680000.0,1820680000.0,1820680000.0,1820680000.0,1820680000.0,1820680000.0,1820680000.0,1820680000.0,1820680000.0,1820680000.0,1820680000.0,1820680000.0,1820680000.0,-1820680000.0,1820680000.0,1820680000.0,1820680000.0,1820680000.0,0.0,0.0,0.0,0.0,0.0,0.0,0.0,0.0,0.0,0.0,0.0,0.0,0.0,0.0,0.0,0.0,0.0,0.0,0.0,0.0,0.0,0.0,0.0,0.0,0.0,0.0,0.0,0.0
4. Dự phòng giảm giá đầu tư tài chính dài hạn,0.0,,,,0.0,,,,0.0,,,0.0,0.0,0.0,0.0,-549674211.0,-1820680000.0,-1820680000.0,-1820680000.0,-1820680000.0,-1820680000.0,-1820680000.0,-1820680000.0,-1820680000.0,-1820680000.0,-1820680000.0,-1820680000.0,-1820680000.0,-1820680000.0,0.0,-1820680000.0,-1820680000.0,-1820680000.0,-1820680000.0,0.0,0.0,0.0,0.0,0.0,0.0,0.0,0.0,0.0,0.0,0.0,0.0,0.0,0.0,0.0,0.0,0.0,0.0,0.0,0.0,0.0,0.0,0.0,0.0,0.0,0.0,0.0,0.0
5. Đầu tư nắm giữ đến ngày đáo hạn,0.0,,,,0.0,,,,0.0,,,0.0,0.0,0.0,0.0,0.0,0.0,0.0,0.0,0.0,0.0,0.0,0.0,0.0,0.0,0.0,0.0,0.0,0.0,0.0,0.0,0.0,0.0,0.0,0.0,0.0,0.0,0.0,0.0,0.0,0.0,0.0,0.0,0.0,0.0,0.0,0.0,0.0,0.0,0.0,0.0,0.0,0.0,0.0,0.0,0.0,0.0,0.0,0.0,0.0,0.0,0.0
VI. Tổng tài sản dài hạn khác,0.0,135274108.0,173337239.0,152762004.0,269584396.0,220627740.0,278629719.0,247369689.0,191669289.0,154523892.0,141571586.0,326192206.0,429021409.0,392483650.0,307180199.0,443044496.0,720145076.0,721502035.0,725851322.0,823508274.0,990950273.0,786443051.0,1056435057.0,1048669311.0,1537217346.0,1323987414.0,1707287006.0,1704648113.0,1918766375.0,1533068310.0,1115877846.0,1200858530.0,1246714256.0,1264415115.0,985026869.0,718735119.0,430010538.0,1054866986.0,657024041.0,1596287555.0,1769093046.0,1369719686.0,1321110652.0,1274814558.0,1285442760.0,1094074410.0,952396204.0,1363810098.0,2284481089.0,1970396428.0,1739768747.0,1457011906.0,1856129141.0,1696971777.0,1591665605.0,1430305794.0,1318388827.0,1317637933.0,1234711194.0,1004005423.0,584626961.0,295179045.0
1. Chi phí trả trước dài hạn,0.0,,,,259584396.0,,,,181669289.0,,,292242206.0,395071409.0,358533650.0,273230199.0,409094496.0,686195076.0,687552035.0,681901322.0,779558274.0,947000273.0,742493051.0,953630741.0,935691315.0,1420727634.0,1203761277.0,1610597019.0,1590954219.0,1807683408.0,1533068310.0,1115877846.0,1200858530.0,1246714256.0,1264415115.0,985026869.0,718735119.0,430010538.0,527433493.0,657024041.0,1596287555.0,1769093046.0,1369719686.0,1321110652.0,1274814558.0,1285442760.0,1094074410.0,952396204.0,1363810098.0,2284481089.0,1970396428.0,1739768747.0,1457011906.0,1856129141.0,1696971777.0,1591665605.0,1430305794.0,1318388827.0,1317637933.0,1234711194.0,1004005423.0,584626961.0,295179045.0
2. Tài sản Thuế thu nhập hoãn lại,0.0,,,,0.0,,,,0.0,,,0.0,0.0,0.0,0.0,0.0,0.0,0.0,0.0,0.0,0.0,0.0,0.0,0.0,0.0,0.0,0.0,0.0,0.0,0.0,0.0,0.0,0.0,0.0,0.0,0.0,0.0,0.0,0.0,0.0,0.0,0.0,0.0,0.0,0.0,0.0,0.0,0.0,0.0,0.0,0.0,0.0,0.0,0.0,0.0,0.0,0.0,0.0,0.0,0.0,0.0,0.0
3. Tài sản dài hạn khác,0.0,,,,10000000.0,,,,10000000.0,,,33950000.0,33950000.0,33950000.0,33950000.0,33950000.0,33950000.0,33950000.0,43950000.0,43950000.0,43950000.0,43950000.0,102804316.0,112977996.0,116489712.0,120226137.0,96689987.0,113693894.0,111082967.0,0.0,0.0,0.0,0.0,0.0,0.0,0.0,0.0,527433493.0,0.0,0.0,0.0,0.0,0.0,0.0,0.0,0.0,0.0,0.0,0.0,0.0,0.0,0.0,0.0,0.0,0.0,0.0,0.0,0.0,0.0,0.0,0.0,0.0
VII. Lợi thế thương mại,0.0,0.0,0.0,0.0,0.0,,,,0.0,0.0,0.0,0.0,0.0,0.0,0.0,0.0,0.0,0.0,0.0,0.0,0.0,0.0,0.0,0.0,0.0,0.0,0.0,0.0,0.0,0.0,0.0,0.0,0.0,0.0,0.0,0.0,0.0,0.0,0.0,0.0,0.0,0.0,0.0,0.0,0.0,0.0,0.0,0.0,0.0,0.0,0.0,0.0,0.0,0.0,0.0,0.0,0.0,0.0,0.0,0.0,0.0,0.0
TỔNG CỘNG TÀI SẢN,35748925687.0,32132042907.0,38055855002.0,36131048359.0,34469551361.0,34587119739.0,40918028353.0,40785925973.0,40463782480.0,37500292303.0,43315289362.0,46755222912.0,44000245902.0,41801137399.0,45067024234.0,48304095821.0,45148347694.0,41457775326.0,48195658556.0,49100443013.0,55564897562.0,57480414490.0,66871587150.0,78240447937.0,91970733937.0,80609697355.0,97058458444.0,114829628351.0,115253482244.0,130915588710.0,121557366115.0,128689977550.0,146031542738.0,145559160345.0,195256520758.0,198019541841.0,185978648197.0,184452638516.0,203135934799.0,194189302180.0,200124468589.0,254965966379.0,242006180319.0,231108621324.0,214240579368.0,183211298596.0,193247679582.0,196939067918.0,213579211993.0,182626787337.0,168224817389.0,182511133248.0,192364520933.0,138055455432.0,172044754313.0,175580958822.0,253322767418.0,272068152536.0,249229320685.0,202566057580.0,183740282014.0,170549294000.0
NGUỒN VỐN,,,,,,,,,,,,,,,,,,,,,,,,,,,,,,,,,,,,,,,,,,,,,,,,,,,,,,,,,,,,,,
A. Nợ phải trả,9110746228.0,5425214737.0,10221322020.0,7581649692.0,7464629388.0,7012292233.0,11874399347.0,10791642189.0,10839988820.0,7822093998.0,12706875342.0,15446265504.0,14133476030.0,9934985484.0,12526768775.0,15714986323.0,12613917162.0,8562325717.0,13473687742.0,13083044144.0,17774078602.0,20703848316.0,27283748312.0,38606574378.0,49961695852.0,39654135162.0,53643370897.0,68160852402.0,68606016608.0,73666480933.0,61725630915.0,65723147156.0,79072018407.0,79488331302.0,125320821951.0,132046716758.0,103200016334.0,103763096873.0,119696368497.0,107980409292.0,115338553244.0,171281258873.0,155186363776.0,140260177517.0,127287705194.0,107889984836.0,125879467471.0,128529566937.0,139976142204.0,113478328210.0,101601200708.0,119339655214.0,123168999152.0,71785968019.0,107552826918.0,110486128410.0,182416402719.0,201146590222.0,183975249798.0,143354437333.0,111776224127.0,102206019808.0
I. Nợ ngắn hạn,9110746228.0,5413214737.0,10195072020.0,7555399692.0,7431679388.0,6991342233.0,11874399347.0,10791642189.0,10839988820.0,7822093998.0,12706875342.0,15446265504.0,14133476030.0,9934985484.0,12526768775.0,15714986323.0,12613917162.0,8562325717.0,13473687742.0,13083044144.0,17774078602.0,20703848316.0,27283748312.0,38606574378.0,49961695852.0,39104135162.0,51718020097.0,66180749298.0,66741586950.0,70881225357.0,59112526065.0,63339752856.0,76860774833.0,77449238454.0,123453879829.0,130351925362.0,101677375664.0,102412606929.0,118518029279.0,107042970800.0,114538890478.0,170619371833.0,154662252462.0,139873841929.0,127039145332.0,107779200700.0,125857847841.0,128260365667.0,139706940934.0,113223678360.0,101437093027.0,119175547533.0,117338940407.0,62052358063.0,89620989666.0,94322580042.0,165942307085.0,175427651195.0,161052600052.0,121098457502.0,91408029521.0,87799371061.0
1. Vay và nợ thuê tài chính ngắn hạn,0.0,,,,0.0,,,,1225038450.0,,,6320755960.0,5520755960.0,3647084032.0,3549845000.0,2948551186.0,1623418717.0,2485515717.0,2325559669.0,5217196616.0,7598307801.0,7902645023.0,10597767379.0,7004454994.0,15654938923.0,17491796501.0,28850188583.0,39987451232.0,28596461234.0,30824631223.0,28860274492.0,22348766562.0,33254453547.0,36776673163.0,57483927755.0,72280482262.0,46615235688.0,58222947231.0,46893124082.0,38185639140.0,42406734691.0,68525120156.0,55138013630.0,56527810045.0,70559206757.0,65795832096.0,82401948558.0,76057525212.0,91759585427.0,70517767977.0,57047796567.0,23468181580.0,45600943800.0,46630365449.0,51162061649.0,44104648975.0,37833848611.0,92602151852.0,86293109681.0,65606611086.0,60770055416.0,52503345623.0
2. Vay và nợ dài hạn đến hạn phải trả,0.0,,,,0.0,,,,0.0,,,0.0,0.0,0.0,0.0,0.0,0.0,0.0,0.0,0.0,0.0,0.0,0.0,0.0,0.0,0.0,0.0,0.0,0.0,0.0,0.0,0.0,0.0,0.0,0.0,0.0,0.0,0.0,0.0,0.0,0.0,0.0,0.0,0.0,0.0,0.0,0.0,0.0,0.0,0.0,0.0,0.0,0.0,0.0,0.0,0.0,0.0,0.0,0.0,0.0,0.0,0.0
3. Phải trả người bán ngắn hạn,5000877616.0,,,,3391571657.0,,,,5178801591.0,,,4235627875.0,3600374692.0,3622984464.0,5954765708.0,9283311779.0,6732189865.0,3970158522.0,7722760294.0,4137735413.0,5977090797.0,9318510704.0,8376604880.0,23113824413.0,25017672030.0,15954725126.0,15659880516.0,16187969544.0,23158682334.0,27622331536.0,18367814078.0,25733627527.0,31344814186.0,31644611763.0,49729711523.0,47581361068.0,42246080513.0,36702138470.0,47773990764.0,60476668258.0,63965221424.0,81557871124.0,92403961863.0,72993581213.0,48577155871.0,31834958315.0,34931165268.0,37929185096.0,34526974526.0,27031929020.0,31087768422.0,60594538964.0,52748500335.0,8572843368.0,29942688962.0,38810434303.0,113407386886.0,75338505122.0,66886559042.0,43490041014.0,19000809201.0,19535723210.0
4. Người mua trả tiền trước,0.0,,,,0.0,,,,0.0,,,0.0,0.0,0.0,0.0,8250000.0,0.0,0.0,0.0,10824000.0,22000000.0,156057000.0,415113500.0,413859950.0,180349950.0,36828000.0,59713000.0,214914748.0,3772574372.0,419608270.0,479563370.0,2265664675.0,558491570.0,238090370.0,7311835370.0,1295813770.0,495512769.0,718440569.0,15768998769.0,487018269.0,443768769.0,12616147468.0,177162068.0,869429952.0,551364868.0,1623998201.0,1336308171.0,6606404501.0,873478439.0,7573048705.0,4537419709.0,26142708827.0,8846095783.0,343793111.0,518516704.0,3944524727.0,3881554649.0,1126180908.0,1420291878.0,6328775644.0,702268676.0,2469555028.0
5. Thuế và các khoản phải nộp nhà nước,97443368.0,,,,169387225.0,,,,337331803.0,,,826375219.0,462359253.0,104899376.0,177549997.0,658617375.0,414956061.0,235744706.0,838984900.0,855353374.0,483733249.0,468483201.0,1408278256.0,192679257.0,247472169.0,509855478.0,567852491.0,573899894.0,434621322.0,1536547829.0,327445447.0,612308209.0,725485071.0,516558016.0,283355919.0,143831278.0,1103500116.0,467108180.0,1675608427.0,927086312.0,585984153.0,503651370.0,258362277.0,2321919040.0,323324325.0,586651817.0,72152061.0,558499068.0,3523834821.0,786696327.0,2512110248.0,1780375940.0,2148183242.0,38787698.0,44776078.0,79956254.0,2713451584.0,84930857.0,50242130.0,20276095.0,5027419805.0,5339386265.0
6. Phải trả người lao động,1100750010.0,,,,608652130.0,,,,1177873260.0,,,2211869648.0,2307123342.0,444593501.0,506154327.0,532859915.0,1549027803.0,471148554.0,1030175099.0,1269715633.0,2069100938.0,690256761.0,3145951344.0,4332350953.0,4339199727.0,1157747960.0,2407505329.0,4908011517.0,5394448718.0,5519410973.0,6709520130.0,7606159570.0,6281246410.0,2298355211.0,3404992541.0,3205727272.0,2369345220.0,1904759677.0,1695687283.0,1974517409.0,1913791497.0,2254223151.0,2180781720.0,2909287774.0,2462413690.0,1744906435.0,1682765888.0,1861554526.0,4100474701.0,1907290654.0,1413687074.0,2055075694.0,2990283997.0,1499404163.0,1702349880.0,2152201301.0,3329566033.0,2029506673.0,1812597120.0,1419056586.0,980525364.0,685780215.0
7. Chi phí phải trả ngắn hạn,48428500.0,,,,57981250.0,,,,94301213.0,,,0.0,0.0,0.0,0.0,0.0,0.0,0.0,0.0,0.0,0.0,0.0,0.0,0.0,58028333.0,40013318.0,56619564.0,57559824.0,90424387.0,0.0,0.0,0.0,32553068.0,0.0,0.0,0.0,48218474.0,0.0,0.0,0.0,43988830.0,0.0,0.0,0.0,70321482.0,0.0,0.0,0.0,87024095.0,0.0,0.0,0.0,37522283.0,15259253.0,1099438688.0,205252728.0,62152745.0,64583331.0,0.0,63409091.0,90828890.0,5706272.0
8. Phải trả nội bộ ngắn hạn,0.0,,,,0.0,,,,0.0,,,0.0,0.0,0.0,0.0,0.0,0.0,0.0,0.0,0.0,0.0,0.0,0.0,0.0,0.0,0.0,0.0,0.0,0.0,0.0,0.0,0.0,0.0,0.0,0.0,0.0,0.0,0.0,0.0,0.0,0.0,0.0,0.0,0.0,0.0,0.0,0.0,0.0,0.0,0.0,0.0,0.0,0.0,0.0,0.0,0.0,0.0,0.0,0.0,0.0,0.0,0.0
9. Phải trả theo tiến độ kế hoạch hợp đồng xây dựng,0.0,,,,0.0,,,,0.0,,,0.0,0.0,0.0,0.0,0.0,0.0,0.0,0.0,0.0,0.0,0.0,0.0,0.0,0.0,0.0,0.0,0.0,0.0,0.0,0.0,0.0,0.0,0.0,0.0,0.0,0.0,0.0,0.0,0.0,0.0,0.0,0.0,0.0,0.0,0.0,0.0,0.0,0.0,0.0,0.0,0.0,0.0,0.0,0.0,0.0,0.0,0.0,0.0,0.0,0.0,0.0
10. Doanh thu chưa thực hiện ngắn hạn,0.0,,,,0.0,,,,0.0,,,0.0,0.0,0.0,0.0,0.0,0.0,0.0,0.0,0.0,0.0,0.0,0.0,0.0,0.0,0.0,0.0,0.0,0.0,0.0,0.0,0.0,0.0,0.0,0.0,0.0,0.0,0.0,0.0,0.0,0.0,0.0,0.0,0.0,0.0,0.0,0.0,0.0,0.0,0.0,0.0,0.0,0.0,0.0,0.0,0.0,0.0,0.0,0.0,0.0,0.0,0.0
11. Phải trả ngắn hạn khác,2163120648.0,,,,2174464310.0,,,,949155177.0,,,647424652.0,1319967210.0,840678246.0,1118395113.0,1109807221.0,1263386579.0,782185601.0,975965603.0,1046987229.0,1172314377.0,1051099100.0,2266844533.0,2654975269.0,3666461039.0,1985608726.0,2239089246.0,2687358780.0,3829266633.0,2046638897.0,2332410689.0,2802348017.0,3161351606.0,2626796191.0,2619685829.0,3440882596.0,6663759169.0,1502055315.0,2143953734.0,2527218227.0,3059836159.0,1829558510.0,2555383130.0,2734951131.0,3331110565.0,1989601271.0,1927463675.0,2020243044.0,1827644705.0,2417653157.0,1891588487.0,2193224008.0,2592990381.0,2092574435.0,2802851119.0,2683135168.0,2611798691.0,2162564566.0,2722012315.0,2360840100.0,3060234283.0,5494086562.0
12. Dự phòng phải trả ngắn hạn,0.0,,,,0.0,,,,0.0,,,0.0,0.0,0.0,0.0,0.0,0.0,0.0,0.0,0.0,0.0,0.0,0.0,0.0,0.0,0.0,0.0,0.0,0.0,0.0,0.0,57559824.0,54231009.0,54231009.0,28894110.0,28894110.0,0.0,0.0,0.0,0.0,0.0,0.0,0.0,0.0,0.0,0.0,0.0,0.0,0.0,0.0,0.0,0.0,0.0,0.0,0.0,0.0,0.0,0.0,0.0,0.0,0.0,0.0
13. Quỹ khen thưởng phúc lợi,700126086.0,538127077.0,478533555.0,460798851.0,1029622816.0,778747317.0,738412061.0,645848408.0,1877487326.0,0.0,0.0,1204212150.0,922895573.0,1274745865.0,1220058630.0,1173588847.0,1030938137.0,617572617.0,580242177.0,545231879.0,451531440.0,1116796527.0,1073188420.0,894429542.0,797573681.0,1927560053.0,1877171368.0,1563583759.0,1465107950.0,2912056629.0,2035497859.0,1913318472.0,1448148366.0,3293922731.0,2591476782.0,2374933006.0,2135723715.0,2895157487.0,2566666220.0,2464823185.0,2119564955.0,3332800054.0,1948587774.0,1516862774.0,1164247774.0,4203252565.0,3506044220.0,3226954220.0,3007924220.0,2989292520.0,2946722520.0,2941442520.0,2374420586.0,2859330586.0,2348306586.0,2342426586.0,2102547886.0,2019227886.0,1867787886.0,1809447886.0,1775887886.0,1765787886.0
14. Quỹ bình ổn giá,0.0,,,,0.0,,,,0.0,,,0.0,0.0,0.0,0.0,0.0,0.0,0.0,0.0,0.0,0.0,0.0,0.0,0.0,0.0,0.0,0.0,0.0,0.0,0.0,0.0,0.0,0.0,0.0,0.0,0.0,0.0,0.0,0.0,0.0,0.0,0.0,0.0,0.0,0.0,0.0,0.0,0.0,0.0,0.0,0.0,0.0,0.0,0.0,0.0,0.0,0.0,0.0,0.0,0.0,0.0,0.0
15. Giao dịch mua bán lại trái phiếu chính phủ,0.0,,,,0.0,,,,0.0,,,0.0,0.0,0.0,0.0,0.0,0.0,0.0,0.0,0.0,0.0,0.0,0.0,0.0,0.0,0.0,0.0,0.0,0.0,0.0,0.0,0.0,0.0,0.0,0.0,0.0,0.0,0.0,0.0,0.0,0.0,0.0,0.0,0.0,0.0,0.0,0.0,0.0,0.0,0.0,0.0,0.0,0.0,0.0,0.0,0.0,0.0,0.0,0.0,0.0,0.0,0.0
II. Nợ dài hạn,0.0,12000000.0,26250000.0,26250000.0,32950000.0,20950000.0,0.0,0.0,0.0,0.0,0.0,0.0,0.0,0.0,0.0,0.0,0.0,0.0,0.0,0.0,0.0,0.0,0.0,0.0,0.0,550000000.0,1925350800.0,1980103104.0,1864429658.0,2785255576.0,2613104850.0,2383394300.0,2211243574.0,2039092848.0,1866942122.0,1694791396.0,1522640670.0,1350489944.0,1178339218.0,937438492.0,799662766.0,661887040.0,524111314.0,386335588.0,248559862.0,110784136.0,21619630.0,269201270.0,269201270.0,254649850.0,164107681.0,164107681.0,5830058745.0,9733609956.0,17931837252.0,16163548368.0,16474095634.0,25718939027.0,22922649746.0,22255979831.0,20368194606.0,14406648747.0
1. Phải trả người bán dài hạn,0.0,,,,0.0,,0.0,0.0,0.0,0.0,0.0,0.0,0.0,0.0,0.0,0.0,0.0,0.0,0.0,0.0,0.0,0.0,0.0,0.0,0.0,0.0,0.0,0.0,0.0,0.0,0.0,0.0,0.0,0.0,0.0,0.0,0.0,0.0,0.0,0.0,0.0,0.0,0.0,0.0,0.0,0.0,0.0,0.0,0.0,0.0,0.0,0.0,0.0,0.0,0.0,0.0,0.0,0.0,0.0,0.0,0.0,0.0
2. Chi phí phải trả dài hạn,0.0,,,,0.0,,0.0,0.0,0.0,0.0,0.0,0.0,0.0,0.0,0.0,0.0,0.0,0.0,0.0,0.0,0.0,0.0,0.0,0.0,0.0,0.0,0.0,0.0,0.0,0.0,0.0,0.0,0.0,0.0,0.0,0.0,0.0,0.0,0.0,0.0,0.0,0.0,0.0,0.0,0.0,0.0,0.0,0.0,0.0,0.0,0.0,0.0,0.0,0.0,0.0,0.0,0.0,0.0,0.0,0.0,0.0,0.0
3. Phải trả nội bộ về vốn kinh doanh,0.0,,,,0.0,,0.0,0.0,0.0,0.0,0.0,0.0,0.0,0.0,0.0,0.0,0.0,0.0,0.0,0.0,0.0,0.0,0.0,0.0,0.0,0.0,0.0,0.0,0.0,0.0,0.0,0.0,0.0,0.0,0.0,0.0,0.0,0.0,0.0,0.0,0.0,0.0,0.0,0.0,0.0,0.0,0.0,0.0,0.0,0.0,0.0,0.0,0.0,0.0,0.0,0.0,0.0,0.0,0.0,0.0,0.0,0.0
4. Phải trả nội bộ dài hạn,0.0,,,,0.0,,0.0,0.0,0.0,0.0,0.0,0.0,0.0,0.0,0.0,0.0,0.0,0.0,0.0,0.0,0.0,0.0,0.0,0.0,0.0,0.0,0.0,0.0,0.0,0.0,0.0,0.0,0.0,0.0,0.0,0.0,0.0,0.0,0.0,0.0,0.0,0.0,0.0,0.0,0.0,0.0,0.0,0.0,0.0,0.0,0.0,0.0,0.0,0.0,0.0,0.0,0.0,0.0,0.0,0.0,0.0,0.0
5. Phải trả dài hạn khác,0.0,,,,32950000.0,,0.0,0.0,0.0,0.0,0.0,0.0,0.0,0.0,0.0,0.0,0.0,0.0,0.0,0.0,0.0,0.0,0.0,0.0,0.0,0.0,0.0,0.0,0.0,0.0,0.0,0.0,0.0,0.0,0.0,0.0,0.0,0.0,0.0,0.0,0.0,0.0,0.0,0.0,0.0,0.0,0.0,0.0,0.0,0.0,0.0,0.0,0.0,0.0,0.0,0.0,0.0,0.0,0.0,0.0,0.0,0.0
6. Vay và nợ thuê tài chính dài hạn,0.0,,,,0.0,,0.0,0.0,0.0,0.0,0.0,0.0,0.0,0.0,0.0,0.0,0.0,0.0,0.0,0.0,0.0,0.0,0.0,0.0,0.0,550000000.0,1925350800.0,1980103104.0,1864429658.0,2727695752.0,2555545026.0,2383394300.0,2211243574.0,2039092848.0,1866942122.0,1694791396.0,1522640670.0,1350489944.0,1178339218.0,937438492.0,799662766.0,661887040.0,524111314.0,386335588.0,248559862.0,110784136.0,21619630.0,0.0,0.0,0.0,0.0,0.0,5688182400.0,9591733611.0,17829573107.0,16078665085.0,16412252099.0,20134924915.0,17719943383.0,17430943363.0,16622623841.0,14406648747.0
7. Trái phiếu chuyển đổi,0.0,,,,0.0,,0.0,0.0,0.0,0.0,0.0,0.0,0.0,0.0,0.0,0.0,0.0,0.0,0.0,0.0,0.0,0.0,0.0,0.0,0.0,0.0,0.0,0.0,0.0,0.0,0.0,0.0,0.0,0.0,0.0,0.0,0.0,0.0,0.0,0.0,0.0,0.0,0.0,0.0,0.0,0.0,0.0,0.0,0.0,0.0,0.0,0.0,0.0,0.0,0.0,0.0,0.0,0.0,0.0,0.0,0.0,0.0
8. Thuế thu nhập hoãn lại phải trả,0.0,,,,0.0,,0.0,0.0,0.0,0.0,0.0,0.0,0.0,0.0,0.0,0.0,0.0,0.0,0.0,0.0,0.0,0.0,0.0,0.0,0.0,0.0,0.0,0.0,0.0,0.0,0.0,0.0,0.0,0.0,0.0,0.0,0.0,0.0,0.0,0.0,0.0,0.0,0.0,0.0,0.0,0.0,0.0,0.0,0.0,0.0,0.0,0.0,0.0,0.0,0.0,0.0,0.0,0.0,0.0,0.0,0.0,0.0
9. Dự phòng trợ cấp mất việc làm,0.0,,,,0.0,,0.0,0.0,0.0,0.0,0.0,0.0,0.0,0.0,0.0,0.0,0.0,0.0,0.0,0.0,0.0,0.0,0.0,0.0,0.0,0.0,0.0,0.0,0.0,0.0,0.0,0.0,0.0,0.0,0.0,0.0,0.0,0.0,0.0,0.0,0.0,0.0,0.0,0.0,0.0,0.0,0.0,0.0,0.0,0.0,0.0,0.0,0.0,0.0,0.0,0.0,0.0,0.0,0.0,0.0,0.0,0.0
10. Dự phòng phải trả dài hạn,0.0,,,,0.0,,0.0,0.0,0.0,0.0,0.0,0.0,0.0,0.0,0.0,0.0,0.0,0.0,0.0,0.0,0.0,0.0,0.0,0.0,0.0,0.0,0.0,0.0,0.0,57559824.0,57559824.0,0.0,0.0,0.0,0.0,0.0,0.0,0.0,0.0,0.0,0.0,0.0,0.0,0.0,0.0,0.0,0.0,0.0,0.0,0.0,0.0,0.0,0.0,0.0,0.0,0.0,0.0,0.0,0.0,0.0,0.0,0.0
11. Doanh thu chưa thực hiện dài hạn,0.0,,,,0.0,,0.0,0.0,0.0,0.0,0.0,0.0,0.0,0.0,0.0,0.0,0.0,0.0,0.0,0.0,0.0,0.0,0.0,0.0,0.0,0.0,0.0,0.0,0.0,0.0,0.0,0.0,0.0,0.0,0.0,0.0,0.0,0.0,0.0,0.0,0.0,0.0,0.0,0.0,0.0,0.0,0.0,269201270.0,269201270.0,254649850.0,164107681.0,164107681.0,141876345.0,141876345.0,102264145.0,84883283.0,61843535.0,5584014112.0,5202706363.0,4825036468.0,3745570765.0,0.0
12. Quỹ phát triển khoa học và công nghệ,0.0,,,,0.0,,0.0,0.0,0.0,0.0,0.0,0.0,0.0,0.0,0.0,0.0,0.0,0.0,0.0,0.0,0.0,0.0,0.0,0.0,0.0,0.0,0.0,0.0,0.0,0.0,0.0,0.0,0.0,0.0,0.0,0.0,0.0,0.0,0.0,0.0,0.0,0.0,0.0,0.0,0.0,0.0,0.0,0.0,0.0,0.0,0.0,0.0,0.0,0.0,0.0,0.0,0.0,0.0,0.0,0.0,0.0,0.0
B. Nguồn vốn chủ sở hữu,26638179459.0,26706828170.0,27834532982.0,28549398667.0,27004921973.0,27574827506.0,29043629006.0,29994283784.0,29623793660.0,29678198305.0,30608414020.0,31308957408.0,29866769872.0,31866151915.0,32540255459.0,32589109498.0,32534430532.0,32895449609.0,34721970814.0,36017398869.0,37790818960.0,36776566174.0,39587838838.0,39633873559.0,42009038085.0,40955562193.0,43415087547.0,46668775949.0,46647465636.0,57249107777.0,59831735200.0,62966830394.0,66959524331.0,66070829043.0,69935698807.0,65972825083.0,82778631863.0,80689541643.0,83439566302.0,86208892888.0,84785915345.0,83684707506.0,86819816543.0,90848443807.0,86952874174.0,75321313760.0,67368212111.0,68409500981.0,73603069789.0,69148459127.0,66623616681.0,63171478034.0,69195521781.0,66269487413.0,64491927395.0,65094830412.0,70906364699.0,70921562314.0,65254070887.0,59211620247.0,71964057887.0,68343274192.0
I. Vốn chủ sở hữu,26638179459.0,26706828170.0,27834532982.0,28549398667.0,27004921973.0,27574827506.0,29043629006.0,29994283784.0,29623793660.0,29678198305.0,30608414020.0,31308957408.0,29866769872.0,31866151915.0,32540255459.0,32589109498.0,32534430532.0,32895449609.0,34721970814.0,36017398869.0,37790818960.0,36776566174.0,39587838838.0,39633873559.0,42009038085.0,40955562193.0,43415087547.0,46668775949.0,46647465636.0,57249107777.0,59831735200.0,62966830394.0,66959524331.0,66070829043.0,69935698807.0,65972825083.0,82778631863.0,80689541643.0,83439566302.0,86208892888.0,84785915345.0,83684707506.0,86819816543.0,90848443807.0,86952874174.0,75321313760.0,67368212111.0,68409500981.0,73603069789.0,69148459127.0,66623616681.0,63171478034.0,69195521781.0,66269487413.0,64491927395.0,65094830412.0,70906364699.0,70921562314.0,65254070887.0,59211620247.0,71964057887.0,68343274192.0
1. Vốn đầu tư của chủ sở hữu,25000000000.0,25000000000.0,25000000000.0,25000000000.0,25000000000.0,25000000000.0,25000000000.0,25000000000.0,25000000000.0,25000000000.0,25000000000.0,25000000000.0,25000000000.0,27657870000.0,27657870000.0,27657870000.0,29317240000.0,29317240000.0,29317240000.0,29317240000.0,29317240000.0,29317240000.0,29317240000.0,30781530000.0,30781530000.0,30781530000.0,30781530000.0,30781530000.0,30781530000.0,40015980000.0,44815020000.0,44815020000.0,44815020000.0,44815020000.0,44815020000.0,44815020000.0,54674320000.0,54674320000.0,54674320000.0,54674320000.0,54674320000.0,54674320000.0,54674320000.0,54674320000.0,54674320000.0,54674320000.0,54674320000.0,54674320000.0,54674320000.0,54674320000.0,54674320000.0,54674320000.0,54674320000.0,54674320000.0,54674320000.0,54674320000.0,54674320000.0,54674320000.0,54674320000.0,54674320000.0,54674320000.0,54674320000.0
2. Thặng dư vốn cổ phần,0.0,0.0,0.0,0.0,0.0,0.0,0.0,0.0,0.0,0.0,0.0,0.0,0.0,0.0,0.0,0.0,0.0,0.0,0.0,0.0,0.0,0.0,0.0,0.0,0.0,0.0,0.0,0.0,0.0,0.0,0.0,0.0,0.0,0.0,0.0,0.0,3816120000.0,3816120000.0,3816120000.0,3816120000.0,3816120000.0,3816120000.0,3816120000.0,3816120000.0,3816120000.0,3816120000.0,3816120000.0,3816120000.0,3816120000.0,3816120000.0,3816120000.0,3816120000.0,3816120000.0,3816120000.0,3816120000.0,3816120000.0,3816120000.0,3816120000.0,3816120000.0,3816120000.0,3816120000.0,3816120000.0
3. Quyền chọn chuyển đổi trái phiếu,0.0,0.0,0.0,0.0,0.0,0.0,0.0,0.0,0.0,0.0,0.0,0.0,0.0,0.0,0.0,0.0,0.0,0.0,0.0,0.0,0.0,0.0,0.0,0.0,0.0,0.0,0.0,0.0,0.0,0.0,0.0,0.0,0.0,0.0,0.0,0.0,0.0,0.0,0.0,0.0,0.0,0.0,0.0,0.0,0.0,0.0,0.0,0.0,0.0,0.0,0.0,0.0,0.0,0.0,0.0,0.0,0.0,0.0,0.0,0.0,0.0,0.0
4. Vốn khác của chủ sở hữu,0.0,0.0,0.0,0.0,0.0,0.0,0.0,0.0,0.0,0.0,0.0,0.0,0.0,0.0,0.0,0.0,0.0,0.0,0.0,0.0,0.0,0.0,0.0,0.0,0.0,0.0,0.0,0.0,0.0,0.0,0.0,0.0,0.0,0.0,0.0,0.0,0.0,0.0,0.0,0.0,0.0,0.0,0.0,0.0,0.0,0.0,0.0,0.0,0.0,0.0,0.0,0.0,0.0,0.0,0.0,0.0,0.0,0.0,0.0,0.0,0.0,0.0
5. Cổ phiếu quỹ,0.0,0.0,0.0,0.0,0.0,0.0,0.0,0.0,0.0,0.0,0.0,0.0,0.0,0.0,0.0,0.0,0.0,0.0,0.0,0.0,0.0,0.0,0.0,0.0,0.0,0.0,0.0,0.0,0.0,0.0,0.0,0.0,0.0,0.0,0.0,0.0,0.0,0.0,0.0,0.0,0.0,0.0,0.0,0.0,0.0,0.0,0.0,0.0,0.0,0.0,0.0,0.0,0.0,0.0,0.0,0.0,0.0,0.0,0.0,0.0,0.0,0.0
6. Chênh lệch đánh giá lại tài sản,0.0,0.0,0.0,0.0,0.0,0.0,0.0,0.0,0.0,0.0,0.0,0.0,0.0,0.0,0.0,0.0,0.0,0.0,0.0,0.0,0.0,0.0,0.0,0.0,0.0,0.0,0.0,0.0,0.0,0.0,0.0,0.0,0.0,0.0,0.0,0.0,0.0,0.0,0.0,0.0,0.0,0.0,0.0,0.0,0.0,0.0,0.0,0.0,0.0,0.0,0.0,0.0,0.0,0.0,0.0,0.0,0.0,0.0,0.0,0.0,0.0,0.0
7. Chênh lệch tỷ giá hối đoái,0.0,0.0,0.0,0.0,0.0,0.0,0.0,0.0,0.0,0.0,0.0,0.0,0.0,0.0,0.0,0.0,0.0,0.0,0.0,0.0,0.0,0.0,0.0,0.0,0.0,0.0,0.0,0.0,0.0,0.0,0.0,0.0,0.0,0.0,0.0,0.0,0.0,0.0,0.0,0.0,0.0,0.0,0.0,0.0,0.0,0.0,0.0,0.0,0.0,0.0,0.0,0.0,0.0,0.0,0.0,0.0,0.0,0.0,0.0,0.0,0.0,0.0
8. Quỹ đầu tư phát triển,1348513252.0,0.0,0.0,0.0,1590255766.0,0.0,0.0,0.0,1499127453.0,0.0,0.0,1499127453.0,1499127453.0,1711127453.0,1711127453.0,1711127453.0,1644689627.0,1644689627.0,1626034479.0,1594668628.0,1594668628.0,1849668628.0,1849668628.0,1849668628.0,1849668628.0,2249283628.0,2249283628.0,2249283628.0,2249283628.0,3740564835.0,4836546835.0,4836546835.0,4836546835.0,6260690835.0,6260690835.0,6260690835.0,6260690835.0,0.0,7555420835.0,7555420835.0,7555420835.0,8788636835.0,8788636835.0,8788636835.0,8788636835.0,10049658235.0,10049658235.0,10049658235.0,10049658235.0,10049658235.0,6549658235.0,6549658235.0,6549658235.0,6929018235.0,6929018235.0,6929018235.0,6929018235.0,6929018235.0,6929018235.0,6929018235.0,6929018235.0,6929018235.0
9. Quỹ dự phòng tài chính,289666207.0,0.0,0.0,0.0,414666207.0,0.0,0.0,0.0,624666207.0,0.0,0.0,624666207.0,624666207.0,836666207.0,836666207.0,836666207.0,836666207.0,836666207.0,836666207.0,836666207.0,836666207.0,1091666207.0,1091666207.0,1091666207.0,1091666207.0,1491281207.0,1491281207.0,1491281207.0,1491281207.0,0.0,0.0,0.0,0.0,0.0,0.0,0.0,0.0,7555420835.0,0.0,0.0,0.0,0.0,0.0,0.0,0.0,0.0,0.0,0.0,0.0,0.0,0.0,0.0,0.0,0.0,0.0,0.0,0.0,0.0,0.0,0.0,0.0,0.0
10. Quỹ khác thuộc vốn chủ sở hữu,0.0,1638179459.0,1638179459.0,1638179459.0,0.0,2004921973.0,2004921973.0,2004921973.0,0.0,2123793660.0,2123793660.0,0.0,0.0,0.0,0.0,0.0,0.0,0.0,0.0,0.0,0.0,0.0,0.0,0.0,0.0,0.0,0.0,0.0,0.0,0.0,0.0,0.0,0.0,0.0,0.0,0.0,0.0,0.0,0.0,0.0,0.0,0.0,0.0,0.0,0.0,0.0,0.0,0.0,0.0,0.0,0.0,0.0,0.0,0.0,0.0,0.0,0.0,0.0,0.0,0.0,0.0,0.0
11. Lợi nhuận sau thuế chưa phân phối,0.0,68648711.0,1196353523.0,1911219208.0,0.0,569905533.0,2038707033.0,2989361811.0,2500000000.0,2554404645.0,3484620360.0,4185163748.0,2742976212.0,1660488255.0,2334591799.0,2383445838.0,735834698.0,1096853775.0,2942030128.0,4268824034.0,6042244125.0,4517991339.0,7329264003.0,5911008724.0,8286173250.0,6433467358.0,8892992712.0,12146681114.0,12125370801.0,13492562942.0,10180168365.0,13315263559.0,17307957496.0,14995118208.0,18859987972.0,14897114248.0,18027501028.0,14643680808.0,17393705467.0,20163032053.0,18740054510.0,16405630671.0,19540739708.0,23569366972.0,19673797339.0,6781215525.0,-1171886124.0,-130597254.0,5062971554.0,608360892.0,1583518446.0,-1868620201.0,4155423546.0,850029178.0,-927530840.0,-324627823.0,5486906464.0,5502104079.0,-165387348.0,-6207837988.0,6544599652.0,2923815957.0
LNST chưa phân phối lũy kế đến cuối kỳ trước,0.0,,,,0.0,,,,,,,,,,,,,,,,,,,,,,,,,,2966523201.0,2966523201.0,2966523201.0,11802459496.0,11802459496.0,5080206496.0,5080206496.0,13086484028.0,13086484028.0,13086484028.0,6525565628.0,13624501735.0,13624501735.0,13624501735.0,7063583335.0,13676775939.0,13676775939.0,13676775939.0,13676775939.0,13676775939.0,5829255554.0,361823554.0,361823554.0,3276063546.0,3276063546.0,3276063546.0,3276063546.0,5486906464.0,5486906464.0,5486906464.0,5486906464.0,5486906464.0
LNST chưa phân phối kỳ này,0.0,,,,0.0,,,,,,,,,,,,,,,,,,,,,,,,,,7213645164.0,10348740358.0,14341434295.0,3192658712.0,7057528476.0,9816907752.0,12947294532.0,1557196780.0,4307221439.0,7076548025.0,12214488882.0,2781128936.0,5916237973.0,9944865237.0,12610214004.0,-6895560414.0,-14848662063.0,-13807373193.0,-8613804385.0,-13068415047.0,-4245737108.0,-2230443755.0,3793599992.0,-2426034368.0,-4203594386.0,-3600691369.0,2210842918.0,15197615.0,-5652293812.0,-11694744452.0,1057693188.0,-2563090507.0
12. Nguồn vốn đầu tư xây dựng cơ bản,0.0,0.0,0.0,0.0,0.0,0.0,0.0,0.0,0.0,0.0,0.0,0.0,0.0,0.0,0.0,0.0,0.0,0.0,0.0,0.0,0.0,0.0,0.0,0.0,0.0,0.0,0.0,0.0,0.0,0.0,0.0,0.0,0.0,0.0,0.0,0.0,0.0,0.0,0.0,0.0,0.0,0.0,0.0,0.0,0.0,0.0,0.0,0.0,0.0,0.0,0.0,0.0,0.0,0.0,0.0,0.0,0.0,0.0,0.0,0.0,0.0,0.0
13. Quỹ hỗ trợ sắp xếp doanh nghiệp,0.0,0.0,0.0,0.0,0.0,0.0,0.0,0.0,0.0,0.0,0.0,0.0,0.0,0.0,0.0,0.0,0.0,0.0,0.0,0.0,0.0,0.0,0.0,0.0,0.0,0.0,0.0,0.0,0.0,0.0,0.0,0.0,0.0,0.0,0.0,0.0,0.0,0.0,0.0,0.0,0.0,0.0,0.0,0.0,0.0,0.0,0.0,0.0,0.0,0.0,0.0,0.0,0.0,0.0,0.0,0.0,0.0,0.0,0.0,0.0,0.0,0.0
14. Lợi ích của cổ đông không kiểm soát,0.0,0.0,0.0,0.0,0.0,0.0,0.0,0.0,0.0,0.0,0.0,0.0,0.0,0.0,0.0,0.0,0.0,0.0,0.0,0.0,0.0,0.0,0.0,0.0,0.0,0.0,0.0,0.0,0.0,0.0,0.0,0.0,0.0,0.0,0.0,0.0,0.0,0.0,0.0,0.0,0.0,0.0,0.0,0.0,0.0,0.0,0.0,0.0,0.0,0.0,0.0,0.0,0.0,0.0,0.0,0.0,0.0,0.0,0.0,0.0,0.0,0.0
II. Nguồn kinh phí và quỹ khác,0.0,0.0,0.0,0.0,0.0,0.0,0.0,0.0,0.0,0.0,0.0,0.0,0.0,0.0,0.0,0.0,0.0,0.0,0.0,0.0,0.0,0.0,0.0,0.0,0.0,0.0,0.0,0.0,0.0,0.0,0.0,0.0,0.0,0.0,0.0,0.0,0.0,0.0,0.0,0.0,0.0,0.0,0.0,0.0,0.0,0.0,0.0,0.0,0.0,0.0,0.0,0.0,0.0,0.0,0.0,0.0,0.0,0.0,0.0,0.0,0.0,0.0
1. Nguồn kinh phí ,0.0,0.0,0.0,0.0,0.0,0.0,0.0,0.0,0.0,0.0,0.0,0.0,0.0,0.0,0.0,0.0,0.0,0.0,0.0,0.0,0.0,0.0,0.0,0.0,0.0,0.0,0.0,0.0,0.0,0.0,0.0,0.0,0.0,0.0,0.0,0.0,0.0,0.0,0.0,0.0,0.0,0.0,0.0,0.0,0.0,0.0,0.0,0.0,0.0,0.0,0.0,0.0,0.0,0.0,0.0,0.0,0.0,0.0,0.0,0.0,0.0,0.0
2. Nguồn kinh phí đã hình thành tài sản cố định,0.0,0.0,0.0,0.0,0.0,0.0,0.0,0.0,0.0,0.0,0.0,0.0,0.0,0.0,0.0,0.0,0.0,0.0,0.0,0.0,0.0,0.0,0.0,0.0,0.0,0.0,0.0,0.0,0.0,0.0,0.0,0.0,0.0,0.0,0.0,0.0,0.0,0.0,0.0,0.0,0.0,0.0,0.0,0.0,0.0,0.0,0.0,0.0,0.0,0.0,0.0,0.0,0.0,0.0,0.0,0.0,0.0,0.0,0.0,0.0,0.0,0.0
3. Quỹ dự phòng trợ cấp mất việc làm,0.0,0.0,0.0,0.0,0.0,0.0,0.0,0.0,0.0,0.0,0.0,0.0,0.0,0.0,0.0,0.0,0.0,0.0,0.0,0.0,0.0,0.0,0.0,0.0,0.0,0.0,0.0,0.0,0.0,0.0,0.0,0.0,0.0,0.0,0.0,0.0,0.0,0.0,0.0,0.0,0.0,0.0,0.0,0.0,0.0,0.0,0.0,0.0,0.0,0.0,0.0,0.0,0.0,0.0,0.0,0.0,0.0,0.0,0.0,0.0,0.0,0.0
TỔNG CỘNG NGUỒN VỐN,35748925687.0,32132042907.0,38055855002.0,36131048359.0,34469551361.0,34587119739.0,40918028353.0,40785925973.0,40463782480.0,37500292303.0,43315289362.0,46755222912.0,44000245902.0,41801137399.0,45067024234.0,48304095821.0,45148347694.0,41457775326.0,48195658556.0,49100443013.0,55564897562.0,57480414490.0,66871587150.0,78240447937.0,91970733937.0,80609697355.0,97058458444.0,114829628351.0,115253482244.0,130915588710.0,121557366115.0,128689977550.0,146031542738.0,145559160345.0,195256520758.0,198019541841.0,185978648197.0,184452638516.0,203135934799.0,194189302180.0,200124468589.0,254965966379.0,242006180319.0,231108621324.0,214240579368.0,183211298596.0,193247679582.0,196939067918.0,213579211993.0,182626787337.0,168224817389.0,182511133248.0,192364520933.0,138055455432.0,172044754313.0,175580958822.0,253322767418.0,272068152536.0,249229320685.0,202566057580.0,183740282014.0,170549294000.0
