Item,Q4 2005,Q1 2006,Q2 2006,Q3 2006,Q4 2006,Q1 2007,Q2 2007,Q3 2007,Q4 2007,Q1 2008,Q2 2008,Q3 2008,Q4 2008,Q1 2009,Q2 2009,Q3 2009,Q4 2009,Q1 2010,Q2 2010,Q3 2010,Q4 2010,Q1 2011,Q2 2011,Q3 2011,Q4 2011,Q1 2012,Q2 2012,Q3 2012,Q4 2012,Q1 2013,Q2 2013,Q3 2013,Q4 2013,Q1 2014,Q2 2014,Q3 2014,Q4 2014,Q1 2015,Q2 2015,Q3 2015,Q4 2015,Q1 2016,Q2 2016,Q3 2016,Q4 2016,Q1 2017,Q2 2017,Q3 2017,Q4 2017,Q1 2018,Q2 2018,Q3 2018,Q4 2018,Q1 2019,Q2 2019,Q3 2019,Q4 2019,Q1 2020,Q2 2020,Q3 2020,Q4 2020,Q1 2021,Q2 2021,Q3 2021,Q4 2021,Q1 2022,Q2 2022,Q3 2022,Q4 2022,Q1 2023
TÀI SẢN,,,,,,,,,,,,,,,,,,,,,,,,,,,,,,,,,,,,,,,,,,,,,,,,,,,,,,,,,,,,,,,,,,,,,,
A. Tài sản lưu động và đầu tư ngắn hạn,25622946400.0,40650591085.0,25959548796.0,14771516362.0,14437999289.0,65371958042.0,91286318437.0,136508415847.0,66881117568.0,96575739681.0,83009915544.0,90496958620.0,47645524116.0,95470539679.0,93091788546.0,103502334740.0,112856123352.0,97231485266.0,114863209067.0,153425488732.0,118816506699.0,174838763890.0,170972588691.0,178127443523.0,169445304032.0,171140758547.0,192059782489.0,187152781972.0,166532869310.0,102024605552.0,97295561711.0,93993320811.0,92966884578.0,78900438536.0,76937972166.0,77226986216.0,76641096937.0,75553376717.0,71292261144.0,74840157457.0,61183157653.0,43991034223.0,44033595031.0,48273995855.0,45135525170.0,39929325608.0,37636492981.0,35773875755.0,45663858082.0,41428641282.0,63560230232.0,56480520227.0,43307331193.0,39482384457.0,34246445594.0,32775587023.0,33759448757.0,15480240145.0,32166669616.0,4293067651.0,9698635268.0,24245341274.0,3960811119.0,3750047523.0,3330894857.0,4271344531.0,221428156902.0,228202754848.0,122806459965.0,463216732804.0
I. Tiền và các khoản tương đương tiền,2404622149.0,6404028700.0,1387006383.0,199045035.0,2778512446.0,1679625192.0,4109333691.0,4748863545.0,6468817505.0,34163693813.0,16433798744.0,13738992040.0,7071009658.0,2984490001.0,20535606047.0,4952110462.0,51865981793.0,14567913804.0,23339507633.0,63472580592.0,52539741845.0,32305809968.0,24027444858.0,6993338165.0,8454420621.0,1990383960.0,1455024385.0,1625947620.0,3906740497.0,1134180095.0,1663981060.0,1004485393.0,2654222213.0,1650258152.0,2980835150.0,2774313361.0,3395242194.0,1216818373.0,3140378805.0,1897367569.0,10918592302.0,3973863542.0,2437828711.0,1544460524.0,1142518166.0,495590173.0,2357842527.0,780662397.0,2113457549.0,598529317.0,8612213760.0,284608472.0,1560437439.0,157158424.0,304094217.0,91669155.0,288020276.0,10204910829.0,9491750045.0,549227628.0,5716838335.0,20756219328.0,1433415297.0,1256465014.0,921532941.0,1051458427.0,1152720670.0,107481441.0,2722861238.0,209357294.0
1. Tiền,2404622149.0,6404028700.0,1387006383.0,,2778512446.0,1679625192.0,4109333691.0,4748863545.0,6468817505.0,34163693813.0,,13738992040.0,,2984490001.0,,368391396.0,,14567913804.0,23339507633.0,6472580592.0,17539741845.0,2305809968.0,19057444858.0,1993338165.0,7962517001.0,1498480340.0,1155024385.0,1325947620.0,3606740497.0,834180095.0,1663981060.0,704485393.0,2354222213.0,1350258152.0,2980835150.0,2474313361.0,3095242194.0,916818373.0,3140378805.0,1597367569.0,10618592302.0,3973863542.0,2437828711.0,1544460524.0,1142518166.0,495590173.0,2357842527.0,780662397.0,2113457549.0,598529317.0,8612213760.0,284608472.0,1560437439.0,157158424.0,304094217.0,91669155.0,288020276.0,10204910829.0,491750045.0,549227628.0,5716838335.0,756219328.0,1433415297.0,1256465014.0,921532941.0,1051458427.0,1152720670.0,107481441.0,2722861238.0,209357294.0
2. Các khoản tương đương tiền,0.0,0.0,0.0,,0.0,0.0,0.0,0.0,0.0,0.0,,0.0,,0.0,,4583719066.0,,0.0,0.0,57000000000.0,35000000000.0,30000000000.0,4970000000.0,5000000000.0,491903620.0,491903620.0,300000000.0,300000000.0,300000000.0,300000000.0,0.0,300000000.0,300000000.0,300000000.0,0.0,300000000.0,300000000.0,300000000.0,0.0,300000000.0,300000000.0,0.0,0.0,0.0,0.0,0.0,0.0,0.0,0.0,0.0,0.0,0.0,0.0,0.0,0.0,0.0,0.0,0.0,9000000000.0,0.0,0.0,20000000000.0,0.0,0.0,0.0,0.0,0.0,0.0,0.0,0.0
II. Các khoản đầu tư tài chính ngắn hạn,0.0,0.0,0.0,0.0,0.0,0.0,0.0,0.0,0.0,5901440000.0,21901440000.0,30636440000.0,0.0,18000000000.0,4000000000.0,39000000000.0,4000000000.0,18646100000.0,36064060000.0,25264960000.0,7758000000.0,85483138000.0,58373088000.0,82577724000.0,76013153000.0,80314127860.0,71045295860.0,62321080860.0,29704705860.0,495163860.0,1176056860.0,776056860.0,245064860.0,245064860.0,445000000.0,145000000.0,145000000.0,145000000.0,445000000.0,145000000.0,0.0,300000000.0,300000000.0,300000000.0,300000000.0,300000000.0,400000000.0,400000000.0,300000000.0,300000000.0,300000000.0,0.0,0.0,0.0,0.0,0.0,0.0,0.0,0.0,0.0,0.0,0.0,0.0,0.0,0.0,0.0,0.0,0.0,0.0,0.0
1. Chứng khoán kinh doanh,0.0,0.0,0.0,0.0,0.0,0.0,0.0,0.0,0.0,5901440000.0,,30636440000.0,0.0,18000000000.0,,39000000000.0,,18646100000.0,44333300000.0,33534200000.0,7758000000.0,94172878000.0,73412639453.0,93577679453.0,99118764628.0,92410744488.0,78085039899.0,77400639899.0,44631644148.0,15422102148.0,1377411440.0,977411440.0,245064860.0,245064860.0,445000000.0,145000000.0,145000000.0,145000000.0,445000000.0,145000000.0,0.0,0.0,0.0,0.0,0.0,0.0,0.0,0.0,0.0,0.0,0.0,0.0,0.0,0.0,0.0,0.0,0.0,0.0,0.0,0.0,0.0,0.0,0.0,0.0,0.0,0.0,0.0,0.0,0.0,0.0
2. Dự phòng giảm giá chứng khoán kinh doanh,0.0,0.0,0.0,0.0,0.0,0.0,0.0,0.0,0.0,0.0,,0.0,0.0,0.0,,0.0,,0.0,-8269240000.0,-8269240000.0,0.0,-8689740000.0,-15039551453.0,-10999955453.0,-23105611628.0,-12096616628.0,-7039744039.0,-15079559039.0,-14926938288.0,-14926938288.0,-201354580.0,-201354580.0,0.0,0.0,0.0,0.0,0.0,0.0,0.0,0.0,0.0,0.0,0.0,0.0,0.0,0.0,0.0,0.0,0.0,0.0,0.0,0.0,0.0,0.0,0.0,0.0,0.0,0.0,0.0,0.0,0.0,0.0,0.0,0.0,0.0,0.0,0.0,0.0,0.0,0.0
3. Đầu tư nắm giữ đến ngày đáo hạn,0.0,0.0,0.0,0.0,0.0,0.0,0.0,0.0,0.0,0.0,,0.0,0.0,0.0,,0.0,,0.0,0.0,0.0,0.0,0.0,0.0,0.0,0.0,0.0,0.0,0.0,0.0,0.0,0.0,0.0,0.0,0.0,0.0,0.0,0.0,0.0,0.0,0.0,0.0,300000000.0,300000000.0,300000000.0,300000000.0,300000000.0,400000000.0,400000000.0,300000000.0,300000000.0,300000000.0,0.0,0.0,0.0,0.0,0.0,0.0,0.0,0.0,0.0,0.0,0.0,0.0,0.0,0.0,0.0,0.0,0.0,0.0,0.0
III. Các khoản phải thu ngắn hạn,18010378079.0,28636342966.0,18357407941.0,7322440803.0,5352268703.0,54017726214.0,62554942117.0,118801990204.0,46322972649.0,38648439103.0,24815142787.0,22263556158.0,21810515282.0,53938432555.0,45367513430.0,22381219329.0,40723259588.0,42771995491.0,38576237015.0,46815928716.0,45246811016.0,37834375398.0,67936428988.0,68427764831.0,66179487913.0,71660398122.0,99387602123.0,102593163817.0,109392204021.0,36585439528.0,32417206287.0,30752593222.0,27719909001.0,27601392339.0,25564949264.0,25215533726.0,24642738602.0,24041188511.0,29863814193.0,39388386018.0,25613803866.0,34742366843.0,36490938548.0,42435972366.0,40933985745.0,36054997575.0,32975076840.0,32376887812.0,42127825771.0,39040668217.0,53125270006.0,54122120777.0,38829222421.0,36396624593.0,31297439492.0,30044153953.0,31038501957.0,3146330766.0,20515152710.0,1682350770.0,2028721011.0,1416059289.0,415059284.0,416621284.0,381812852.0,395938730.0,217748918216.0,225726966846.0,112294207033.0,88543547916.0
1. Phải thu ngắn hạn của khách hàng,16471111982.0,24806639763.0,16716894794.0,,3734212514.0,52977179409.0,61456327590.0,117899966155.0,45901714829.0,38007173187.0,,21692495338.0,,14694478142.0,,15980183884.0,,34466714921.0,24239011330.0,30333763876.0,13418398876.0,6615709169.0,7627438456.0,6625786213.0,5690124374.0,5847151749.0,6109863767.0,7819208477.0,3206180815.0,4052894209.0,3775893556.0,2384943291.0,1987327530.0,2384887310.0,1917065570.0,1403130032.0,5841943858.0,9384704259.0,12466977365.0,23811549190.0,7576826725.0,4865096266.0,6171032117.0,12473950585.0,11196051740.0,4159587149.0,5848313027.0,5568959286.0,21809377385.0,18323098791.0,18107146880.0,18681431151.0,18574571065.0,18184888992.0,16677996691.0,16448732327.0,16366512516.0,628349566.0,19192472710.0,406170770.0,521112565.0,82979289.0,81059284.0,82621284.0,334059284.0,283790879.0,0.0,0.0,300000000.0,2000500000.0
2. Trả trước cho người bán,184743897.0,1087844609.0,315243608.0,,431580189.0,1040546805.0,1067310527.0,870720049.0,389953820.0,641265916.0,,571060820.0,,3136976064.0,,5498635345.0,,6666042800.0,8016932800.0,10949765800.0,29490786400.0,28910786400.0,58240355482.0,58370487400.0,58125787400.0,63647807600.0,91114807600.0,92614807600.0,92621575600.0,1178192800.0,1285662800.0,920000000.0,650000000.0,650000000.0,650000000.0,764520000.0,800000000.0,800000000.0,3040000000.0,5502000000.0,9067219500.0,10362091274.0,8769500000.0,8770050000.0,7299500000.0,6849500000.0,6209140000.0,6508330000.0,16643880000.0,16203880000.0,16303880000.0,16603880000.0,1111180000.0,1111180000.0,1101061200.0,1806481200.0,1871481200.0,1976481200.0,635680000.0,635680000.0,1045982400.0,635680000.0,0.0,0.0,0.0,0.0,217641907400.0,225608848480.0,71964157877.0,77163335877.0
3. Phải thu nội bộ ngắn hạn,0.0,0.0,0.0,,0.0,0.0,0.0,0.0,0.0,0.0,,0.0,,0.0,,0.0,,0.0,0.0,0.0,0.0,0.0,0.0,0.0,0.0,0.0,0.0,0.0,0.0,0.0,0.0,0.0,0.0,0.0,0.0,0.0,0.0,0.0,0.0,0.0,0.0,0.0,0.0,0.0,0.0,0.0,0.0,0.0,0.0,0.0,0.0,0.0,0.0,0.0,0.0,0.0,0.0,0.0,0.0,0.0,0.0,0.0,0.0,0.0,0.0,0.0,0.0,0.0,0.0,0.0
4. Phải thu theo tiến độ hợp đồng xây dựng,0.0,0.0,0.0,,0.0,0.0,0.0,0.0,0.0,0.0,,0.0,,0.0,,0.0,,0.0,6320292885.0,5532399040.0,2337625740.0,1991884829.0,1344739584.0,1162071675.0,626810294.0,335402133.0,335402133.0,335402133.0,0.0,0.0,0.0,0.0,0.0,0.0,0.0,0.0,0.0,0.0,0.0,0.0,0.0,0.0,0.0,0.0,0.0,0.0,0.0,0.0,0.0,0.0,0.0,0.0,0.0,0.0,0.0,0.0,0.0,0.0,0.0,0.0,0.0,0.0,0.0,0.0,0.0,0.0,0.0,0.0,0.0,0.0
5. Phải thu về cho vay ngắn hạn,0.0,0.0,0.0,,0.0,0.0,0.0,0.0,0.0,0.0,,0.0,,0.0,,0.0,,0.0,0.0,0.0,0.0,0.0,0.0,0.0,0.0,0.0,0.0,0.0,0.0,0.0,0.0,0.0,0.0,0.0,0.0,0.0,0.0,0.0,0.0,0.0,145000000.0,145000000.0,145000000.0,145000000.0,0.0,0.0,0.0,0.0,0.0,0.0,0.0,0.0,0.0,0.0,0.0,0.0,0.0,0.0,0.0,0.0,0.0,0.0,0.0,0.0,0.0,0.0,0.0,0.0,0.0,0.0
6. Phải thu ngắn hạn khác,1354522200.0,2741858594.0,1432506339.0,,1293712800.0,107236800.0,138540800.0,138540800.0,138540800.0,107236800.0,,107236800.0,,36214215149.0,,1009636900.0,,1746474570.0,107236800.0,107236800.0,107236800.0,423231800.0,831132266.0,2376656343.0,1844002645.0,1937273440.0,1934765423.0,1930982407.0,13671684406.0,31461589319.0,27462886731.0,27554886731.0,25189818271.0,24673741829.0,23105120494.0,23155120494.0,18108031544.0,13963721052.0,14464073628.0,10182073628.0,8931994441.0,19477416103.0,21512643231.0,21154208581.0,22545670805.0,25153147226.0,21024860613.0,20406835326.0,3781805186.0,4620926226.0,18821479926.0,18944046426.0,19250708156.0,17207792401.0,13625618401.0,11896177226.0,12907745041.0,648736800.0,794236800.0,747736800.0,568862846.0,804636800.0,441236800.0,441236800.0,154990368.0,219384651.0,214247616.0,225355166.0,40137285956.0,9486948839.0
7. Dự phòng phải thu ngắn hạn khó đòi,0.0,0.0,-107236800.0,,-107236800.0,-107236800.0,-107236800.0,-107236800.0,-107236800.0,-107236800.0,,-107236800.0,,-107236800.0,,-107236800.0,,-107236800.0,-107236800.0,-107236800.0,-107236800.0,-107236800.0,-107236800.0,-107236800.0,-107236800.0,-107236800.0,-107236800.0,-107236800.0,-107236800.0,-107236800.0,-107236800.0,-107236800.0,-107236800.0,-107236800.0,-107236800.0,-107236800.0,-107236800.0,-107236800.0,-107236800.0,-107236800.0,-107236800.0,-107236800.0,-107236800.0,-107236800.0,-107236800.0,-107236800.0,-107236800.0,-107236800.0,-107236800.0,-107236800.0,-107236800.0,-107236800.0,-107236800.0,-107236800.0,-107236800.0,-107236800.0,-107236800.0,-107236800.0,-107236800.0,-107236800.0,-107236800.0,-107236800.0,-107236800.0,-107236800.0,-107236800.0,-107236800.0,-107236800.0,-107236800.0,-107236800.0,-107236800.0
IV. Tổng hàng tồn kho,4648977672.0,5250055114.0,5968306991.0,7110025177.0,6307218140.0,7758966299.0,22161627478.0,10944409102.0,12999633246.0,15640710880.0,17971361566.0,21940985659.0,17847900836.0,17709881776.0,21508906195.0,34424954047.0,13751907246.0,11500612554.0,14738087042.0,16275619044.0,12052255955.0,16702054367.0,18195044445.0,17332266308.0,17210153563.0,15019302916.0,16942568352.0,17366652751.0,21512070130.0,58468165997.0,56988971377.0,56811323345.0,58495010621.0,45193714444.0,44273075496.0,44857388520.0,43578558215.0,44140504986.0,34813274885.0,25527944832.0,15736270900.0,4788009152.0,4713306932.0,3933127541.0,2759021259.0,2818828703.0,1594034545.0,1919191073.0,993783820.0,1191233146.0,1230474995.0,1713102494.0,1056560038.0,909966007.0,693578833.0,710213098.0,590718136.0,293793490.0,153889163.0,100299179.0,30256691.0,20337296.0,23028017.0,14881409.0,6807624.0,0.0,0.0,18119258.0,18119258.0,364634338615.0
1. Hàng tồn kho,4648977672.0,5250055114.0,5968306991.0,,6307218140.0,7758966299.0,22161627478.0,10944409102.0,12999633246.0,15640710880.0,,21940985659.0,,17709881776.0,,34424954047.0,,11500612554.0,14738087042.0,16275619044.0,12052255955.0,16702054367.0,18195044445.0,17332266308.0,17210153563.0,15019302916.0,16942568352.0,17366652751.0,21512070130.0,58468165997.0,56988971377.0,56811323345.0,58495010621.0,45193714444.0,44273075496.0,44857388520.0,43578558215.0,44140504986.0,34813274885.0,25527944832.0,15736270900.0,4788009152.0,4713306932.0,3933127541.0,2759021259.0,2818828703.0,1594034545.0,1919191073.0,993783820.0,1191233146.0,1230474995.0,1713102494.0,1056560038.0,1116647601.0,900260427.0,916894692.0,797399730.0,773441090.0,153889163.0,100299179.0,30256691.0,20337296.0,23028017.0,14881409.0,6807624.0,0.0,0.0,18119258.0,18119258.0,364634338615.0
2. Dự phòng giảm giá hàng tồn kho,0.0,0.0,0.0,,0.0,0.0,0.0,0.0,0.0,0.0,,0.0,,0.0,,0.0,,0.0,0.0,0.0,0.0,0.0,0.0,0.0,0.0,0.0,0.0,0.0,0.0,0.0,0.0,0.0,0.0,0.0,0.0,0.0,0.0,0.0,0.0,0.0,0.0,0.0,0.0,0.0,0.0,0.0,0.0,0.0,0.0,0.0,0.0,0.0,0.0,-206681594.0,-206681594.0,-206681594.0,-206681594.0,-479647600.0,0.0,0.0,0.0,0.0,0.0,0.0,0.0,0.0,0.0,0.0,0.0,0.0
V. Tài sản ngắn hạn khác,558968500.0,360164305.0,246827481.0,140005347.0,0.0,1915640337.0,2460415151.0,2013152996.0,1089694168.0,2221455885.0,1888172447.0,1916984763.0,916098340.0,2837735347.0,1679762874.0,2744050902.0,2514974725.0,9744863417.0,2145317377.0,1596400380.0,1219697883.0,2513386157.0,2440582400.0,2796350219.0,1588088935.0,2156545689.0,3229291769.0,3245936924.0,2017148802.0,5341656072.0,5049346127.0,4648861991.0,3852677883.0,4210008741.0,3674112256.0,4234750609.0,4879557926.0,6009864847.0,3029793261.0,7881459038.0,8914490585.0,186794686.0,91520840.0,60435424.0,0.0,259909157.0,309539069.0,297134473.0,128790942.0,298210602.0,292271471.0,360688484.0,1861111295.0,2018635433.0,1951333052.0,1929550817.0,1842208388.0,1835205060.0,2005877698.0,1961190074.0,1922819231.0,2052725361.0,2089308521.0,2062079816.0,2020741440.0,2823947374.0,2526518016.0,2350187303.0,7771272436.0,9829488979.0
1. Chi phí trả trước ngắn hạn,0.0,0.0,0.0,,0.0,0.0,323594811.0,174579827.0,0.0,416387634.0,,165652423.0,,257629529.0,,178021483.0,,0.0,8086819.0,65526156.0,0.0,296385309.0,234108104.0,109853202.0,0.0,230475001.0,153650002.0,76825003.0,0.0,234127499.0,156084998.0,102375830.0,0.0,187349999.0,126424998.0,74599997.0,0.0,163762501.0,109175002.0,79017503.0,0.0,137281253.0,91520840.0,60435424.0,0.0,149625003.0,99750006.0,49875007.0,0.0,84765001.0,56510002.0,28255002.0,0.0,97361665.0,65296663.0,33231663.0,0.0,0.0,45962504.0,22981254.0,0.0,0.0,40363635.0,20181816.0,0.0,748305455.0,448598416.0,227108990.0,22348034.0,279605401.0
2. Thuế giá trị gia tăng được khấu trừ,0.0,0.0,0.0,,0.0,0.0,0.0,0.0,0.0,0.0,,0.0,,164953627.0,,342938437.0,,437132315.0,450932863.0,200656853.0,186001785.0,269322925.0,329857962.0,333054140.0,455293452.0,415020600.0,541757189.0,795265414.0,801872129.0,3587993497.0,3255863556.0,313214295.0,2985958129.0,2689652612.0,2510812680.0,2315650952.0,2040984200.0,1832205376.0,545961496.0,28981582.0,0.0,0.0,0.0,0.0,0.0,110284154.0,209542048.0,247012451.0,128543927.0,213198586.0,235514454.0,332186467.0,1860864280.0,1921026753.0,1885789374.0,1896072139.0,1841961373.0,1831258367.0,1959668179.0,1937961805.0,1922572216.0,2052478346.0,2048697871.0,2041650985.0,2020494425.0,2075394904.0,2077672585.0,2123078313.0,7748677387.0,9549636563.0
3. Thuế và các khoản phải thu Nhà nước,0.0,0.0,0.0,,0.0,0.0,0.0,0.0,0.0,0.0,,0.0,,879730801.0,,350509182.0,,0.0,0.0,0.0,0.0,38047409.0,0.0,0.0,0.0,0.0,0.0,0.0,0.0,67311500.0,0.0,2694955776.0,2207474.0,2207474.0,2207474.0,2207474.0,2207474.0,0.0,0.0,2207474.0,0.0,49513433.0,0.0,0.0,0.0,0.0,247015.0,247015.0,247015.0,247015.0,247015.0,247015.0,247015.0,247015.0,247015.0,247015.0,247015.0,3946693.0,247015.0,247015.0,247015.0,247015.0,247015.0,247015.0,247015.0,247015.0,247015.0,0.0,247015.0,247015.0
4. Giao dịch mua bán lại trái phiếu chính phủ,0.0,0.0,0.0,,0.0,0.0,0.0,0.0,0.0,0.0,,0.0,,0.0,,0.0,,0.0,0.0,0.0,0.0,0.0,0.0,0.0,0.0,0.0,0.0,0.0,0.0,0.0,0.0,0.0,0.0,0.0,0.0,0.0,0.0,0.0,0.0,0.0,0.0,0.0,0.0,0.0,0.0,0.0,0.0,0.0,0.0,0.0,0.0,0.0,0.0,0.0,0.0,0.0,0.0,0.0,0.0,0.0,0.0,0.0,0.0,0.0,0.0,0.0,0.0,0.0,0.0,0.0
5. Tài sản ngắn hạn khác,558968500.0,360164305.0,246827481.0,,0.0,1915640337.0,2136820340.0,1838573169.0,1089694168.0,1805068251.0,,1751332340.0,,1535421390.0,,1872581800.0,,9307731102.0,1686297695.0,1330217371.0,1033696098.0,1909630514.0,1876616334.0,2353442877.0,1132795483.0,1511050088.0,2533884578.0,2373846507.0,1215276673.0,1452223576.0,1637397573.0,1538316090.0,864512280.0,1330798656.0,1034667104.0,1842292186.0,2836366252.0,4013896970.0,2374656763.0,7771252479.0,8914490585.0,0.0,0.0,0.0,0.0,0.0,0.0,0.0,0.0,0.0,0.0,0.0,0.0,0.0,0.0,0.0,0.0,0.0,0.0,0.0,0.0,0.0,0.0,0.0,0.0,0.0,0.0,0.0,0.0,0.0
B. Tài sản cố định và đầu tư dài hạn,6415019834.0,6307940398.0,6232291234.0,6507377083.0,6654325231.0,6583848052.0,7301439975.0,5645086302.0,7587576220.0,29769855095.0,30617919297.0,31088628382.0,60168443606.0,8721895386.0,6431556091.0,4232489716.0,4189575369.0,32858723393.0,3977042055.0,16596813028.0,54776213869.0,930957376.0,768169238.0,422298013.0,296473917.0,10228098393.0,10195431538.0,10034093912.0,17760570441.0,86060475370.0,86066951899.0,86058428400.0,86340246582.0,99109974273.0,99672274273.0,99672274273.0,100404882673.0,100989482673.0,100991532673.0,102404167773.0,104163997046.0,118803022828.0,119645928282.0,117069886063.0,122316473182.0,124344793256.0,129282354110.0,130168513954.0,127503171199.0,129851234904.0,109683770431.0,110852668503.0,127785192522.0,130066139751.0,134602945253.0,135221836317.0,134811550129.0,149268779354.0,133702152854.0,165661513721.0,170522181939.0,224737653921.0,256229175003.0,257137610402.0,258346243061.0,275939481788.0,280272181814.0,288062492748.0,368016270247.0,30490480568.0
I. Các khoản phải thu dài hạn,0.0,0.0,0.0,0.0,0.0,0.0,0.0,0.0,0.0,0.0,0.0,0.0,0.0,0.0,0.0,0.0,0.0,0.0,0.0,0.0,0.0,0.0,0.0,0.0,0.0,0.0,0.0,0.0,0.0,0.0,0.0,0.0,0.0,0.0,0.0,0.0,0.0,0.0,0.0,0.0,0.0,0.0,0.0,0.0,0.0,0.0,0.0,0.0,0.0,0.0,0.0,0.0,0.0,0.0,0.0,0.0,0.0,0.0,0.0,0.0,0.0,0.0,0.0,0.0,0.0,0.0,0.0,0.0,0.0,0.0
1. Phải thu dài hạn của khách hàng,0.0,0.0,0.0,0.0,0.0,0.0,0.0,0.0,0.0,0.0,0.0,0.0,0.0,0.0,0.0,0.0,0.0,0.0,0.0,0.0,0.0,0.0,0.0,0.0,0.0,0.0,0.0,0.0,0.0,0.0,0.0,0.0,0.0,0.0,0.0,0.0,0.0,0.0,0.0,0.0,0.0,0.0,0.0,0.0,0.0,0.0,0.0,0.0,0.0,0.0,0.0,0.0,0.0,0.0,0.0,0.0,0.0,0.0,0.0,0.0,0.0,0.0,0.0,0.0,0.0,0.0,0.0,0.0,0.0,0.0
2. Vốn kinh doanh tại các đơn vị trực thuộc,0.0,0.0,0.0,0.0,0.0,0.0,0.0,0.0,0.0,0.0,0.0,0.0,0.0,0.0,0.0,0.0,0.0,0.0,0.0,0.0,0.0,0.0,0.0,0.0,0.0,0.0,0.0,0.0,0.0,0.0,0.0,0.0,0.0,0.0,0.0,0.0,0.0,0.0,0.0,0.0,0.0,0.0,0.0,0.0,0.0,0.0,0.0,0.0,0.0,0.0,0.0,0.0,0.0,0.0,0.0,0.0,0.0,0.0,0.0,0.0,0.0,0.0,0.0,0.0,0.0,0.0,0.0,0.0,0.0,0.0
3. Phải thu dài hạn nội bộ,0.0,0.0,0.0,0.0,0.0,0.0,0.0,0.0,0.0,0.0,0.0,0.0,0.0,0.0,0.0,0.0,0.0,0.0,0.0,0.0,0.0,0.0,0.0,0.0,0.0,0.0,0.0,0.0,0.0,0.0,0.0,0.0,0.0,0.0,0.0,0.0,0.0,0.0,0.0,0.0,0.0,0.0,0.0,0.0,0.0,0.0,0.0,0.0,0.0,0.0,0.0,0.0,0.0,0.0,0.0,0.0,0.0,0.0,0.0,0.0,0.0,0.0,0.0,0.0,0.0,0.0,0.0,0.0,0.0,0.0
4. Phải thu về cho vay dài hạn,0.0,0.0,0.0,0.0,0.0,0.0,0.0,0.0,0.0,0.0,0.0,0.0,0.0,0.0,0.0,0.0,0.0,0.0,0.0,0.0,0.0,0.0,0.0,0.0,0.0,0.0,0.0,0.0,0.0,0.0,0.0,0.0,0.0,0.0,0.0,0.0,0.0,0.0,0.0,0.0,0.0,0.0,0.0,0.0,0.0,0.0,0.0,0.0,0.0,0.0,0.0,0.0,0.0,0.0,0.0,0.0,0.0,0.0,0.0,0.0,0.0,0.0,0.0,0.0,0.0,0.0,0.0,0.0,0.0,0.0
5. Phải thu dài hạn khác,0.0,0.0,0.0,0.0,0.0,0.0,0.0,0.0,0.0,0.0,0.0,0.0,0.0,0.0,0.0,0.0,0.0,0.0,0.0,0.0,0.0,0.0,0.0,0.0,0.0,0.0,0.0,0.0,0.0,0.0,0.0,0.0,0.0,0.0,0.0,0.0,0.0,0.0,0.0,0.0,0.0,0.0,0.0,0.0,0.0,0.0,0.0,0.0,0.0,0.0,0.0,0.0,0.0,0.0,0.0,0.0,0.0,0.0,0.0,0.0,0.0,0.0,0.0,0.0,0.0,0.0,0.0,0.0,0.0,0.0
6. Dự phòng phải thu dài hạn khó đòi,0.0,0.0,0.0,0.0,0.0,0.0,0.0,0.0,0.0,0.0,0.0,0.0,0.0,0.0,0.0,0.0,0.0,0.0,0.0,0.0,0.0,0.0,0.0,0.0,0.0,0.0,0.0,0.0,0.0,0.0,0.0,0.0,0.0,0.0,0.0,0.0,0.0,0.0,0.0,0.0,0.0,0.0,0.0,0.0,0.0,0.0,0.0,0.0,0.0,0.0,0.0,0.0,0.0,0.0,0.0,0.0,0.0,0.0,0.0,0.0,0.0,0.0,0.0,0.0,0.0,0.0,0.0,0.0,0.0,0.0
II. Tài sản cố định,627790121.0,3252940398.0,3177291234.0,3111377083.0,3008325231.0,2943448052.0,3338839975.0,3482151183.0,3215380309.0,3130948769.0,3482262894.0,3789945363.0,3946031710.0,3810829957.0,3675628204.0,1364287395.0,1254664299.0,1145041203.0,1410435865.0,1249165320.0,1081489848.0,913814376.0,754699738.0,412502013.0,290351417.0,225649393.0,195431538.0,34093912.0,25570441.0,17046970.0,8523499.0,0.0,0.0,0.0,0.0,0.0,0.0,0.0,0.0,0.0,0.0,0.0,0.0,0.0,0.0,0.0,0.0,0.0,0.0,0.0,0.0,0.0,0.0,0.0,3699677728.0,3653431756.0,3607185784.0,3560939812.0,3514693840.0,3468447868.0,3422201896.0,3375955924.0,3329709952.0,3283463980.0,3237218008.0,3190972036.0,3144726064.0,3098480092.0,3052234120.0,3005988148.0
1. Tài sản cố định hữu hình,627790121.0,3252940398.0,3177291234.0,3111377083.0,3008325231.0,2943448052.0,3338839975.0,3482151183.0,3215380309.0,3130948769.0,3482262894.0,3789945363.0,3946031710.0,3810829957.0,3675628204.0,1364287395.0,1254664299.0,1145041203.0,1410435865.0,1249165320.0,1081489848.0,913814376.0,754699738.0,412502013.0,290351417.0,225649393.0,195431538.0,34093912.0,25570441.0,17046970.0,8523499.0,0.0,0.0,0.0,0.0,0.0,0.0,0.0,0.0,0.0,0.0,0.0,0.0,0.0,0.0,0.0,0.0,0.0,0.0,0.0,0.0,0.0,0.0,0.0,3699677728.0,3653431756.0,3607185784.0,3560939812.0,3514693840.0,3468447868.0,3422201896.0,3375955924.0,3329709952.0,3283463980.0,3237218008.0,3190972036.0,3144726064.0,3098480092.0,3052234120.0,3005988148.0
Nguyên giá,1616122035.0,4281589813.0,4281589813.0,,4141589813.0,4141589813.0,4613593053.0,4834068962.0,4638005169.0,4638005169.0,,4687045203.0,,4978319272.0,,2420453352.0,,2420453352.0,2803572392.0,2805390392.0,2805390392.0,2805390392.0,2815663392.0,2236642438.0,2236642438.0,2236642438.0,2236642438.0,1736523333.0,1736523333.0,1736523333.0,1412168501.0,1412168501.0,1412168501.0,1207605168.0,1207605168.0,1207605168.0,1207605168.0,1207605168.0,1207605168.0,1207605168.0,1049600918.0,1049600918.0,1049600918.0,1049600918.0,1049600918.0,1049600918.0,1049600918.0,1049600918.0,1049600918.0,1049600918.0,1049600918.0,1049600918.0,1049600918.0,1049600918.0,4749278646.0,4749278646.0,4749278646.0,4749278646.0,4749278646.0,4749278646.0,4749278646.0,4749278646.0,3699677728.0,3699677728.0,3699677728.0,3699677728.0,3699677728.0,3699677728.0,3699677728.0,3699677728.0
Giá trị hao mòn lũy kế,-988331914.0,-1028649415.0,-1104298579.0,,-1133264582.0,-1198141761.0,-1274753078.0,-1351917779.0,-1422624860.0,-1507056400.0,,-897099840.0,,-1167489315.0,,-1056165957.0,,-1275412149.0,-1393136527.0,-1556225072.0,-1723900544.0,-1891576016.0,-2060963654.0,-1824140425.0,-1946291021.0,-2010993045.0,-2041210900.0,-1702429421.0,-1710952892.0,-1719476363.0,-1403645002.0,-1412168501.0,-1412168501.0,-1207605168.0,-1207605168.0,-1207605168.0,-1207605168.0,-1207605168.0,-1207605168.0,-1207605168.0,-1049600918.0,-1049600918.0,-1049600918.0,-1049600918.0,-1049600918.0,-1049600918.0,-1049600918.0,-1049600918.0,-1049600918.0,-1049600918.0,-1049600918.0,-1049600918.0,-1049600918.0,-1049600918.0,-1049600918.0,-1095846890.0,-1142092862.0,-1188338834.0,-1234584806.0,-1280830778.0,-1327076750.0,-1373322722.0,-369967776.0,-416213748.0,-462459720.0,-508705692.0,-554951664.0,-601197636.0,-647443608.0,-693689580.0
2. Tài sản cố định thuê tài chính,0.0,0.0,0.0,0.0,0.0,0.0,0.0,0.0,0.0,0.0,0.0,0.0,0.0,0.0,0.0,0.0,0.0,0.0,0.0,0.0,0.0,0.0,0.0,0.0,0.0,0.0,0.0,0.0,0.0,0.0,0.0,0.0,0.0,0.0,0.0,0.0,0.0,0.0,0.0,0.0,0.0,0.0,0.0,0.0,0.0,0.0,0.0,0.0,0.0,0.0,0.0,0.0,0.0,0.0,0.0,0.0,0.0,0.0,0.0,0.0,0.0,0.0,0.0,0.0,0.0,0.0,0.0,0.0,0.0,0.0
Nguyên giá,0.0,0.0,0.0,0.0,0.0,0.0,0.0,0.0,0.0,0.0,0.0,0.0,0.0,0.0,0.0,0.0,0.0,0.0,0.0,0.0,0.0,0.0,0.0,0.0,0.0,0.0,0.0,0.0,0.0,0.0,0.0,0.0,0.0,0.0,0.0,0.0,0.0,0.0,0.0,0.0,0.0,0.0,0.0,0.0,0.0,0.0,0.0,0.0,0.0,0.0,0.0,0.0,0.0,0.0,0.0,0.0,0.0,0.0,0.0,0.0,0.0,0.0,0.0,0.0,0.0,0.0,0.0,0.0,0.0,0.0
Giá trị hao mòn lũy kế,0.0,0.0,0.0,0.0,0.0,0.0,0.0,0.0,0.0,0.0,0.0,0.0,0.0,0.0,0.0,0.0,0.0,0.0,0.0,0.0,0.0,0.0,0.0,0.0,0.0,0.0,0.0,0.0,0.0,0.0,0.0,0.0,0.0,0.0,0.0,0.0,0.0,0.0,0.0,0.0,0.0,0.0,0.0,0.0,0.0,0.0,0.0,0.0,0.0,0.0,0.0,0.0,0.0,0.0,0.0,0.0,0.0,0.0,0.0,0.0,0.0,0.0,0.0,0.0,0.0,0.0,0.0,0.0,0.0,0.0
3. Tài sản cố định vô hình,0.0,0.0,0.0,0.0,0.0,0.0,0.0,0.0,0.0,0.0,0.0,0.0,0.0,0.0,0.0,0.0,0.0,0.0,0.0,0.0,0.0,0.0,0.0,0.0,0.0,0.0,0.0,0.0,0.0,0.0,0.0,0.0,0.0,0.0,0.0,0.0,0.0,0.0,0.0,0.0,0.0,0.0,0.0,0.0,0.0,0.0,0.0,0.0,0.0,0.0,0.0,0.0,0.0,0.0,0.0,0.0,0.0,0.0,0.0,0.0,0.0,0.0,0.0,0.0,0.0,0.0,0.0,0.0,0.0,0.0
Nguyên giá,0.0,0.0,0.0,0.0,0.0,0.0,0.0,0.0,0.0,0.0,0.0,0.0,0.0,0.0,0.0,0.0,0.0,0.0,0.0,0.0,0.0,0.0,0.0,0.0,0.0,0.0,0.0,0.0,0.0,0.0,0.0,0.0,0.0,0.0,0.0,0.0,0.0,0.0,0.0,0.0,0.0,0.0,0.0,0.0,0.0,0.0,0.0,0.0,0.0,0.0,0.0,0.0,0.0,0.0,0.0,0.0,0.0,0.0,0.0,0.0,0.0,0.0,0.0,0.0,0.0,0.0,0.0,0.0,0.0,0.0
Giá trị hao mòn lũy kế,0.0,0.0,0.0,0.0,0.0,0.0,0.0,0.0,0.0,0.0,0.0,0.0,0.0,0.0,0.0,0.0,0.0,0.0,0.0,0.0,0.0,0.0,0.0,0.0,0.0,0.0,0.0,0.0,0.0,0.0,0.0,0.0,0.0,0.0,0.0,0.0,0.0,0.0,0.0,0.0,0.0,0.0,0.0,0.0,0.0,0.0,0.0,0.0,0.0,0.0,0.0,0.0,0.0,0.0,0.0,0.0,0.0,0.0,0.0,0.0,0.0,0.0,0.0,0.0,0.0,0.0,0.0,0.0,0.0,0.0
III. Bất động sản đầu tư,2055000000.0,2055000000.0,2055000000.0,2055000000.0,2055000000.0,2055000000.0,2055000000.0,0.0,0.0,0.0,0.0,0.0,0.0,0.0,0.0,0.0,0.0,0.0,0.0,0.0,0.0,0.0,0.0,0.0,0.0,0.0,0.0,0.0,0.0,0.0,0.0,0.0,0.0,0.0,0.0,0.0,0.0,0.0,0.0,0.0,0.0,0.0,0.0,0.0,0.0,0.0,0.0,0.0,0.0,0.0,0.0,0.0,0.0,0.0,0.0,0.0,0.0,0.0,0.0,0.0,0.0,0.0,0.0,0.0,0.0,0.0,0.0,0.0,0.0,0.0
Nguyên giá,2055000000.0,2055000000.0,2055000000.0,,2055000000.0,2055000000.0,2055000000.0,0.0,0.0,0.0,0.0,0.0,0.0,0.0,0.0,0.0,0.0,0.0,0.0,0.0,0.0,0.0,0.0,0.0,0.0,0.0,0.0,0.0,0.0,0.0,0.0,0.0,0.0,0.0,0.0,0.0,0.0,0.0,0.0,0.0,0.0,0.0,0.0,0.0,0.0,0.0,0.0,0.0,0.0,0.0,0.0,0.0,0.0,0.0,0.0,0.0,0.0,0.0,0.0,0.0,0.0,0.0,0.0,0.0,0.0,0.0,0.0,0.0,0.0,0.0
Giá trị hao mòn lũy kế,0.0,0.0,0.0,,0.0,0.0,0.0,0.0,0.0,0.0,0.0,0.0,0.0,0.0,0.0,0.0,0.0,0.0,0.0,0.0,0.0,0.0,0.0,0.0,0.0,0.0,0.0,0.0,0.0,0.0,0.0,0.0,0.0,0.0,0.0,0.0,0.0,0.0,0.0,0.0,0.0,0.0,0.0,0.0,0.0,0.0,0.0,0.0,0.0,0.0,0.0,0.0,0.0,0.0,0.0,0.0,0.0,0.0,0.0,0.0,0.0,0.0,0.0,0.0,0.0,0.0,0.0,0.0,0.0,0.0
IV. Tài sản dở dang dài hạn,2732229713.0,0.0,0.0,0.0,0.0,0.0,0.0,0.0,0.0,0.0,430695890.0,623877708.0,623877708.0,623877708.0,787514072.0,923877708.0,991384308.0,991384308.0,623877708.0,623877708.0,0.0,0.0,0.0,0.0,0.0,0.0,0.0,0.0,0.0,68308428400.0,68323428400.0,68323428400.0,68605246582.0,81374974273.0,81937274273.0,81937274273.0,82669882673.0,83254482673.0,83256532673.0,84669167773.0,86428997046.0,101068022828.0,101910928282.0,99334886063.0,104401473182.0,106429793256.0,111367354110.0,112253513954.0,123588171199.0,126074014000.0,105906549527.0,107075447599.0,123870192522.0,126151139751.0,126927166434.0,127599941107.0,127851701968.0,128287158549.0,130142344835.0,162162871130.0,167084704774.0,221293514911.0,252899465051.0,253854146422.0,255109025053.0,272748509752.0,277127455750.0,284964012656.0,364964036127.0,27484492420.0
"1. Chi phí sản xuất, kinh doanh dở dang dài hạn",,0.0,0.0,0.0,0.0,0.0,0.0,0.0,0.0,0.0,,,,,,,,,,,0.0,0.0,0.0,0.0,0.0,0.0,0.0,0.0,0.0,,,,,,,,,,,0.0,0.0,10417806238.0,10417806238.0,7803343116.0,11445586487.0,11445586487.0,11445586487.0,11445586487.0,11445586487.0,11445586487.0,11445586487.0,11445586487.0,11445586487.0,11445586487.0,11445586487.0,11445586487.0,11445586487.0,11445586487.0,11445586487.0,11445586487.0,11445586487.0,11445586487.0,11445586487.0,11445586487.0,11445586487.0,11445586487.0,11445586487.0,11445586487.0,11445586487.0,0.0
2. chi phí xây dựng cơ bản dở dang,,0.0,0.0,0.0,0.0,0.0,0.0,0.0,0.0,0.0,,,,,,,,,,,0.0,0.0,0.0,0.0,0.0,0.0,0.0,0.0,0.0,,,,,,,,,,,84669167773.0,86428997046.0,90650216590.0,91493122044.0,91531542947.0,92955886695.0,94984206769.0,99921767623.0,100807927467.0,112142584712.0,114628427513.0,94460963040.0,95629861112.0,112424606035.0,114705553264.0,115481579947.0,116154354620.0,116406115481.0,116841572062.0,118696758348.0,150717284643.0,155639118287.0,209847928424.0,241453878564.0,242408559935.0,243663438566.0,261302923265.0,265681869263.0,273518426169.0,353518449640.0,27484492420.0
V. Các khoản đầu tư tài chính dài hạn,1000000000.0,1000000000.0,1000000000.0,1341000000.0,1591000000.0,1585400000.0,1907600000.0,2087600000.0,4289600000.0,26549600000.0,26549600000.0,26549600000.0,55462640000.0,4202580000.0,1912600000.0,1912600000.0,1912600000.0,30716210000.0,1912600000.0,14699280000.0,53636745000.0,0.0,0.0,0.0,0.0,10000000000.0,10000000000.0,10000000000.0,17735000000.0,17735000000.0,17735000000.0,17735000000.0,17735000000.0,17735000000.0,17735000000.0,17735000000.0,17735000000.0,17735000000.0,17735000000.0,17735000000.0,17735000000.0,17735000000.0,17735000000.0,17735000000.0,17915000000.0,17915000000.0,17915000000.0,17915000000.0,3915000000.0,3777220904.0,3777220904.0,3777220904.0,3915000000.0,3915000000.0,3915000000.0,3915000000.0,3306836560.0,17306836560.0,0.0,0.0,0.0,0.0,0.0,0.0,0.0,0.0,0.0,0.0,0.0,0.0
1. Đầu tư vào công ty con,0.0,0.0,0.0,,0.0,0.0,0.0,0.0,0.0,0.0,,0.0,,0.0,,0.0,,0.0,0.0,0.0,0.0,0.0,0.0,0.0,0.0,0.0,0.0,0.0,0.0,0.0,0.0,0.0,0.0,0.0,0.0,0.0,0.0,0.0,0.0,0.0,0.0,0.0,0.0,0.0,0.0,0.0,0.0,0.0,0.0,0.0,0.0,0.0,0.0,0.0,0.0,0.0,0.0,0.0,0.0,0.0,0.0,0.0,0.0,0.0,0.0,0.0,0.0,0.0,0.0,0.0
"2. Đầu tư vào công ty liên kết, liên doanh",0.0,0.0,0.0,,0.0,0.0,0.0,2087600000.0,0.0,0.0,,0.0,,0.0,,0.0,,0.0,0.0,0.0,0.0,0.0,0.0,0.0,0.0,10000000000.0,10000000000.0,10000000000.0,17735000000.0,17735000000.0,17735000000.0,17735000000.0,17735000000.0,17735000000.0,17735000000.0,17735000000.0,17735000000.0,17735000000.0,17735000000.0,17735000000.0,17735000000.0,17735000000.0,17735000000.0,17735000000.0,17915000000.0,17915000000.0,17915000000.0,17915000000.0,3915000000.0,0.0,0.0,0.0,0.0,0.0,0.0,0.0,0.0,0.0,0.0,0.0,0.0,0.0,0.0,0.0,0.0,0.0,0.0,0.0,0.0,0.0
3. Đầu tư khác vào công cụ vốn,1000000000.0,1000000000.0,1000000000.0,,1591000000.0,1585400000.0,1907600000.0,0.0,4289600000.0,26549600000.0,,26549600000.0,,11549600000.0,,1912600000.0,,30716210000.0,1912600000.0,14699280000.0,62051306000.0,0.0,0.0,0.0,0.0,0.0,0.0,0.0,0.0,0.0,0.0,0.0,0.0,0.0,0.0,0.0,0.0,0.0,0.0,0.0,0.0,0.0,0.0,0.0,0.0,0.0,0.0,0.0,0.0,3915000000.0,3915000000.0,3915000000.0,3915000000.0,3915000000.0,3915000000.0,3915000000.0,3915000000.0,17915000000.0,0.0,0.0,0.0,0.0,0.0,0.0,0.0,0.0,0.0,0.0,0.0,0.0
4. Dự phòng giảm giá đầu tư tài chính dài hạn,0.0,0.0,0.0,,0.0,0.0,0.0,0.0,0.0,0.0,,0.0,,-7347020000.0,,0.0,,0.0,0.0,0.0,-8414561000.0,0.0,0.0,0.0,0.0,0.0,0.0,0.0,0.0,0.0,0.0,0.0,0.0,0.0,0.0,0.0,0.0,0.0,0.0,0.0,0.0,0.0,0.0,0.0,0.0,0.0,0.0,0.0,0.0,-137779096.0,-137779096.0,-137779096.0,0.0,0.0,0.0,0.0,-608163440.0,-608163440.0,0.0,0.0,0.0,0.0,0.0,0.0,0.0,0.0,0.0,0.0,0.0,0.0
5. Đầu tư nắm giữ đến ngày đáo hạn,0.0,0.0,0.0,,0.0,0.0,0.0,0.0,0.0,0.0,,0.0,,0.0,,0.0,,0.0,0.0,0.0,0.0,0.0,0.0,0.0,0.0,0.0,0.0,0.0,0.0,0.0,0.0,0.0,0.0,0.0,0.0,0.0,0.0,0.0,0.0,0.0,0.0,0.0,0.0,0.0,0.0,0.0,0.0,0.0,0.0,0.0,0.0,0.0,0.0,0.0,0.0,0.0,0.0,0.0,0.0,0.0,0.0,0.0,0.0,0.0,0.0,0.0,0.0,0.0,0.0,0.0
VI. Tổng tài sản dài hạn khác,0.0,0.0,0.0,0.0,0.0,0.0,0.0,75335119.0,82595911.0,89306326.0,155360513.0,125205311.0,135894188.0,84607721.0,55813815.0,31724613.0,30926762.0,6087882.0,30128482.0,24490000.0,57979021.0,17143000.0,13469500.0,9796000.0,6122500.0,2449000.0,0.0,0.0,0.0,0.0,0.0,0.0,0.0,0.0,0.0,0.0,0.0,0.0,0.0,0.0,0.0,0.0,0.0,0.0,0.0,0.0,0.0,0.0,0.0,0.0,0.0,0.0,0.0,0.0,61101091.0,53463454.0,45825817.0,113844433.0,45114179.0,30194723.0,15275269.0,68183086.0,0.0,0.0,0.0,0.0,0.0,0.0,0.0,0.0
1. Chi phí trả trước dài hạn,0.0,0.0,0.0,0.0,0.0,0.0,0.0,35673182.0,82595911.0,89306326.0,,125205311.0,,84607721.0,,31724613.0,,6087882.0,30128482.0,24490000.0,57979021.0,17143000.0,13469500.0,9796000.0,6122500.0,2449000.0,0.0,0.0,0.0,0.0,0.0,0.0,0.0,0.0,0.0,0.0,0.0,0.0,0.0,0.0,0.0,0.0,0.0,0.0,0.0,0.0,0.0,0.0,0.0,0.0,0.0,0.0,0.0,0.0,61101091.0,53463454.0,45825817.0,113844433.0,45114179.0,30194723.0,15275269.0,68183086.0,0.0,0.0,0.0,0.0,0.0,0.0,0.0,0.0
2. Tài sản Thuế thu nhập hoãn lại,0.0,0.0,0.0,0.0,0.0,0.0,0.0,39661937.0,0.0,0.0,,0.0,,0.0,,0.0,,0.0,0.0,0.0,0.0,0.0,0.0,0.0,0.0,0.0,0.0,0.0,0.0,0.0,0.0,0.0,0.0,0.0,0.0,0.0,0.0,0.0,0.0,0.0,0.0,0.0,0.0,0.0,0.0,0.0,0.0,0.0,0.0,0.0,0.0,0.0,0.0,0.0,0.0,0.0,0.0,0.0,0.0,0.0,0.0,0.0,0.0,0.0,0.0,0.0,0.0,0.0,0.0,0.0
3. Tài sản dài hạn khác,0.0,0.0,0.0,0.0,0.0,0.0,0.0,0.0,0.0,0.0,,0.0,,0.0,,0.0,,0.0,0.0,0.0,0.0,0.0,0.0,0.0,0.0,0.0,0.0,0.0,0.0,0.0,0.0,0.0,0.0,0.0,0.0,0.0,0.0,0.0,0.0,0.0,0.0,0.0,0.0,0.0,0.0,0.0,0.0,0.0,0.0,0.0,0.0,0.0,0.0,0.0,0.0,0.0,0.0,0.0,0.0,0.0,0.0,0.0,0.0,0.0,0.0,0.0,0.0,0.0,0.0,0.0
VII. Lợi thế thương mại,0.0,0.0,0.0,0.0,0.0,0.0,0.0,0.0,0.0,0.0,0.0,0.0,0.0,0.0,0.0,0.0,0.0,0.0,0.0,0.0,0.0,0.0,0.0,0.0,0.0,0.0,0.0,0.0,0.0,0.0,0.0,0.0,0.0,0.0,0.0,0.0,0.0,0.0,0.0,0.0,0.0,0.0,0.0,0.0,0.0,0.0,0.0,0.0,0.0,0.0,0.0,0.0,0.0,0.0,0.0,0.0,0.0,0.0,0.0,0.0,0.0,0.0,0.0,0.0,0.0,0.0,0.0,0.0,0.0,0.0
TỔNG CỘNG TÀI SẢN,32037966234.0,46958531483.0,32191840030.0,21278893445.0,21092324520.0,71955806094.0,98587758412.0,142153502149.0,74468693788.0,126345594776.0,113627834841.0,121585587002.0,107813967722.0,104192435065.0,99523344637.0,107734824456.0,117045698721.0,130090208659.0,118840251122.0,170022301760.0,173592720568.0,175769721266.0,171740757929.0,178549741536.0,169741777949.0,181368856940.0,202255214027.0,197186875884.0,184293439751.0,188085080922.0,183362513610.0,180051749211.0,179307131160.0,178010412809.0,176610246439.0,176899260489.0,177045979610.0,176542859390.0,172283793817.0,177244325230.0,165347154699.0,162794057051.0,163679523313.0,165343881918.0,167451998352.0,164274118864.0,166918847091.0,165942389709.0,173167029281.0,171279876186.0,173244000663.0,167333188730.0,171092523715.0,169548524208.0,168849390847.0,167997423340.0,168570998886.0,164749019499.0,165868822470.0,169954581372.0,180220817207.0,248982995195.0,260189986122.0,260887657925.0,261677137918.0,280210826319.0,501700338716.0,516265247596.0,490822730212.0,493707213372.0
NGUỒN VỐN,,,,,,,,,,,,,,,,,,,,,,,,,,,,,,,,,,,,,,,,,,,,,,,,,,,,,0.0,,,,,,,,,,,,,,,,,
A. Nợ phải trả,18939980778.0,34458289353.0,19036306112.0,7426852057.0,6594425191.0,56330258841.0,76783799920.0,117635485697.0,48259134348.0,38266178888.0,27481897102.0,32149967062.0,22561199772.0,19675496138.0,12244186065.0,14697994277.0,19418308873.0,12259990452.0,9439922656.0,58403242992.0,59446854852.0,61974102076.0,62704317795.0,63811094323.0,70827611985.0,70778613452.0,85178231032.0,88639188682.0,82633633898.0,36147262533.0,40539575669.0,37165656416.0,36743165981.0,35488802197.0,33772528559.0,34116748350.0,33676667538.0,28608968704.0,22578742581.0,22424679888.0,8210391393.0,5533842303.0,6239657768.0,7053139361.0,9642444450.0,6619762010.0,8060761683.0,7242651254.0,14347777849.0,12704113324.0,15206415297.0,9475233706.0,12362555796.0,10844866569.0,10160163244.0,9532314251.0,9681132143.0,6369986387.0,6210290010.0,10340800622.0,20733924141.0,86369370281.0,96989399262.0,97743914639.0,98462791589.0,117059389117.0,338916578882.0,354178830079.0,328718587343.0,330066472404.0
I. Nợ ngắn hạn,18061980778.0,33580289353.0,18158306112.0,6548852057.0,5716425191.0,55722258841.0,76175799920.0,117027485697.0,47651134348.0,38266178888.0,27481897102.0,32149967062.0,22561199772.0,19675496138.0,12244186065.0,14697994277.0,19418308873.0,12259990452.0,9439922656.0,8403242992.0,,11974102076.0,12704317795.0,13811094323.0,20827611985.0,20678613452.0,35078231032.0,38539188682.0,32533633898.0,36047262533.0,40439575669.0,37065656416.0,36643165981.0,35388802197.0,33672528559.0,34016748350.0,33576667538.0,28508968704.0,22478742581.0,22324679888.0,8110391393.0,5433842303.0,6139657768.0,6953139361.0,9542444450.0,6519762010.0,7960761683.0,7142651254.0,14247777849.0,12604113324.0,15106415297.0,9375233706.0,12262555796.0,10744866569.0,10060163244.0,9432314251.0,9581132143.0,6269986387.0,6110290010.0,10240800622.0,20633924141.0,86269370281.0,96889399262.0,97643914639.0,98462791589.0,117059389117.0,128916578882.0,354178830079.0,328718587343.0,108682250132.0
1. Vay và nợ thuê tài chính ngắn hạn,1145000000.0,972500000.0,952500000.0,,750000000.0,1552500000.0,7255000000.0,255000000.0,0.0,0.0,,0.0,,0.0,,0.0,,0.0,0.0,0.0,,0.0,0.0,0.0,7625000000.0,9490000000.0,18010000000.0,17000000000.0,18760000000.0,8000000000.0,12000000000.0,12000000000.0,13000000000.0,13000000000.0,12000000000.0,12000000000.0,10600000000.0,2895000000.0,2880000000.0,2880000000.0,0.0,2000000000.0,2000000000.0,2000000000.0,2000000000.0,2000000000.0,3000000000.0,3000000000.0,8800000000.0,8500000000.0,8500000000.0,0.0,2700000000.0,2700000000.0,2700000000.0,2700000000.0,2700000000.0,0.0,0.0,4000000000.0,14200000000.0,80000000000.0,90000000000.0,90000000000.0,90000000000.0,108000000000.0,108000000000.0,318000000000.0,250000000000.0,48615777728.0
2. Vay và nợ dài hạn đến hạn phải trả,0.0,0.0,0.0,,0.0,0.0,0.0,0.0,0.0,0.0,,0.0,,0.0,,0.0,,0.0,0.0,0.0,,0.0,0.0,0.0,0.0,0.0,0.0,0.0,0.0,0.0,0.0,0.0,0.0,0.0,0.0,0.0,0.0,0.0,0.0,0.0,0.0,0.0,0.0,0.0,0.0,0.0,0.0,0.0,0.0,0.0,0.0,0.0,0.0,0.0,0.0,0.0,0.0,0.0,0.0,0.0,0.0,0.0,0.0,0.0,0.0,0.0,0.0,0.0,0.0,0.0
3. Phải trả người bán ngắn hạn,15450765701.0,31268128604.0,15187337409.0,,2397107407.0,45564211284.0,65534907660.0,111638703763.0,44834120903.0,34333111371.0,,24465803029.0,,9642037015.0,,4497325352.0,,3656367691.0,2605694034.0,3013184018.0,,3780884329.0,3983919213.0,3934154682.0,6351591100.0,4892235016.0,6685168661.0,9453823055.0,9718417810.0,24031447805.0,23284186585.0,20751462359.0,19400285349.0,18560135284.0,18306583616.0,18544753302.0,19267381577.0,21274677574.0,10316685869.0,11281049757.0,1256127089.0,1378814044.0,2746458812.0,1842129551.0,2895010591.0,2012796166.0,2356545690.0,1502618142.0,2754751507.0,1884178903.0,1689006876.0,1625676185.0,4153568379.0,2577265353.0,1706735444.0,1191009880.0,1201733118.0,923403446.0,595352560.0,705342308.0,776372779.0,451313896.0,298985129.0,298985129.0,601450881.0,1222679730.0,522408402.0,522408402.0,940332417.0,430761217.0
4. Người mua trả tiền trước,307885867.0,527817261.0,704568139.0,,1673761063.0,2901735763.0,2617592493.0,1847001397.0,1421942659.0,2112858659.0,,6607737361.0,,8363734161.0,,6474857714.0,,1071431585.0,1043003285.0,1226272068.0,,1359170648.0,1385128938.0,1122278548.0,1701733866.0,963314189.0,688970889.0,615922302.0,675177624.0,783235404.0,788779921.0,856192125.0,804497323.0,715167823.0,695200000.0,713763735.0,795604283.0,786848738.0,4490537745.0,1794716659.0,874450680.0,112008379.0,330570000.0,1165216150.0,1365200000.0,1365200000.0,1381604284.0,1381604283.0,1381604283.0,1381604283.0,4176564283.0,4176564283.0,4593971203.0,4593971203.0,4593971203.0,4580967203.0,4593971203.0,4593971203.0,4627021203.0,4622021203.0,4625021203.0,4621021203.0,4606960000.0,4578960000.0,4578960000.0,4578960000.0,4578960000.0,4578960000.0,58445160000.0,58445160000.0
5. Thuế và các khoản phải nộp nhà nước,481172833.0,467543172.0,700918120.0,,1022673435.0,1605441373.0,-485874762.0,1683911206.0,748658922.0,704161581.0,,476680919.0,,457623758.0,,2024578697.0,,5289394561.0,3529004265.0,1419462631.0,,567362474.0,284379039.0,657811966.0,567011008.0,1215277401.0,3456701937.0,3312255085.0,664862147.0,531530864.0,653826865.0,469084550.0,469084550.0,513273343.0,0.0,0.0,4131898.0,803633524.0,1303311854.0,3633796460.0,4413852676.0,795705134.0,292309129.0,1139299338.0,409946227.0,11141378.0,260332137.0,221506857.0,326566017.0,0.0,0.0,0.0,27501876.0,0.0,0.0,0.0,69907987.0,0.0,120829677.0,120829677.0,104683892.0,0.0,0.0,0.0,11676701.0,2222000.0,5017618.0,105698210.0,172201079.0,316032860.0
6. Phải trả người lao động,551556900.0,409073403.0,388918700.0,,236004600.0,253548400.0,299357200.0,334079100.0,238723400.0,218966600.0,,289591100.0,,715140700.0,,1182709000.0,,1243214300.0,637247200.0,1393401800.0,,1227080800.0,1371900000.0,1578243700.0,1755711040.0,1281967880.0,988918700.0,1860908120.0,1634531700.0,1360133280.0,1342900440.0,1378980840.0,898796120.0,361407100.0,273384150.0,382322050.0,236230950.0,286461608.0,314551185.0,288792345.0,89894455.0,371991094.0,250487525.0,121126745.0,2169775229.0,348363400.0,204227344.0,316966016.0,423647504.0,245585100.0,174904700.0,272806400.0,210466700.0,262283875.0,415462959.0,342477530.0,397604397.0,127913900.0,139082799.0,145538263.0,265551977.0,64842888.0,166231281.0,232563581.0,252984840.0,0.0,431156423.0,599835531.0,864343031.0,438808031.0
7. Chi phí phải trả ngắn hạn,0.0,-8604546.0,16588226.0,,178262164.0,223634454.0,163229579.0,35560172.0,22500000.0,28305454.0,,23409544.0,,170845115.0,,142628173.0,,616380457.0,88645969.0,36571172.0,,1676014667.0,4258466667.0,4205164854.0,1726666667.0,1797744824.0,4229666667.0,5120450000.0,114484849.0,235284849.0,658469484.0,429992779.0,914815971.0,1013624190.0,1162566251.0,1162566251.0,1491497762.0,1191497762.0,1973069800.0,1286941324.0,973536091.0,0.0,0.0,0.0,42500000.0,0.0,36246575.0,0.0,0.0,0.0,0.0,0.0,0.0,0.0,0.0,0.0,0.0,0.0,0.0,0.0,48108219.0,508180823.0,1206263017.0,1912016444.0,2617769871.0,2855578091.0,4958043845.0,5750098640.0,0.0,0.0
8. Phải trả nội bộ ngắn hạn,0.0,0.0,0.0,,0.0,0.0,0.0,0.0,0.0,0.0,,0.0,,0.0,,0.0,,0.0,0.0,0.0,,0.0,0.0,0.0,0.0,0.0,0.0,0.0,0.0,0.0,0.0,0.0,0.0,0.0,0.0,0.0,0.0,0.0,0.0,0.0,0.0,0.0,0.0,0.0,0.0,0.0,0.0,0.0,0.0,0.0,0.0,0.0,0.0,0.0,0.0,0.0,0.0,0.0,0.0,0.0,0.0,0.0,0.0,0.0,0.0,0.0,0.0,0.0,0.0,0.0
9. Phải trả theo tiến độ kế hoạch hợp đồng xây dựng,0.0,0.0,0.0,,0.0,0.0,0.0,0.0,0.0,0.0,,0.0,,0.0,,0.0,,0.0,0.0,0.0,,0.0,0.0,0.0,0.0,0.0,0.0,0.0,0.0,0.0,0.0,0.0,0.0,0.0,0.0,0.0,0.0,0.0,0.0,0.0,0.0,0.0,0.0,0.0,0.0,0.0,0.0,0.0,0.0,0.0,0.0,0.0,0.0,0.0,0.0,0.0,0.0,0.0,0.0,0.0,0.0,0.0,0.0,0.0,0.0,0.0,0.0,0.0,0.0,0.0
10. Doanh thu chưa thực hiện ngắn hạn,0.0,0.0,0.0,,0.0,0.0,0.0,0.0,0.0,0.0,,0.0,,0.0,,0.0,,0.0,0.0,0.0,,0.0,0.0,0.0,0.0,0.0,0.0,0.0,0.0,0.0,0.0,0.0,0.0,0.0,0.0,0.0,0.0,0.0,0.0,0.0,0.0,0.0,0.0,0.0,0.0,0.0,0.0,0.0,0.0,0.0,0.0,0.0,0.0,0.0,0.0,0.0,0.0,0.0,0.0,0.0,0.0,0.0,0.0,0.0,0.0,0.0,0.0,0.0,0.0,0.0
11. Phải trả ngắn hạn khác,120978943.0,-132935558.0,149701001.0,,-588982995.0,3440829919.0,611230102.0,1151991131.0,306949536.0,364429033.0,,256745109.0,,306115389.0,,356445341.0,,361601858.0,627065465.0,405088865.0,,3323589158.0,760400666.0,1657367301.0,443825032.0,382000870.0,362730906.0,519756848.0,310086496.0,449557059.0,1055339102.0,523870491.0,499613396.0,569121185.0,578721270.0,557269740.0,525747796.0,614776226.0,544512856.0,586910071.0,502530402.0,775323652.0,519832302.0,685367577.0,660012403.0,782261066.0,721805653.0,719955956.0,561208538.0,592745038.0,565939438.0,600186838.0,577047638.0,611346138.0,643993638.0,617859638.0,617915438.0,624697838.0,628003771.0,647069171.0,614186071.0,624011471.0,610959835.0,621389485.0,399949296.0,399949296.0,10420992594.0,24621829296.0,18296550816.0,435710296.0
12. Dự phòng phải trả ngắn hạn,0.0,0.0,0.0,,0.0,0.0,0.0,0.0,0.0,0.0,,0.0,,0.0,,0.0,,0.0,0.0,0.0,,0.0,0.0,0.0,0.0,0.0,0.0,0.0,0.0,0.0,0.0,0.0,0.0,0.0,0.0,0.0,0.0,0.0,0.0,0.0,0.0,0.0,0.0,0.0,0.0,0.0,0.0,0.0,0.0,0.0,0.0,2700000000.0,0.0,0.0,0.0,0.0,0.0,0.0,0.0,0.0,0.0,0.0,0.0,0.0,0.0,0.0,0.0,0.0,0.0,0.0
13. Quỹ khen thưởng phúc lợi,4620534.0,76767017.0,57774517.0,46799517.0,47599517.0,180357648.0,180357648.0,81238928.0,78238928.0,504346190.0,504346190.0,30000000.0,30000000.0,20000000.0,,19450000.0,19450000.0,21600000.0,909262438.0,909262438.0,,40000000.0,660123272.0,656073272.0,656073272.0,656073272.0,656073272.0,656073272.0,656073272.0,656073272.0,656073272.0,656073272.0,656073272.0,656073272.0,656073272.0,656073272.0,656073272.0,656073272.0,656073272.0,572473272.0,0.0,0.0,0.0,0.0,0.0,0.0,0.0,0.0,0.0,0.0,0.0,0.0,0.0,0.0,0.0,0.0,0.0,0.0,0.0,0.0,0.0,0.0,0.0,0.0,0.0,0.0,0.0,0.0,0.0,0.0
14. Quỹ bình ổn giá,0.0,0.0,0.0,,0.0,0.0,0.0,0.0,0.0,0.0,,0.0,,0.0,,0.0,,0.0,0.0,0.0,,0.0,0.0,0.0,0.0,0.0,0.0,0.0,0.0,0.0,0.0,0.0,0.0,0.0,0.0,0.0,0.0,0.0,0.0,0.0,0.0,0.0,0.0,0.0,0.0,0.0,0.0,0.0,0.0,0.0,0.0,0.0,0.0,0.0,0.0,0.0,0.0,0.0,0.0,0.0,0.0,0.0,0.0,0.0,0.0,0.0,0.0,0.0,0.0,0.0
15. Giao dịch mua bán lại trái phiếu chính phủ,0.0,0.0,0.0,,0.0,0.0,0.0,0.0,0.0,0.0,,0.0,,0.0,,0.0,,0.0,0.0,0.0,,0.0,0.0,0.0,0.0,0.0,0.0,0.0,0.0,0.0,0.0,0.0,0.0,0.0,0.0,0.0,0.0,0.0,0.0,0.0,0.0,0.0,0.0,0.0,0.0,0.0,0.0,0.0,0.0,0.0,0.0,0.0,0.0,0.0,0.0,0.0,0.0,0.0,0.0,0.0,0.0,0.0,0.0,0.0,0.0,0.0,0.0,0.0,0.0,0.0
II. Nợ dài hạn,878000000.0,878000000.0,878000000.0,878000000.0,878000000.0,608000000.0,608000000.0,608000000.0,608000000.0,0.0,0.0,0.0,0.0,0.0,0.0,0.0,0.0,0.0,0.0,50000000000.0,,50000000000.0,50000000000.0,50000000000.0,50000000000.0,50100000000.0,50100000000.0,50100000000.0,50100000000.0,100000000.0,100000000.0,100000000.0,100000000.0,100000000.0,100000000.0,100000000.0,100000000.0,100000000.0,100000000.0,100000000.0,100000000.0,100000000.0,100000000.0,100000000.0,100000000.0,100000000.0,100000000.0,100000000.0,100000000.0,100000000.0,100000000.0,100000000.0,100000000.0,100000000.0,100000000.0,100000000.0,100000000.0,100000000.0,100000000.0,100000000.0,100000000.0,100000000.0,100000000.0,100000000.0,0.0,0.0,210000000000.0,0.0,0.0,221384222272.0
1. Phải trả người bán dài hạn,0.0,0.0,0.0,,0.0,0.0,0.0,0.0,0.0,0.0,0.0,0.0,0.0,0.0,0.0,0.0,0.0,0.0,0.0,0.0,,0.0,0.0,0.0,0.0,0.0,0.0,0.0,0.0,0.0,0.0,0.0,0.0,0.0,0.0,0.0,0.0,0.0,0.0,0.0,0.0,0.0,0.0,0.0,0.0,0.0,0.0,0.0,0.0,0.0,0.0,0.0,0.0,0.0,0.0,0.0,0.0,0.0,0.0,0.0,0.0,0.0,0.0,0.0,0.0,0.0,0.0,0.0,0.0,0.0
2. Chi phí phải trả dài hạn,0.0,0.0,0.0,,0.0,0.0,0.0,0.0,0.0,0.0,0.0,0.0,0.0,0.0,0.0,0.0,0.0,0.0,0.0,0.0,,0.0,0.0,0.0,0.0,0.0,0.0,0.0,0.0,0.0,0.0,0.0,0.0,0.0,0.0,0.0,0.0,0.0,0.0,0.0,0.0,0.0,0.0,0.0,0.0,0.0,0.0,0.0,0.0,0.0,0.0,0.0,0.0,0.0,0.0,0.0,0.0,0.0,0.0,0.0,0.0,0.0,0.0,0.0,0.0,0.0,0.0,0.0,0.0,0.0
3. Phải trả nội bộ về vốn kinh doanh,0.0,0.0,0.0,,0.0,0.0,0.0,0.0,0.0,0.0,0.0,0.0,0.0,0.0,0.0,0.0,0.0,0.0,0.0,0.0,,0.0,0.0,0.0,0.0,0.0,0.0,0.0,0.0,0.0,0.0,0.0,0.0,0.0,0.0,0.0,0.0,0.0,0.0,0.0,0.0,0.0,0.0,0.0,0.0,0.0,0.0,0.0,0.0,0.0,0.0,0.0,0.0,0.0,0.0,0.0,0.0,0.0,0.0,0.0,0.0,0.0,0.0,0.0,0.0,0.0,0.0,0.0,0.0,0.0
4. Phải trả nội bộ dài hạn,0.0,0.0,0.0,,0.0,0.0,0.0,0.0,0.0,0.0,0.0,0.0,0.0,0.0,0.0,0.0,0.0,0.0,0.0,0.0,,0.0,0.0,0.0,0.0,0.0,0.0,0.0,0.0,0.0,0.0,0.0,0.0,0.0,0.0,0.0,0.0,0.0,0.0,0.0,0.0,0.0,0.0,0.0,0.0,0.0,0.0,0.0,0.0,0.0,0.0,0.0,0.0,0.0,0.0,0.0,0.0,0.0,0.0,0.0,0.0,0.0,0.0,0.0,0.0,0.0,0.0,0.0,0.0,0.0
5. Phải trả dài hạn khác,0.0,0.0,0.0,,878000000.0,0.0,0.0,0.0,0.0,0.0,0.0,0.0,0.0,0.0,0.0,0.0,0.0,0.0,0.0,0.0,,0.0,0.0,0.0,0.0,100000000.0,100000000.0,100000000.0,100000000.0,100000000.0,100000000.0,100000000.0,100000000.0,100000000.0,100000000.0,100000000.0,100000000.0,100000000.0,100000000.0,100000000.0,100000000.0,100000000.0,100000000.0,100000000.0,100000000.0,100000000.0,100000000.0,100000000.0,100000000.0,100000000.0,100000000.0,100000000.0,100000000.0,100000000.0,100000000.0,100000000.0,100000000.0,100000000.0,100000000.0,100000000.0,100000000.0,100000000.0,100000000.0,100000000.0,0.0,0.0,0.0,0.0,0.0,0.0
6. Vay và nợ thuê tài chính dài hạn,878000000.0,878000000.0,878000000.0,,0.0,608000000.0,608000000.0,608000000.0,608000000.0,0.0,0.0,0.0,0.0,0.0,0.0,0.0,0.0,0.0,0.0,50000000000.0,,50000000000.0,50000000000.0,50000000000.0,50000000000.0,50000000000.0,50000000000.0,50000000000.0,50000000000.0,0.0,0.0,0.0,0.0,0.0,0.0,0.0,0.0,0.0,0.0,0.0,0.0,0.0,0.0,0.0,0.0,0.0,0.0,0.0,0.0,0.0,0.0,0.0,0.0,0.0,0.0,0.0,0.0,0.0,0.0,0.0,0.0,0.0,0.0,0.0,0.0,0.0,210000000000.0,0.0,0.0,221384222272.0
7. Trái phiếu chuyển đổi,0.0,0.0,0.0,,0.0,0.0,0.0,0.0,0.0,0.0,0.0,0.0,0.0,0.0,0.0,0.0,0.0,0.0,0.0,0.0,,0.0,0.0,0.0,0.0,0.0,0.0,0.0,0.0,0.0,0.0,0.0,0.0,0.0,0.0,0.0,0.0,0.0,0.0,0.0,0.0,0.0,0.0,0.0,0.0,0.0,0.0,0.0,0.0,0.0,0.0,0.0,0.0,0.0,0.0,0.0,0.0,0.0,0.0,0.0,0.0,0.0,0.0,0.0,0.0,0.0,0.0,0.0,0.0,0.0
8. Thuế thu nhập hoãn lại phải trả,0.0,0.0,0.0,,0.0,0.0,0.0,0.0,0.0,0.0,0.0,0.0,0.0,0.0,0.0,0.0,0.0,0.0,0.0,0.0,,0.0,0.0,0.0,0.0,0.0,0.0,0.0,0.0,0.0,0.0,0.0,0.0,0.0,0.0,0.0,0.0,0.0,0.0,0.0,0.0,0.0,0.0,0.0,0.0,0.0,0.0,0.0,0.0,0.0,0.0,0.0,0.0,0.0,0.0,0.0,0.0,0.0,0.0,0.0,0.0,0.0,0.0,0.0,0.0,0.0,0.0,0.0,0.0,0.0
9. Dự phòng trợ cấp mất việc làm,0.0,0.0,0.0,,0.0,0.0,0.0,0.0,0.0,0.0,0.0,0.0,0.0,0.0,0.0,0.0,0.0,0.0,0.0,0.0,,0.0,0.0,0.0,0.0,0.0,0.0,0.0,0.0,0.0,0.0,0.0,0.0,0.0,0.0,0.0,0.0,0.0,0.0,0.0,0.0,0.0,0.0,0.0,0.0,0.0,0.0,0.0,0.0,0.0,0.0,0.0,0.0,0.0,0.0,0.0,0.0,0.0,0.0,0.0,0.0,0.0,0.0,0.0,0.0,0.0,0.0,0.0,0.0,0.0
10. Dự phòng phải trả dài hạn,0.0,0.0,0.0,,0.0,0.0,0.0,0.0,0.0,0.0,0.0,0.0,0.0,0.0,0.0,0.0,0.0,0.0,0.0,0.0,,0.0,0.0,0.0,0.0,0.0,0.0,0.0,0.0,0.0,0.0,0.0,0.0,0.0,0.0,0.0,0.0,0.0,0.0,0.0,0.0,0.0,0.0,0.0,0.0,0.0,0.0,0.0,0.0,0.0,0.0,0.0,0.0,0.0,0.0,0.0,0.0,0.0,0.0,0.0,0.0,0.0,0.0,0.0,0.0,0.0,0.0,0.0,0.0,0.0
11. Doanh thu chưa thực hiện dài hạn,0.0,0.0,0.0,,0.0,0.0,0.0,0.0,0.0,0.0,0.0,0.0,0.0,0.0,0.0,0.0,0.0,0.0,0.0,0.0,,0.0,0.0,0.0,0.0,0.0,0.0,0.0,0.0,0.0,0.0,0.0,0.0,0.0,0.0,0.0,0.0,0.0,0.0,0.0,0.0,0.0,0.0,0.0,0.0,0.0,0.0,0.0,0.0,0.0,0.0,0.0,0.0,0.0,0.0,0.0,0.0,0.0,0.0,0.0,0.0,0.0,0.0,0.0,0.0,0.0,0.0,0.0,0.0,0.0
12. Quỹ phát triển khoa học và công nghệ,0.0,0.0,0.0,,0.0,0.0,0.0,0.0,0.0,0.0,0.0,0.0,0.0,0.0,0.0,0.0,0.0,0.0,0.0,0.0,,0.0,0.0,0.0,0.0,0.0,0.0,0.0,0.0,0.0,0.0,0.0,0.0,0.0,0.0,0.0,0.0,0.0,0.0,0.0,0.0,0.0,0.0,0.0,0.0,0.0,0.0,0.0,0.0,0.0,0.0,0.0,0.0,0.0,0.0,0.0,0.0,0.0,0.0,0.0,0.0,0.0,0.0,0.0,0.0,0.0,0.0,0.0,0.0,0.0
B. Nguồn vốn chủ sở hữu,13097985456.0,12500242130.0,13155533918.0,13852041388.0,14497899329.0,15625547253.0,21803958492.0,24518016452.0,26209559440.0,88079415888.0,86145937739.0,89435619940.0,85252767950.0,84516938927.0,87279158572.0,93036830179.0,97627389848.0,117830218207.0,109400328466.0,111619058768.0,114145865716.0,113795619190.0,109036440134.0,114738647213.0,98914165964.0,110590243488.0,117076982995.0,108547687202.0,101659805853.0,151937818389.0,142822937941.0,142886092795.0,142563965179.0,142521610612.0,142837717880.0,142782512139.0,143369312072.0,147933890686.0,149705051236.0,154819645342.0,157136763306.0,157260214748.0,157439865545.0,158290742557.0,157809553902.0,157654356854.0,158858085408.0,158699738455.0,158819251432.0,158575762862.0,158037585366.0,157857955024.0,158729967919.0,158703657639.0,158689227603.0,158465109089.0,158889866743.0,158379033112.0,159658532460.0,159613780750.0,159486893066.0,162613624914.0,163200586860.0,163143743286.0,163214346329.0,163151437202.0,162783759834.0,162086417517.0,162104142869.0,163640740968.0
I. Vốn chủ sở hữu,13097985456.0,12500242130.0,13155533918.0,13852041388.0,14497899329.0,15625547253.0,21803958492.0,24518016452.0,26209559440.0,88079415888.0,86145937739.0,89435619940.0,85252767950.0,84516938927.0,87259708572.0,93036830179.0,97627389848.0,117830218207.0,109400328466.0,111619058768.0,114145865716.0,113795619190.0,109036440134.0,114738647213.0,98914165964.0,110590243488.0,117076982995.0,108547687202.0,101659805853.0,151937818389.0,142822937941.0,142886092795.0,142563965179.0,142521610612.0,142837717880.0,142782512139.0,143369312072.0,147933890686.0,149705051236.0,154819645342.0,157136763306.0,157260214748.0,157439865545.0,158290742557.0,157809553902.0,157654356854.0,158858085408.0,158699738455.0,158819251432.0,158575762862.0,158037585366.0,157857955024.0,158729967919.0,158703657639.0,158689227603.0,158465109089.0,158889866743.0,158379033112.0,159658532460.0,159613780750.0,159486893066.0,162613624914.0,163200586860.0,163143743286.0,163214346329.0,163151437202.0,162783759834.0,162086417517.0,162104142869.0,163640740968.0
1. Vốn đầu tư của chủ sở hữu,10000000000.0,10000000000.0,10000000000.0,10000000000.0,10000000000.0,10000000000.0,15000000000.0,15000000000.0,15000000000.0,47439330000.0,47439330000.0,47439330000.0,47439330000.0,47439330000.0,47439330000.0,47439330000.0,47439330000.0,47439330000.0,94844680000.0,94844680000.0,94844680000.0,94844680000.0,94844680000.0,94844680000.0,94844680000.0,94844680000.0,94844680000.0,94844680000.0,94844680000.0,144844680000.0,144844680000.0,144844680000.0,144844680000.0,144844680000.0,144844680000.0,144844680000.0,144844680000.0,144844680000.0,144844680000.0,144844680000.0,144844680000.0,144844680000.0,156176320000.0,156161670000.0,156176320000.0,156176320000.0,156176320000.0,156176320000.0,156176320000.0,156176320000.0,156176320000.0,156176320000.0,156176320000.0,156176320000.0,156176320000.0,156176320000.0,156176320000.0,156176320000.0,156176320000.0,156176320000.0,156176320000.0,156176320000.0,156176320000.0,156176320000.0,156176320000.0,156176320000.0,156176320000.0,156176320000.0,156176320000.0,156176320000.0
2. Thặng dư vốn cổ phần,150000000.0,150000000.0,150000000.0,150000000.0,150000000.0,150000000.0,150000000.0,150000000.0,150000000.0,30821500000.0,30821500000.0,30821500000.0,30821500000.0,30721500000.0,30721500000.0,30641500000.0,30641500000.0,38653448000.0,5045044372.0,5015044372.0,5015044372.0,5015044372.0,5015044372.0,5015044372.0,5015044372.0,5015044372.0,5015044372.0,5015044372.0,5015044372.0,5015044372.0,5015044372.0,5015044372.0,5015044372.0,5015044372.0,5015044372.0,5015044372.0,5015044372.0,5015044372.0,5015044372.0,5015044372.0,5015044372.0,5015044372.0,0.0,0.0,0.0,0.0,0.0,0.0,0.0,0.0,0.0,0.0,0.0,0.0,0.0,0.0,0.0,0.0,0.0,0.0,0.0,1476860000.0,1476860000.0,1476860000.0,1476860000.0,1476860000.0,1476860000.0,1476860000.0,1476860000.0,1476860000.0
3. Quyền chọn chuyển đổi trái phiếu,0.0,0.0,0.0,0.0,0.0,0.0,0.0,0.0,0.0,0.0,0.0,0.0,0.0,0.0,0.0,0.0,0.0,0.0,0.0,0.0,0.0,0.0,0.0,0.0,0.0,0.0,0.0,0.0,0.0,0.0,0.0,0.0,0.0,0.0,0.0,0.0,0.0,0.0,0.0,0.0,0.0,0.0,0.0,0.0,0.0,0.0,0.0,0.0,0.0,0.0,0.0,0.0,0.0,0.0,0.0,0.0,0.0,0.0,0.0,0.0,0.0,0.0,0.0,0.0,0.0,0.0,0.0,0.0,0.0,0.0
4. Vốn khác của chủ sở hữu,0.0,0.0,0.0,0.0,0.0,0.0,0.0,0.0,0.0,0.0,0.0,0.0,0.0,0.0,0.0,0.0,0.0,0.0,0.0,0.0,0.0,0.0,0.0,0.0,0.0,0.0,0.0,0.0,0.0,0.0,0.0,0.0,0.0,0.0,0.0,0.0,0.0,0.0,0.0,0.0,0.0,0.0,0.0,0.0,0.0,0.0,0.0,0.0,0.0,0.0,0.0,0.0,0.0,0.0,0.0,0.0,0.0,0.0,0.0,0.0,0.0,0.0,0.0,0.0,0.0,0.0,0.0,0.0,0.0,0.0
5. Cổ phiếu quỹ,0.0,-500000.0,0.0,0.0,0.0,0.0,-175360000.0,-175360000.0,-175360000.0,-175360000.0,-3764731000.0,-3764731000.0,-3764731000.0,-4677395000.0,-6051840000.0,-6051840000.0,-6051840000.0,-2131840000.0,0.0,0.0,0.0,0.0,0.0,0.0,0.0,0.0,0.0,0.0,-2233060000.0,-2233060000.0,-2233060000.0,-2233060000.0,-2233060000.0,-2233060000.0,-2233060000.0,-2233060000.0,-2233060000.0,-2233060000.0,-2233060000.0,-2233060000.0,-2233060000.0,-2233060000.0,-2233060000.0,-2233060000.0,-2233060000.0,-2233060000.0,-2233060000.0,-2233060000.0,-2233060000.0,-2233060000.0,-2233060000.0,-2233060000.0,-2233060000.0,-2233060000.0,-2233060000.0,-2233060000.0,-2233060000.0,-2233060000.0,-2233060000.0,-2233060000.0,-2233060000.0,0.0,0.0,0.0,0.0,0.0,0.0,0.0,0.0,0.0
6. Chênh lệch đánh giá lại tài sản,0.0,0.0,0.0,0.0,0.0,0.0,0.0,0.0,0.0,0.0,0.0,0.0,0.0,0.0,0.0,0.0,0.0,0.0,0.0,0.0,0.0,0.0,0.0,0.0,0.0,0.0,0.0,0.0,0.0,0.0,0.0,0.0,0.0,0.0,0.0,0.0,0.0,0.0,0.0,0.0,0.0,0.0,0.0,0.0,0.0,0.0,0.0,0.0,0.0,0.0,0.0,0.0,0.0,0.0,0.0,0.0,0.0,0.0,0.0,0.0,0.0,0.0,0.0,0.0,0.0,0.0,0.0,0.0,0.0,0.0
7. Chênh lệch tỷ giá hối đoái,0.0,0.0,0.0,0.0,0.0,0.0,0.0,0.0,0.0,0.0,0.0,0.0,0.0,0.0,0.0,0.0,0.0,0.0,0.0,0.0,0.0,0.0,0.0,0.0,0.0,0.0,0.0,0.0,0.0,0.0,0.0,0.0,0.0,0.0,0.0,0.0,0.0,0.0,0.0,0.0,0.0,0.0,0.0,0.0,0.0,0.0,0.0,0.0,0.0,0.0,0.0,0.0,0.0,0.0,0.0,0.0,0.0,0.0,0.0,0.0,0.0,0.0,0.0,0.0,0.0,0.0,0.0,0.0,0.0,0.0
8. Quỹ đầu tư phát triển,500260346.0,1335720727.0,1335720727.0,0.0,1335720727.0,2153808958.0,2153808958.0,2153808958.0,2153808958.0,6091336352.0,0.0,6091336352.0,0.0,6091336352.0,0.0,6091336352.0,0.0,6091336352.0,0.0,0.0,0.0,0.0,0.0,0.0,0.0,0.0,0.0,0.0,0.0,0.0,0.0,0.0,0.0,0.0,0.0,0.0,0.0,94830030.0,0.0,94830030.0,94830030.0,94830030.0,94830030.0,94830030.0,94830030.0,94830030.0,94830030.0,94830030.0,94830030.0,94830030.0,94830030.0,94830030.0,94830030.0,94830030.0,94830030.0,94830030.0,94830030.0,94830030.0,94830030.0,94830030.0,94830030.0,94830030.0,94830030.0,94830030.0,94830030.0,94830030.0,94830030.0,94830030.0,94830030.0,94830030.0
9. Quỹ dự phòng tài chính,44905492.0,285187454.0,285187454.0,0.0,285187454.0,557903716.0,557903716.0,557903716.0,557903716.0,1840725502.0,0.0,1840725502.0,0.0,1840725502.0,0.0,672587253.0,0.0,672587253.0,0.0,672587253.0,672587253.0,672587253.0,672587253.0,672587253.0,672587253.0,672587253.0,672587253.0,176278113.0,176278113.0,672587253.0,203502703.0,203502703.0,203502703.0,203502703.0,203502703.0,94830030.0,94830030.0,0.0,94830030.0,0.0,0.0,0.0,0.0,0.0,0.0,0.0,0.0,0.0,0.0,0.0,0.0,0.0,0.0,0.0,0.0,0.0,0.0,0.0,0.0,0.0,0.0,0.0,0.0,0.0,0.0,0.0,0.0,0.0,0.0,0.0
10. Quỹ khác thuộc vốn chủ sở hữu,0.0,0.0,0.0,1620908181.0,0.0,0.0,0.0,0.0,0.0,0.0,7932061854.0,0.0,7932061854.0,0.0,6763923605.0,0.0,6763923605.0,0.0,672587253.0,0.0,0.0,0.0,0.0,0.0,0.0,0.0,0.0,0.0,0.0,0.0,0.0,0.0,0.0,0.0,0.0,0.0,0.0,0.0,0.0,0.0,0.0,0.0,0.0,0.0,0.0,0.0,0.0,0.0,0.0,0.0,0.0,0.0,0.0,0.0,0.0,0.0,0.0,0.0,0.0,0.0,0.0,0.0,0.0,0.0,0.0,0.0,0.0,0.0,0.0,0.0
11. Lợi nhuận sau thuế chưa phân phối,2402819618.0,729833949.0,1384625737.0,2081133207.0,2726991148.0,2763834579.0,4117605818.0,6831663778.0,8523206766.0,2061884034.0,3717776885.0,7007459086.0,2824607096.0,3101442073.0,8386794967.0,14243916574.0,18834476243.0,27105356602.0,8838016841.0,11086747143.0,13613554091.0,13263307565.0,8504128509.0,14206335588.0,-1618145661.0,10057931863.0,16544671370.0,8511684717.0,3856863368.0,3638566764.0,-5007229134.0,-4944074280.0,-5266201896.0,-5308556463.0,-4992449195.0,-4938982263.0,-4352182330.0,212396284.0,1983556834.0,7098150940.0,9415268904.0,9538720346.0,3401775515.0,4267302527.0,3771463872.0,3616266824.0,4819995378.0,4661648425.0,4781161402.0,4537672832.0,3999495336.0,3819864994.0,4691877889.0,4665567609.0,4651137573.0,4427019059.0,4851776713.0,4340943082.0,5620442430.0,5575690720.0,5448803036.0,4865614884.0,5452576830.0,5395733256.0,5466336299.0,5403427172.0,5035749804.0,4338407487.0,4356132839.0,5892730938.0
LNST chưa phân phối lũy kế đến cuối kỳ trước,,,,,,,,,,,,,,,,,,,,,,,,,,,,,,,,,,,,,,,,-4352182330.0,-4352182330.0,9415268904.0,3098673276.0,3113323276.0,3098673276.0,3751029383.0,3751029383.0,3751029383.0,3751029383.0,4669926103.0,4669926103.0,4669926103.0,4669926103.0,4850802493.0,4850802493.0,4850802493.0,4850802493.0,4855476391.0,4855476391.0,4855476391.0,4855476391.0,5448803036.0,5448803036.0,5448803036.0,5448803036.0,5466336299.0,5466336299.0,5466336299.0,4338407487.0,5709898316.0
LNST chưa phân phối kỳ này,,,,,,,,,,,,,,,,,,,,,,,,,,,,,,,,,,,,,,,,11450333270.0,13767451234.0,123451442.0,303102239.0,1153979251.0,672790596.0,-134762559.0,1068965995.0,910619042.0,1030132019.0,-132253271.0,-670430767.0,-850061109.0,21951786.0,-185234884.0,-199664920.0,-423783434.0,974220.0,-514533309.0,764966039.0,720214329.0,593326645.0,-583188152.0,3773794.0,-53069780.0,17533263.0,-62909127.0,-430586495.0,-1127928812.0,17725352.0,182832622.0
12. Nguồn vốn đầu tư xây dựng cơ bản,0.0,0.0,0.0,0.0,0.0,0.0,0.0,0.0,0.0,0.0,0.0,0.0,0.0,0.0,0.0,0.0,0.0,0.0,0.0,0.0,0.0,0.0,0.0,0.0,0.0,0.0,0.0,0.0,0.0,0.0,0.0,0.0,0.0,0.0,0.0,0.0,0.0,0.0,0.0,0.0,0.0,0.0,0.0,0.0,0.0,0.0,0.0,0.0,0.0,0.0,0.0,0.0,0.0,0.0,0.0,0.0,0.0,0.0,0.0,0.0,0.0,0.0,0.0,0.0,0.0,0.0,0.0,0.0,0.0,0.0
13. Quỹ hỗ trợ sắp xếp doanh nghiệp,0.0,0.0,0.0,0.0,0.0,0.0,0.0,0.0,0.0,0.0,0.0,0.0,0.0,0.0,0.0,0.0,0.0,0.0,0.0,0.0,0.0,0.0,0.0,0.0,0.0,0.0,0.0,0.0,0.0,0.0,0.0,0.0,0.0,0.0,0.0,0.0,0.0,0.0,0.0,0.0,0.0,0.0,0.0,0.0,0.0,0.0,0.0,0.0,0.0,0.0,0.0,0.0,0.0,0.0,0.0,0.0,0.0,0.0,0.0,0.0,0.0,0.0,0.0,0.0,0.0,0.0,0.0,0.0,0.0,0.0
14. Lợi ích của cổ đông không kiểm soát,0.0,0.0,0.0,0.0,0.0,0.0,0.0,0.0,0.0,0.0,0.0,0.0,0.0,0.0,0.0,0.0,0.0,0.0,0.0,0.0,0.0,0.0,0.0,0.0,0.0,0.0,0.0,0.0,0.0,0.0,0.0,0.0,0.0,0.0,0.0,0.0,0.0,0.0,0.0,0.0,0.0,0.0,0.0,0.0,0.0,0.0,0.0,0.0,0.0,0.0,0.0,0.0,0.0,0.0,0.0,0.0,0.0,0.0,0.0,0.0,0.0,0.0,0.0,0.0,0.0,0.0,0.0,0.0,0.0,0.0
II. Nguồn kinh phí và quỹ khác,0.0,0.0,0.0,0.0,0.0,0.0,0.0,0.0,0.0,0.0,0.0,0.0,0.0,0.0,19450000.0,0.0,0.0,0.0,0.0,0.0,0.0,0.0,0.0,0.0,0.0,0.0,0.0,0.0,0.0,0.0,0.0,0.0,0.0,0.0,0.0,0.0,0.0,0.0,0.0,0.0,0.0,0.0,0.0,0.0,0.0,0.0,0.0,0.0,0.0,0.0,0.0,0.0,0.0,0.0,0.0,0.0,0.0,0.0,0.0,0.0,0.0,0.0,0.0,0.0,0.0,0.0,0.0,0.0,0.0,0.0
1. Nguồn kinh phí ,0.0,0.0,0.0,0.0,0.0,0.0,0.0,0.0,0.0,0.0,0.0,0.0,0.0,0.0,,0.0,0.0,0.0,0.0,0.0,0.0,0.0,0.0,0.0,0.0,0.0,0.0,0.0,0.0,0.0,0.0,0.0,0.0,0.0,0.0,0.0,0.0,0.0,0.0,0.0,0.0,0.0,0.0,0.0,0.0,0.0,0.0,0.0,0.0,0.0,0.0,0.0,0.0,0.0,0.0,0.0,0.0,0.0,0.0,0.0,0.0,0.0,0.0,0.0,0.0,0.0,0.0,0.0,0.0,0.0
2. Nguồn kinh phí đã hình thành tài sản cố định,0.0,0.0,0.0,0.0,0.0,0.0,0.0,0.0,0.0,0.0,0.0,0.0,0.0,0.0,,0.0,0.0,0.0,0.0,0.0,0.0,0.0,0.0,0.0,0.0,0.0,0.0,0.0,0.0,0.0,0.0,0.0,0.0,0.0,0.0,0.0,0.0,0.0,0.0,0.0,0.0,0.0,0.0,0.0,0.0,0.0,0.0,0.0,0.0,0.0,0.0,0.0,0.0,0.0,0.0,0.0,0.0,0.0,0.0,0.0,0.0,0.0,0.0,0.0,0.0,0.0,0.0,0.0,0.0,0.0
3. Quỹ dự phòng trợ cấp mất việc làm,0.0,0.0,0.0,0.0,0.0,0.0,0.0,0.0,0.0,0.0,0.0,0.0,0.0,0.0,,0.0,0.0,0.0,0.0,0.0,0.0,0.0,0.0,0.0,0.0,0.0,0.0,0.0,0.0,0.0,0.0,0.0,0.0,0.0,0.0,0.0,0.0,0.0,0.0,0.0,0.0,0.0,0.0,0.0,0.0,0.0,0.0,0.0,0.0,0.0,0.0,0.0,0.0,0.0,0.0,0.0,0.0,0.0,0.0,0.0,0.0,0.0,0.0,0.0,0.0,0.0,0.0,0.0,0.0,0.0
TỔNG CỘNG NGUỒN VỐN,32037966234.0,46958531483.0,32191840030.0,21278893445.0,21092324520.0,71955806094.0,98587758412.0,142153502149.0,74468693788.0,126345594776.0,113627834841.0,121585587002.0,107813967722.0,104192435065.0,99523344637.0,107734824456.0,117045698721.0,130090208659.0,118840251122.0,170022301760.0,173592720568.0,175769721266.0,171740757929.0,178549741536.0,169741777949.0,181368856940.0,202255214027.0,197186875884.0,184293439751.0,188085080922.0,183362513610.0,180051749211.0,179307131160.0,178010412809.0,176610246439.0,176899260489.0,177045979610.0,176542859390.0,172283793817.0,177244325230.0,165347154699.0,162794057051.0,163679523313.0,165343881918.0,167451998352.0,164274118864.0,166918847091.0,165942389709.0,173167029281.0,171279876186.0,173244000663.0,167333188730.0,171092523715.0,169548524208.0,168849390847.0,167997423340.0,168570998886.0,164749019499.0,165868822470.0,169954581372.0,180220817207.0,248982995195.0,260189986122.0,260887657925.0,261677137918.0,280210826319.0,501700338716.0,516265247596.0,490822730212.0,493707213372.0
