Item,Q4 2006,Q4 2007,Q4 2008,Q4 2009,Q2 2010,Q3 2010,Q4 2010,Q1 2011,Q2 2011,Q3 2011,Q4 2011,Q1 2012,Q2 2012,Q3 2012,Q4 2012,Q1 2013,Q2 2013,Q3 2013,Q4 2013,Q1 2014,Q2 2014,Q3 2014,Q4 2014,Q1 2015,Q2 2015,Q3 2015,Q4 2015,Q1 2016,Q2 2016,Q3 2016,Q4 2016,Q1 2017,Q2 2017,Q3 2017,Q4 2017,Q1 2018,Q2 2018,Q3 2018,Q4 2018,Q1 2019,Q2 2019,Q3 2019,Q4 2019,Q1 2020,Q2 2020,Q3 2020,Q4 2020,Q1 2021,Q2 2021,Q3 2021,Q4 2021,Q1 2022,Q2 2022,Q3 2022,Q4 2022,Q1 2023
TÀI SẢN,,,,,,,,,,,,,,,,,,,,,,,,,,,,,,,,,,,,,,,,,,,,,,,,,,,,,,,,
A. Tài sản lưu động và đầu tư ngắn hạn,41830671860.0,62903049306.0,83668731122.0,79458653459.0,79661446366.0,68388961702.0,78877812638.0,100833410313.0,80254079561.0,70865072097.0,97534113154.0,70000830849.0,66859308789.0,69961639738.0,85651795348.0,77937738046.0,78380520525.0,66543996769.0,89045525792.0,75504034425.0,73501842741.0,82865254830.0,75757888437.0,61370456525.0,57215369772.0,69493749975.0,113003984063.0,97596930845.0,91552869749.0,103663408420.0,147805770408.0,151664084165.0,166357495234.0,148129540958.0,189793095181.0,130775560264.0,116517733613.0,123611163864.0,141523153316.0,120366818975.0,134118638240.0,122149273243.0,167773199110.0,131515520685.0,117982494239.0,135713688953.0,156016282161.0,118089831676.0,108714546946.0,100221923223.0,92705377890.0,83981875991.0,193099146558.0,235102859833.0,240911736486.0,202759491942.0
I. Tiền và các khoản tương đương tiền,4787131922.0,2480849094.0,3377060908.0,4976904673.0,8436612848.0,7320299935.0,3375810026.0,5254655776.0,10149534355.0,1637274465.0,12823419455.0,7835169612.0,11835896221.0,13841404544.0,11798837555.0,15480949036.0,18307548537.0,15797856024.0,12000061882.0,13579819146.0,7293142061.0,10769147943.0,8701114289.0,18924224143.0,23538931346.0,21980722647.0,7582029075.0,10831909580.0,11732432946.0,1731171193.0,27189042482.0,25774487551.0,4110078179.0,18093492123.0,40355493423.0,10779290670.0,12898356276.0,10697980052.0,28538264567.0,17561854926.0,36973982267.0,15900904642.0,30349467650.0,31654771177.0,39608197486.0,37047434628.0,39519487447.0,44489359628.0,54013766563.0,58553254283.0,44771868205.0,48549950590.0,23284508659.0,52440149321.0,55330292787.0,40860645274.0
1. Tiền,4787131922.0,2480849094.0,3377060908.0,3182804673.0,8436612848.0,7320299935.0,3375810026.0,5254655776.0,5149534355.0,1637274465.0,12823419455.0,3835169612.0,6377834894.0,4441404544.0,7298837555.0,6480949036.0,4307548537.0,4297856024.0,7640061882.0,8579819146.0,3793142061.0,8769147943.0,5701114289.0,5924224143.0,8538931346.0,3980722647.0,5582029075.0,5831909580.0,6732432946.0,1731171193.0,27189042482.0,20774487551.0,2090128179.0,14863401890.0,30900859744.0,10779290670.0,11898356276.0,10197980052.0,28194998528.0,14561854926.0,28572592632.0,7549515007.0,14349467650.0,9831502942.0,6578739216.0,15857400240.0,20659233716.0,11489359628.0,8513766563.0,7803254283.0,3836868205.0,6566865595.0,4999508659.0,29935149321.0,42715292787.0,7245645274.0
2. Các khoản tương đương tiền,0.0,0.0,0.0,1794100000.0,0.0,0.0,0.0,0.0,5000000000.0,0.0,0.0,4000000000.0,5458061327.0,9400000000.0,4500000000.0,9000000000.0,14000000000.0,11500000000.0,4360000000.0,5000000000.0,3500000000.0,2000000000.0,3000000000.0,13000000000.0,15000000000.0,18000000000.0,2000000000.0,5000000000.0,5000000000.0,0.0,0.0,5000000000.0,2019950000.0,3230090233.0,9454633679.0,0.0,1000000000.0,500000000.0,343266039.0,3000000000.0,8401389635.0,8351389635.0,16000000000.0,21823268235.0,33029458270.0,21190034388.0,18860253731.0,33000000000.0,45500000000.0,50750000000.0,40935000000.0,41983084995.0,18285000000.0,22505000000.0,12615000000.0,33615000000.0
II. Các khoản đầu tư tài chính ngắn hạn,0.0,3000000000.0,0.0,0.0,0.0,0.0,400000000.0,3550000000.0,0.0,0.0,0.0,431605000.0,0.0,738588927.0,1843006602.0,1479470922.0,1553378675.0,1498447675.0,3441565675.0,2034115675.0,3339165675.0,3392165675.0,2637728675.0,2760728675.0,3034867934.0,3333062735.0,3933790475.0,4858755675.0,850000000.0,3644975675.0,7006175675.0,2100000.0,26208853.0,26208853.0,673272532.0,798372532.0,8000000.0,515189926.0,0.0,0.0,0.0,0.0,0.0,88544643.0,7500000000.0,0.0,0.0,0.0,2315000000.0,0.0,0.0,435000000.0,9695000000.0,0.0,22266269476.0,6384259801.0
1. Chứng khoán kinh doanh,0.0,3000000000.0,0.0,0.0,0.0,0.0,400000000.0,3550000000.0,0.0,0.0,0.0,431605000.0,0.0,738588927.0,1843006602.0,1479470922.0,1553378675.0,1498447675.0,3441565675.0,2034115675.0,3339165675.0,3392165675.0,2637728675.0,0.0,0.0,0.0,0.0,0.0,0.0,0.0,0.0,0.0,0.0,0.0,0.0,0.0,0.0,0.0,0.0,0.0,0.0,0.0,0.0,0.0,0.0,0.0,0.0,0.0,0.0,0.0,0.0,0.0,0.0,0.0,0.0,0.0
2. Dự phòng giảm giá chứng khoán kinh doanh,0.0,0.0,0.0,0.0,0.0,0.0,0.0,0.0,0.0,0.0,0.0,0.0,0.0,0.0,0.0,0.0,0.0,0.0,0.0,0.0,0.0,0.0,0.0,2760728675.0,0.0,0.0,0.0,0.0,0.0,0.0,0.0,0.0,0.0,0.0,0.0,0.0,0.0,0.0,0.0,0.0,0.0,0.0,0.0,0.0,0.0,0.0,0.0,0.0,0.0,0.0,0.0,0.0,0.0,0.0,0.0,0.0
3. Đầu tư nắm giữ đến ngày đáo hạn,0.0,0.0,0.0,0.0,0.0,0.0,0.0,0.0,0.0,0.0,0.0,0.0,0.0,0.0,0.0,0.0,0.0,0.0,0.0,0.0,0.0,0.0,0.0,0.0,3034867934.0,3333062735.0,3933790475.0,4858755675.0,850000000.0,3644975675.0,7006175675.0,2100000.0,26208853.0,26208853.0,673272532.0,798372532.0,8000000.0,515189926.0,0.0,0.0,0.0,0.0,0.0,88544643.0,7500000000.0,0.0,0.0,0.0,2315000000.0,0.0,0.0,435000000.0,9695000000.0,0.0,22266269476.0,6384259801.0
III. Các khoản phải thu ngắn hạn,26580857739.0,38598039641.0,49550068867.0,48245005114.0,29131212403.0,33315272721.0,53569272526.0,58196334877.0,45861727180.0,36456392480.0,54998798637.0,40552611993.0,36216674618.0,33993205956.0,58120986260.0,39645348280.0,40005041555.0,31479338448.0,62082150707.0,40765421912.0,42722267836.0,49379103696.0,51858965820.0,27619383482.0,23172665726.0,33564112673.0,86087684182.0,72710357862.0,68745209348.0,66343543598.0,79902551626.0,84599777889.0,97361746587.0,83131881281.0,109497931849.0,110432270340.0,93857764832.0,88680512440.0,92002934388.0,81382269231.0,84618982345.0,86545781087.0,128467994528.0,92992062682.0,63783857350.0,62925735038.0,112385135394.0,71263571322.0,48849529029.0,37683728195.0,40391236522.0,27178319694.0,47523474327.0,170579153149.0,115032372065.0,150319592266.0
1. Phải thu ngắn hạn của khách hàng,19279046251.0,26895373406.0,39165030153.0,40901106811.0,10069116063.0,13339480226.0,49796814833.0,34782769361.0,41385595829.0,31863202732.0,53073219036.0,38687536997.0,34189624449.0,31332132136.0,56188534628.0,37617720501.0,38569319689.0,30163572833.0,59457425075.0,39033495708.0,40496710607.0,47039692144.0,49958710720.0,26838695674.0,19387690340.0,32294963677.0,82714221030.0,62993408925.0,50043854980.0,58910420727.0,74559760684.0,59364970562.0,75204206835.0,66564495914.0,100554107773.0,100077011414.0,83836454993.0,74921571034.0,84424866342.0,66320116136.0,73680127211.0,76536967073.0,115122043203.0,83156238697.0,47981414018.0,52331562817.0,105752546235.0,60166293380.0,42917450121.0,32055878931.0,31733000514.0,23411498223.0,34612682651.0,164338341329.0,96143556877.0,139483374438.0
2. Trả trước cho người bán,1216352620.0,2787078732.0,2289337340.0,2858994210.0,3172469158.0,1874211538.0,1393625850.0,2796619145.0,2153484125.0,2424231450.0,243662525.0,94076150.0,359247280.0,142470390.0,265827370.0,467246631.0,136862596.0,154528000.0,412648604.0,147653400.0,1115319070.0,1722895084.0,260449890.0,140439410.0,419434780.0,752499201.0,2498527357.0,3218211171.0,6733113786.0,1689387138.0,662852227.0,978594597.0,303777070.0,2074386746.0,154504800.0,75550926.0,888469980.0,480379350.0,83672968.0,82031800.0,1439157761.0,464370982.0,47000000.0,332977480.0,4224700000.0,3923647314.0,406286830.0,196747000.0,416149310.0,730942000.0,835844310.0,1105639938.0,1437810776.0,376183100.0,4126890271.0,4118977850.0
3. Phải thu nội bộ ngắn hạn,0.0,0.0,0.0,0.0,10837423665.0,10500073141.0,0.0,17019606753.0,0.0,0.0,0.0,0.0,0.0,0.0,0.0,0.0,0.0,0.0,0.0,0.0,0.0,0.0,0.0,0.0,0.0,0.0,0.0,0.0,0.0,0.0,0.0,0.0,0.0,0.0,0.0,0.0,0.0,0.0,0.0,0.0,0.0,0.0,0.0,0.0,0.0,0.0,0.0,0.0,0.0,0.0,0.0,0.0,0.0,0.0,0.0,0.0
4. Phải thu theo tiến độ hợp đồng xây dựng,0.0,0.0,0.0,0.0,0.0,0.0,0.0,0.0,0.0,0.0,0.0,0.0,0.0,0.0,0.0,0.0,0.0,0.0,0.0,0.0,0.0,0.0,0.0,0.0,0.0,0.0,0.0,0.0,0.0,0.0,0.0,0.0,0.0,0.0,0.0,0.0,0.0,0.0,0.0,0.0,0.0,0.0,0.0,0.0,0.0,0.0,0.0,0.0,0.0,0.0,0.0,0.0,0.0,0.0,0.0,0.0
5. Phải thu về cho vay ngắn hạn,0.0,0.0,0.0,0.0,0.0,0.0,0.0,0.0,0.0,0.0,0.0,0.0,0.0,0.0,0.0,0.0,0.0,0.0,0.0,0.0,0.0,0.0,0.0,0.0,0.0,0.0,0.0,0.0,0.0,0.0,0.0,0.0,0.0,0.0,0.0,0.0,0.0,0.0,0.0,0.0,0.0,0.0,0.0,0.0,0.0,0.0,0.0,0.0,0.0,0.0,0.0,0.0,0.0,0.0,0.0,0.0
6. Phải thu ngắn hạn khác,6085458868.0,8915587503.0,8095701374.0,4484904093.0,5052203517.0,7601507816.0,2378831843.0,3597339618.0,2322647226.0,2168958298.0,1681917076.0,1770998846.0,1667802889.0,2518603430.0,1666624262.0,1560381148.0,1298859270.0,1161237615.0,2212077028.0,1584272804.0,1110238159.0,616516468.0,1639805210.0,640248398.0,3365540606.0,516649795.0,874935795.0,6534733166.0,12019662582.0,5795157733.0,4731360715.0,24307634730.0,21853762682.0,14492998621.0,8789319276.0,10279708000.0,9132839859.0,13278562056.0,7494395078.0,14980121295.0,9499697373.0,9544443032.0,13298951325.0,9502846505.0,11577743332.0,6670524907.0,6226302329.0,12608959406.0,7458031403.0,6839009069.0,8946636810.0,3785426645.0,12597226012.0,6988873832.0,16367989363.0,8323304424.0
7. Dự phòng phải thu ngắn hạn khó đòi,0.0,0.0,0.0,0.0,0.0,0.0,0.0,0.0,0.0,0.0,0.0,0.0,0.0,0.0,0.0,0.0,0.0,0.0,0.0,0.0,0.0,0.0,0.0,0.0,0.0,0.0,0.0,-35995400.0,-51422000.0,-51422000.0,-51422000.0,-51422000.0,0.0,0.0,0.0,0.0,0.0,0.0,0.0,0.0,0.0,0.0,0.0,0.0,0.0,0.0,0.0,-1708428464.0,-1942101805.0,-1942101805.0,-1124245112.0,-1124245112.0,-1124245112.0,-1124245112.0,-1606064446.0,-1606064446.0
IV. Tổng hàng tồn kho,6903705806.0,10537935591.0,15809730070.0,17295194178.0,35813951757.0,23342170137.0,19992531361.0,27384263426.0,17464912763.0,24085217580.0,22685161086.0,17871942975.0,14640446185.0,17477909515.0,10658363098.0,16014763876.0,13257786379.0,14293036895.0,8716303426.0,13636257284.0,15368644510.0,15668115119.0,9674281797.0,9638756457.0,6960760448.0,7128578866.0,11305154013.0,8839808946.0,9771979511.0,31352793251.0,33322529932.0,40567681284.0,63328556704.0,46376938630.0,38873309142.0,8359857942.0,9216550948.0,23094414156.0,19422895561.0,19701563505.0,8413223280.0,18181488409.0,8744449577.0,6265340247.0,6352698666.0,32920484302.0,3881508529.0,1867906485.0,2468717074.0,3367247569.0,7178580504.0,7109880116.0,111904030364.0,11966890879.0,44847653117.0,4647440052.0
1. Hàng tồn kho,6903705806.0,10537935591.0,15909774797.0,18137294811.0,36656052390.0,24184270770.0,20834631994.0,28226364059.0,18307013396.0,24927318213.0,23527261719.0,17871942975.0,14640446185.0,17477909515.0,10658363098.0,16014763876.0,13257786379.0,14293036895.0,8716303426.0,13636257284.0,15368644510.0,15668115119.0,12218691293.0,12183165953.0,9505169944.0,9672988362.0,14927874054.0,12462528987.0,14821637827.0,36402451567.0,40567126541.0,47812277893.0,70573153313.0,53621535239.0,46117905751.0,15604454551.0,16461147557.0,30339010765.0,26751110148.0,27029778092.0,15741437867.0,25509702996.0,15922516730.0,13443407400.0,13530765819.0,40098551455.0,11305129174.0,9291527130.0,9892337719.0,10790868214.0,14602201149.0,14533500761.0,119327651009.0,19390511524.0,52417819254.0,12217606189.0
2. Dự phòng giảm giá hàng tồn kho,0.0,0.0,-100044727.0,-842100633.0,-842100633.0,-842100633.0,-842100633.0,-842100633.0,-842100633.0,-842100633.0,-842100633.0,0.0,0.0,0.0,0.0,0.0,0.0,0.0,0.0,0.0,0.0,0.0,-2544409496.0,-2544409496.0,-2544409496.0,-2544409496.0,-3622720041.0,-3622720041.0,-5049658316.0,-5049658316.0,-7244596609.0,-7244596609.0,-7244596609.0,-7244596609.0,-7244596609.0,-7244596609.0,-7244596609.0,-7244596609.0,-7328214587.0,-7328214587.0,-7328214587.0,-7328214587.0,-7178067153.0,-7178067153.0,-7178067153.0,-7178067153.0,-7423620645.0,-7423620645.0,-7423620645.0,-7423620645.0,-7423620645.0,-7423620645.0,-7423620645.0,-7423620645.0,-7570166137.0,-7570166137.0
V. Tài sản ngắn hạn khác,3558976393.0,8286224980.0,14931871277.0,8941549494.0,6279669358.0,4411218909.0,1540198725.0,6448156234.0,6777905263.0,8686187572.0,7026733976.0,3309501269.0,4166291765.0,3910530796.0,3230601833.0,5317205932.0,5256765379.0,3475317727.0,2805444102.0,5488420408.0,4778622659.0,3656722397.0,2885797856.0,2427363768.0,508144318.0,3487273054.0,4095326318.0,356098782.0,453247944.0,590924703.0,385470693.0,720037441.0,1530904911.0,501020071.0,393088235.0,405768780.0,537061557.0,623067290.0,1559058800.0,1721131313.0,4112450348.0,1521099105.0,211287355.0,514801936.0,737740737.0,2820034985.0,230150791.0,468994241.0,1067534280.0,617693176.0,363692659.0,708725591.0,692133208.0,116666484.0,3435149041.0,547554549.0
1. Chi phí trả trước ngắn hạn,192455492.0,575251211.0,496946662.0,389921590.0,1006011190.0,1070371188.0,104914009.0,2041771961.0,864538070.0,300413420.0,235150114.0,223083923.0,227908423.0,275716969.0,149484502.0,182104165.0,176843308.0,213072141.0,252327420.0,432361928.0,586531908.0,464410941.0,226796434.0,170422368.0,182579887.0,201417435.0,257825725.0,247123924.0,247997255.0,232573439.0,385470693.0,419634390.0,311816423.0,304337088.0,393088235.0,365021665.0,359252975.0,253890363.0,244269810.0,217031731.0,191515316.0,248102944.0,211287355.0,227756833.0,208457529.0,191732240.0,175930681.0,321281513.0,220985083.0,95589370.0,147922155.0,109857740.0,154132639.0,116666484.0,130752651.0,247091070.0
2. Thuế giá trị gia tăng được khấu trừ,0.0,0.0,0.0,0.0,1146323008.0,179245236.0,301541489.0,1063633957.0,307464003.0,621431018.0,0.0,20580053.0,0.0,0.0,0.0,35318932.0,3040494.0,147168931.0,0.0,0.0,49352003.0,812058765.0,170394997.0,158705044.0,95312221.0,174176618.0,634409281.0,57891018.0,203804787.0,358351264.0,0.0,294122318.0,1219088488.0,196682983.0,0.0,40747115.0,177808582.0,369176927.0,1314788990.0,1504099582.0,1421420597.0,1272278081.0,0.0,257005763.0,529283208.0,2628302745.0,54220110.0,147712728.0,846549197.0,522103806.0,174077967.0,249372479.0,538000569.0,0.0,3304396390.0,300463479.0
3. Thuế và các khoản phải thu Nhà nước,9059360.0,0.0,3330713.0,22797012.0,9819597.0,232787681.0,73968733.0,377709500.0,1363000.0,0.0,79298786.0,168464950.0,0.0,0.0,0.0,0.0,10839460.0,0.0,4768503.0,0.0,20819292.0,10308433.0,0.0,0.0,230252210.0,0.0,0.0,51083840.0,1445902.0,0.0,0.0,6280733.0,0.0,0.0,0.0,0.0,0.0,0.0,0.0,0.0,2499514435.0,718080.0,0.0,30039340.0,0.0,0.0,0.0,0.0,0.0,0.0,41692537.0,349495372.0,0.0,0.0,0.0,0.0
4. Giao dịch mua bán lại trái phiếu chính phủ,0.0,0.0,0.0,0.0,0.0,0.0,0.0,0.0,0.0,0.0,0.0,0.0,0.0,0.0,0.0,0.0,0.0,0.0,0.0,0.0,0.0,0.0,0.0,0.0,0.0,0.0,0.0,0.0,0.0,0.0,0.0,0.0,0.0,0.0,0.0,0.0,0.0,0.0,0.0,0.0,0.0,0.0,0.0,0.0,0.0,0.0,0.0,0.0,0.0,0.0,0.0,0.0,0.0,0.0,0.0,0.0
5. Tài sản ngắn hạn khác,3357461541.0,7710973769.0,14431593902.0,8528830892.0,4117515563.0,2928814804.0,1059774494.0,2965040816.0,5604540190.0,7764343134.0,6712285076.0,2897372343.0,3938383342.0,3634813827.0,3081117331.0,5099782835.0,5066042117.0,3115076655.0,2548348179.0,5056058480.0,4121919456.0,2369944258.0,2488606425.0,2098236356.0,0.0,3111679001.0,3203091312.0,0.0,0.0,0.0,0.0,0.0,0.0,0.0,0.0,0.0,0.0,0.0,0.0,0.0,0.0,0.0,0.0,0.0,0.0,0.0,0.0,0.0,0.0,0.0,0.0,0.0,0.0,0.0,0.0,0.0
B. Tài sản cố định và đầu tư dài hạn,11335392331.0,9251553255.0,12386336683.0,13700424290.0,12960402729.0,14167070436.0,12117804800.0,11451699035.0,12210910899.0,13121965613.0,12925772486.0,11712245333.0,10687494735.0,10262494864.0,9929624258.0,9576801863.0,8216100239.0,7720119657.0,7236629245.0,6083215439.0,5932160123.0,5623959567.0,8368535287.0,7976576474.0,7538945352.0,7433825974.0,7378754250.0,7114288647.0,7406388595.0,7641988158.0,7816228683.0,7168991739.0,7542724500.0,8389114219.0,10084718191.0,10219753771.0,9182359064.0,10584449076.0,9543589328.0,9365543095.0,9246254774.0,8768821284.0,7747413779.0,7842177972.0,7610716275.0,10310469512.0,10241240634.0,10237033700.0,10140806322.0,9842918071.0,9382814414.0,11267742782.0,8798884806.0,8761776513.0,8431253791.0,8560174643.0
I. Các khoản phải thu dài hạn,0.0,0.0,0.0,0.0,0.0,0.0,0.0,0.0,0.0,0.0,0.0,0.0,0.0,0.0,0.0,0.0,0.0,0.0,0.0,0.0,0.0,0.0,0.0,0.0,27000000.0,0.0,0.0,27000000.0,448652675.0,827000000.0,825000000.0,333907079.0,518528675.0,803000000.0,818466940.0,879290000.0,264219201.0,858090486.0,274520486.0,274520486.0,631683633.0,631683633.0,5000000.0,5000000.0,120084995.0,5000000.0,5000000.0,0.0,48028675.0,0.0,0.0,2086800000.0,5856320.0,5856320.0,125030663.0,125030663.0
1. Phải thu dài hạn của khách hàng,0.0,0.0,0.0,0.0,0.0,0.0,0.0,0.0,0.0,0.0,0.0,0.0,0.0,0.0,0.0,0.0,0.0,0.0,0.0,0.0,0.0,0.0,0.0,0.0,0.0,0.0,0.0,0.0,0.0,0.0,0.0,0.0,0.0,0.0,0.0,0.0,0.0,0.0,0.0,0.0,0.0,0.0,0.0,0.0,0.0,0.0,0.0,0.0,0.0,0.0,0.0,0.0,0.0,0.0,0.0,0.0
2. Vốn kinh doanh tại các đơn vị trực thuộc,0.0,0.0,0.0,0.0,0.0,0.0,0.0,0.0,0.0,0.0,0.0,0.0,0.0,0.0,0.0,0.0,0.0,0.0,0.0,0.0,0.0,0.0,0.0,0.0,0.0,0.0,0.0,0.0,0.0,0.0,0.0,0.0,0.0,0.0,0.0,0.0,0.0,0.0,0.0,0.0,0.0,0.0,0.0,0.0,0.0,0.0,0.0,0.0,0.0,0.0,0.0,0.0,0.0,0.0,0.0,0.0
3. Phải thu dài hạn nội bộ,0.0,0.0,0.0,0.0,0.0,0.0,0.0,0.0,0.0,0.0,0.0,0.0,0.0,0.0,0.0,0.0,0.0,0.0,0.0,0.0,0.0,0.0,0.0,0.0,0.0,0.0,0.0,0.0,0.0,0.0,0.0,0.0,0.0,0.0,0.0,0.0,0.0,0.0,0.0,0.0,0.0,0.0,0.0,0.0,0.0,0.0,0.0,0.0,0.0,0.0,0.0,0.0,0.0,0.0,0.0,0.0
4. Phải thu về cho vay dài hạn,0.0,0.0,0.0,0.0,0.0,0.0,0.0,0.0,0.0,0.0,0.0,0.0,0.0,0.0,0.0,0.0,0.0,0.0,0.0,0.0,0.0,0.0,0.0,0.0,0.0,0.0,0.0,0.0,0.0,0.0,0.0,0.0,0.0,0.0,0.0,0.0,0.0,0.0,0.0,0.0,0.0,0.0,0.0,0.0,0.0,0.0,0.0,0.0,0.0,0.0,0.0,0.0,0.0,0.0,0.0,0.0
5. Phải thu dài hạn khác,0.0,0.0,0.0,0.0,0.0,0.0,0.0,0.0,0.0,0.0,0.0,0.0,0.0,0.0,0.0,0.0,0.0,0.0,0.0,0.0,0.0,0.0,0.0,0.0,27000000.0,0.0,0.0,27000000.0,448652675.0,827000000.0,825000000.0,333907079.0,518528675.0,803000000.0,818466940.0,879290000.0,264219201.0,858090486.0,274520486.0,274520486.0,631683633.0,631683633.0,5000000.0,5000000.0,120084995.0,5000000.0,5000000.0,0.0,48028675.0,0.0,0.0,2086800000.0,5856320.0,5856320.0,125030663.0,125030663.0
6. Dự phòng phải thu dài hạn khó đòi,0.0,0.0,0.0,0.0,0.0,0.0,0.0,0.0,0.0,0.0,0.0,0.0,0.0,0.0,0.0,0.0,0.0,0.0,0.0,0.0,0.0,0.0,0.0,0.0,0.0,0.0,0.0,0.0,0.0,0.0,0.0,0.0,0.0,0.0,0.0,0.0,0.0,0.0,0.0,0.0,0.0,0.0,0.0,0.0,0.0,0.0,0.0,0.0,0.0,0.0,0.0,0.0,0.0,0.0,0.0,0.0
II. Tài sản cố định,10975570032.0,8377583209.0,7333794297.0,7799405906.0,6512127508.0,7310375353.0,6385151971.0,6056563020.0,6272656039.0,5819271763.0,8452670434.0,7820707536.0,7104576541.0,6553160393.0,6064815271.0,5494738840.0,4666466716.0,4323987862.0,3939478299.0,3498531497.0,3063174753.0,3142526251.0,2490740981.0,2294588509.0,2098355505.0,2000635185.0,1901630781.0,1745459388.0,1683309702.0,1571352920.0,1455712016.0,1341737759.0,1236096854.0,1211271666.0,2879016258.0,3054220676.0,2828423672.0,3608395404.0,3339134982.0,3095511384.0,2813108784.0,2550095685.0,2287082586.0,2087414602.0,1871966735.0,4482566243.0,4313445009.0,4265454000.0,4354325852.0,4104466276.0,3859181437.0,3613896598.0,3368611759.0,3123326920.0,2890376758.0,2691839928.0
1. Tài sản cố định hữu hình,10975570032.0,8377583209.0,7333794297.0,7799405906.0,6507062845.0,7310375353.0,6379489513.0,6033727745.0,5974410698.0,5538206930.0,7877600573.0,7116373545.0,6464551853.0,5983158291.0,5566457544.0,4948449068.0,4188158334.0,3899910900.0,3569632753.0,3175750704.0,2783306743.0,2896547576.0,2325400429.0,2153397957.0,1981314953.0,1907744633.0,1832890229.0,1700868836.0,1658309685.0,1553019569.0,1447378664.0,1341737759.0,1236096854.0,1211271666.0,2778772924.0,2962822341.0,2745870336.0,3534687067.0,3274271644.0,3039493045.0,2765935444.0,2511767344.0,2257599244.0,2066776259.0,1860173391.0,4479617898.0,4313445009.0,4265454000.0,4070650552.0,3835109976.0,3604144137.0,3373178298.0,3142212459.0,2911246620.0,2692615458.0,2508397628.0
Nguyên giá,35414532034.0,38038168165.0,41062172260.0,44587189730.0,44814264187.0,43539307934.0,43619080661.0,43635080661.0,44540813531.0,44621900233.0,49856608480.0,49856608480.0,48994587505.0,48808256224.0,48928038824.0,48954918824.0,45844625902.0,46011212902.0,41380017275.0,41380017275.0,41059392160.0,41494028524.0,37895996063.0,37895996063.0,37895996063.0,37989996063.0,38073996063.0,38041323423.0,38128112423.0,38128112423.0,37813752423.0,37813752423.0,37813752423.0,37890352423.0,39386972963.0,39807013713.0,39807013713.0,40820491180.0,40820491180.0,40820491180.0,40820491180.0,40204605180.0,39016991241.0,38665959641.0,38719141459.0,41615428459.0,41750728459.0,41939376459.0,41986776459.0,41986776459.0,41986776459.0,41986776459.0,41986776459.0,40799638865.0,40799638865.0,40799638865.0
Giá trị hao mòn lũy kế,-24438962002.0,-29660584956.0,-33728377963.0,-36787783824.0,-38307201342.0,-36228932581.0,-37239591148.0,-37601352916.0,-38566402833.0,-39083693303.0,-41979007907.0,-42740234935.0,-42530035652.0,-42825097933.0,-43361581280.0,-44006469756.0,-41656467568.0,-42111302002.0,-37810384522.0,-38204266571.0,-38276085417.0,-38597480948.0,-35570595634.0,-35742598106.0,-35914681110.0,-36082251430.0,-36241105834.0,-36340454587.0,-36469802738.0,-36575092854.0,-36366373759.0,-36472014664.0,-36577655569.0,-36679080757.0,-36608200039.0,-36844191372.0,-37061143377.0,-37285804113.0,-37546219536.0,-37780998135.0,-38054555736.0,-37692837836.0,-36759391997.0,-36599183382.0,-36858968068.0,-37135810561.0,-37437283450.0,-37673922459.0,-37916125907.0,-38151666483.0,-38382632322.0,-38613598161.0,-38844564000.0,-37888392245.0,-38107023407.0,-38291241237.0
2. Tài sản cố định thuê tài chính,0.0,0.0,0.0,0.0,0.0,0.0,0.0,0.0,0.0,0.0,0.0,0.0,0.0,0.0,0.0,0.0,0.0,0.0,0.0,0.0,0.0,0.0,0.0,0.0,0.0,0.0,0.0,0.0,0.0,0.0,0.0,0.0,0.0,0.0,0.0,0.0,0.0,0.0,0.0,0.0,0.0,0.0,0.0,0.0,0.0,0.0,0.0,0.0,0.0,0.0,0.0,0.0,0.0,0.0,0.0,0.0
Nguyên giá,0.0,0.0,0.0,0.0,0.0,0.0,0.0,0.0,0.0,0.0,0.0,0.0,0.0,0.0,0.0,0.0,0.0,0.0,0.0,0.0,0.0,0.0,0.0,0.0,0.0,0.0,0.0,0.0,0.0,0.0,0.0,0.0,0.0,0.0,0.0,0.0,0.0,0.0,0.0,0.0,0.0,0.0,0.0,0.0,0.0,0.0,0.0,0.0,0.0,0.0,0.0,0.0,0.0,0.0,0.0,0.0
Giá trị hao mòn lũy kế,0.0,0.0,0.0,0.0,0.0,0.0,0.0,0.0,0.0,0.0,0.0,0.0,0.0,0.0,0.0,0.0,0.0,0.0,0.0,0.0,0.0,0.0,0.0,0.0,0.0,0.0,0.0,0.0,0.0,0.0,0.0,0.0,0.0,0.0,0.0,0.0,0.0,0.0,0.0,0.0,0.0,0.0,0.0,0.0,0.0,0.0,0.0,0.0,0.0,0.0,0.0,0.0,0.0,0.0,0.0,0.0
3. Tài sản cố định vô hình,0.0,0.0,0.0,0.0,5064663.0,0.0,5662458.0,22835275.0,298245341.0,281064833.0,575069861.0,704333991.0,640024688.0,570002102.0,498357727.0,546289772.0,478308382.0,424076962.0,369845546.0,322780793.0,279868010.0,245978675.0,165340552.0,141190552.0,117040552.0,92890552.0,68740552.0,44590552.0,25000017.0,18333351.0,8333352.0,0.0,0.0,0.0,100243334.0,91398335.0,82553336.0,73708337.0,64863338.0,56018339.0,47173340.0,38328341.0,29483342.0,20638343.0,11793344.0,2948345.0,0.0,0.0,283675300.0,269356300.0,255037300.0,240718300.0,226399300.0,212080300.0,197761300.0,183442300.0
Nguyên giá,0.0,0.0,0.0,0.0,36365959.0,36365959.0,36365959.0,36365959.0,319365959.0,319365959.0,833470959.0,1033470959.0,1033470959.0,1033470959.0,1033470959.0,1150342959.0,1135342959.0,1135342959.0,1135342959.0,1135342959.0,1135342959.0,1135342959.0,519365959.0,519365959.0,519365959.0,519365959.0,519365959.0,519365959.0,519365959.0,519365959.0,519365959.0,519365959.0,519365959.0,519365959.0,625505959.0,625505959.0,625505959.0,625505959.0,625505959.0,625505959.0,625505959.0,625505959.0,625505959.0,625505959.0,625505959.0,625505959.0,625505959.0,625505959.0,911885959.0,911885959.0,911885959.0,911885959.0,911885959.0,911885959.0,911885959.0,911885959.0
Giá trị hao mòn lũy kế,0.0,0.0,0.0,0.0,-31301296.0,-36365959.0,-30703501.0,-13530684.0,-21120618.0,-38301126.0,-258401098.0,-329136968.0,-393446271.0,-463468857.0,-535113232.0,-604053187.0,-657034577.0,-711265997.0,-765497413.0,-812562166.0,-855474949.0,-889364284.0,-354025407.0,-378175407.0,-402325407.0,-426475407.0,-450625407.0,-474775407.0,-494365942.0,-501032608.0,-511032607.0,-519365959.0,-519365959.0,-519365959.0,-525262625.0,-534107624.0,-542952623.0,-551797622.0,-560642621.0,-569487620.0,-578332619.0,-587177618.0,-596022617.0,-604867616.0,-613712615.0,-622557614.0,-625505959.0,-625505959.0,-628210659.0,-642529659.0,-656848659.0,-671167659.0,-685486659.0,-699805659.0,-714124659.0,-728443659.0
III. Bất động sản đầu tư,0.0,0.0,0.0,0.0,0.0,0.0,0.0,0.0,0.0,0.0,0.0,0.0,0.0,0.0,0.0,0.0,0.0,0.0,0.0,0.0,0.0,0.0,0.0,0.0,0.0,0.0,0.0,0.0,0.0,0.0,0.0,0.0,0.0,0.0,0.0,0.0,0.0,0.0,0.0,0.0,0.0,0.0,0.0,0.0,0.0,0.0,0.0,0.0,0.0,0.0,0.0,0.0,0.0,0.0,0.0,0.0
Nguyên giá,0.0,0.0,0.0,0.0,0.0,0.0,0.0,0.0,0.0,0.0,0.0,0.0,0.0,0.0,0.0,0.0,0.0,0.0,0.0,0.0,0.0,0.0,0.0,0.0,0.0,0.0,0.0,0.0,0.0,0.0,0.0,0.0,0.0,0.0,0.0,0.0,0.0,0.0,0.0,0.0,0.0,0.0,0.0,0.0,0.0,0.0,0.0,0.0,0.0,0.0,0.0,0.0,0.0,0.0,0.0,0.0
Giá trị hao mòn lũy kế,0.0,0.0,0.0,0.0,0.0,0.0,0.0,0.0,0.0,0.0,0.0,0.0,0.0,0.0,0.0,0.0,0.0,0.0,0.0,0.0,0.0,0.0,0.0,0.0,0.0,0.0,0.0,0.0,0.0,0.0,0.0,0.0,0.0,0.0,0.0,0.0,0.0,0.0,0.0,0.0,0.0,0.0,0.0,0.0,0.0,0.0,0.0,0.0,0.0,0.0,0.0,0.0,0.0,0.0,0.0,0.0
IV. Tài sản dở dang dài hạn,0.0,0.0,0.0,0.0,0.0,0.0,0.0,0.0,0.0,40000000.0,40000000.0,0.0,69124212.0,0.0,0.0,0.0,0.0,0.0,0.0,0.0,0.0,0.0,0.0,0.0,0.0,0.0,0.0,0.0,0.0,0.0,0.0,0.0,0.0,0.0,0.0,0.0,0.0,0.0,0.0,0.0,0.0,0.0,0.0,0.0,0.0,0.0,228720000.0,228720000.0,0.0,0.0,0.0,0.0,0.0,0.0,0.0,0.0
"1. Chi phí sản xuất, kinh doanh dở dang dài hạn",0.0,0.0,0.0,0.0,0.0,0.0,0.0,0.0,0.0,,,0.0,,0.0,0.0,0.0,0.0,0.0,0.0,0.0,0.0,0.0,0.0,0.0,0.0,0.0,0.0,0.0,0.0,0.0,0.0,0.0,0.0,0.0,0.0,0.0,0.0,0.0,0.0,0.0,0.0,0.0,0.0,0.0,0.0,0.0,0.0,0.0,0.0,0.0,0.0,0.0,0.0,0.0,0.0,0.0
2. chi phí xây dựng cơ bản dở dang,0.0,0.0,0.0,0.0,0.0,0.0,0.0,0.0,0.0,,,0.0,,0.0,0.0,0.0,0.0,0.0,0.0,0.0,0.0,0.0,0.0,0.0,0.0,0.0,0.0,0.0,0.0,0.0,0.0,0.0,0.0,0.0,0.0,0.0,0.0,0.0,0.0,0.0,0.0,0.0,0.0,0.0,0.0,0.0,228720000.0,228720000.0,0.0,0.0,0.0,0.0,0.0,0.0,0.0,0.0
V. Các khoản đầu tư tài chính dài hạn,20000000.0,20000000.0,3350000000.0,4334727200.0,4334727200.0,4334727200.0,4334727200.0,4334727200.0,4800000000.0,4800000000.0,0.0,0.0,0.0,0.0,245000000.0,490000000.0,490000000.0,490000000.0,146111686.0,107901873.0,307901873.0,107901873.0,5007901873.0,5007901873.0,4900000000.0,4900000000.0,4900000000.0,4900000000.0,4900000000.0,4900000000.0,4900000000.0,4900000000.0,4902300000.0,4902300000.0,4900000000.0,4900000000.0,4960000000.0,4900000000.0,4900000000.0,4900000000.0,4900000000.0,4900000000.0,4900000000.0,4900000000.0,4900000000.0,4900000000.0,4900000000.0,4900000000.0,4900000000.0,4900000000.0,4900000000.0,4900000000.0,4900000000.0,4900000000.0,4900000000.0,4900000000.0
1. Đầu tư vào công ty con,0.0,0.0,0.0,0.0,0.0,0.0,0.0,0.0,4800000000.0,0.0,0.0,0.0,0.0,0.0,0.0,0.0,0.0,0.0,0.0,0.0,0.0,0.0,0.0,0.0,0.0,0.0,0.0,0.0,0.0,0.0,0.0,0.0,0.0,0.0,0.0,0.0,0.0,0.0,0.0,0.0,0.0,0.0,0.0,0.0,0.0,0.0,0.0,0.0,0.0,0.0,0.0,0.0,0.0,0.0,0.0,0.0
"2. Đầu tư vào công ty liên kết, liên doanh",0.0,0.0,3350000000.0,4334727200.0,4334727200.0,4334727200.0,4334727200.0,4334727200.0,0.0,4800000000.0,0.0,0.0,0.0,0.0,245000000.0,490000000.0,0.0,490000000.0,490000000.0,490000000.0,490000000.0,490000000.0,5390000000.0,5390000000.0,4900000000.0,4900000000.0,4900000000.0,4900000000.0,4900000000.0,4900000000.0,4900000000.0,4900000000.0,4900000000.0,4900000000.0,4900000000.0,4900000000.0,4900000000.0,4900000000.0,4900000000.0,4900000000.0,4900000000.0,4900000000.0,4900000000.0,4900000000.0,4900000000.0,4900000000.0,4900000000.0,4900000000.0,4900000000.0,4900000000.0,4900000000.0,4900000000.0,4900000000.0,4900000000.0,4900000000.0,4900000000.0
3. Đầu tư khác vào công cụ vốn,20000000.0,20000000.0,0.0,0.0,0.0,0.0,0.0,0.0,0.0,0.0,0.0,0.0,0.0,0.0,0.0,0.0,490000000.0,0.0,0.0,0.0,200000000.0,0.0,0.0,0.0,0.0,0.0,0.0,0.0,0.0,0.0,0.0,0.0,0.0,0.0,0.0,0.0,0.0,0.0,0.0,0.0,0.0,0.0,0.0,0.0,0.0,0.0,0.0,0.0,0.0,0.0,0.0,0.0,0.0,0.0,0.0,0.0
4. Dự phòng giảm giá đầu tư tài chính dài hạn,0.0,0.0,0.0,0.0,0.0,0.0,0.0,0.0,0.0,0.0,0.0,0.0,0.0,0.0,0.0,0.0,0.0,0.0,-343888314.0,-382098127.0,-382098127.0,-382098127.0,-382098127.0,-382098127.0,0.0,0.0,0.0,0.0,0.0,0.0,0.0,0.0,0.0,0.0,0.0,0.0,0.0,0.0,0.0,0.0,0.0,0.0,0.0,0.0,0.0,0.0,0.0,0.0,0.0,0.0,0.0,0.0,0.0,0.0,0.0,0.0
5. Đầu tư nắm giữ đến ngày đáo hạn,0.0,0.0,0.0,0.0,0.0,0.0,0.0,0.0,0.0,0.0,0.0,0.0,0.0,0.0,0.0,0.0,0.0,0.0,0.0,0.0,0.0,0.0,0.0,0.0,0.0,0.0,0.0,0.0,0.0,0.0,0.0,0.0,2300000.0,2300000.0,0.0,0.0,60000000.0,0.0,0.0,0.0,0.0,0.0,0.0,0.0,0.0,0.0,0.0,0.0,0.0,0.0,0.0,0.0,0.0,0.0,0.0,0.0
VI. Tổng tài sản dài hạn khác,339822299.0,853970046.0,1702542386.0,1566291184.0,2113548021.0,2521967883.0,1397925629.0,1060408815.0,1138254860.0,2462693850.0,4433102052.0,3891537797.0,3513793982.0,3709334471.0,3619808987.0,3592063023.0,3059633523.0,2906131795.0,3151039260.0,2476782069.0,2561083497.0,2373531443.0,869892433.0,674086092.0,513589847.0,533190789.0,577123469.0,441829259.0,374426218.0,343635238.0,635516667.0,593346901.0,885798971.0,1472542553.0,1487234993.0,1386243095.0,1129716191.0,1217963186.0,1029933860.0,1095511225.0,901462357.0,687041966.0,555331193.0,849763370.0,718664545.0,922903269.0,794075625.0,842859700.0,838451795.0,838451795.0,623632977.0,667046184.0,524416727.0,732593273.0,515846370.0,843304052.0
1. Chi phí trả trước dài hạn,339822299.0,682284227.0,987349896.0,950956491.0,1498213328.0,1906633190.0,782590936.0,842035056.0,919881101.0,2244320091.0,4184728293.0,3851537797.0,3478793982.0,3672334471.0,3582808987.0,3555063023.0,3022633523.0,2869131795.0,3114039260.0,2439782069.0,2524083497.0,2336531443.0,842892433.0,647086092.0,513589847.0,506190789.0,550123469.0,441829259.0,374426218.0,343635238.0,635516667.0,593346901.0,885798971.0,1472542553.0,1487234993.0,1386243095.0,1129716191.0,1217963186.0,1029933860.0,1095511225.0,901462357.0,687041966.0,555331193.0,849763370.0,718664545.0,922903269.0,794075625.0,842859700.0,838451795.0,838451795.0,623632977.0,667046184.0,524416727.0,732593273.0,515846370.0,843304052.0
2. Tài sản Thuế thu nhập hoãn lại,0.0,0.0,715192490.0,605334693.0,605334693.0,605334693.0,605334693.0,208373759.0,208373759.0,208373759.0,208373759.0,0.0,0.0,0.0,0.0,0.0,0.0,0.0,0.0,0.0,0.0,0.0,0.0,0.0,0.0,0.0,0.0,0.0,0.0,0.0,0.0,0.0,0.0,0.0,0.0,0.0,0.0,0.0,0.0,0.0,0.0,0.0,0.0,0.0,0.0,0.0,0.0,0.0,0.0,0.0,0.0,0.0,0.0,0.0,0.0,0.0
3. Tài sản dài hạn khác,0.0,171685819.0,0.0,10000000.0,10000000.0,10000000.0,10000000.0,10000000.0,10000000.0,10000000.0,40000000.0,40000000.0,35000000.0,37000000.0,37000000.0,37000000.0,37000000.0,37000000.0,37000000.0,37000000.0,37000000.0,37000000.0,27000000.0,27000000.0,0.0,27000000.0,27000000.0,0.0,0.0,0.0,0.0,0.0,0.0,0.0,0.0,0.0,0.0,0.0,0.0,0.0,0.0,0.0,0.0,0.0,0.0,0.0,0.0,0.0,0.0,0.0,0.0,0.0,0.0,0.0,0.0,0.0
VII. Lợi thế thương mại,0.0,0.0,0.0,0.0,0.0,0.0,0.0,0.0,0.0,0.0,0.0,0.0,0.0,0.0,0.0,0.0,0.0,0.0,0.0,0.0,0.0,0.0,0.0,0.0,0.0,0.0,0.0,0.0,0.0,0.0,0.0,0.0,0.0,0.0,0.0,0.0,0.0,0.0,0.0,0.0,0.0,0.0,0.0,0.0,0.0,0.0,0.0,0.0,0.0,0.0,0.0,0.0,0.0,0.0,0.0,0.0
TỔNG CỘNG TÀI SẢN,53166064191.0,72154602561.0,96055067805.0,93159077749.0,92621849095.0,82556032138.0,90995617438.0,112285109348.0,92464990460.0,83987037710.0,110459885640.0,81713076182.0,77546803524.0,80224134602.0,95581419606.0,87514539909.0,86596620764.0,74264116426.0,96282155037.0,81587249864.0,79434002864.0,88489214397.0,84126423724.0,69347032999.0,64754315124.0,76927575949.0,120382738313.0,104711219492.0,98959258344.0,111305396578.0,155621999091.0,158833075904.0,173900219734.0,156518655177.0,199877813372.0,140995314035.0,125700092677.0,134195612940.0,151066742644.0,129732362070.0,143364893014.0,130918094527.0,175520612889.0,139357698657.0,125593210514.0,146024158465.0,166257522795.0,128326865376.0,118855353268.0,110064841294.0,102088192304.0,95249618773.0,201898031364.0,243864636346.0,249342990277.0,211319666585.0
NGUỒN VỐN,,,,,,,,,,,,,,,,,,,,,,,,,,,,,,,,,,,,,,,0.0,,,,,,,,,,,,,,,,,
A. Nợ phải trả,34492651261.0,20617614043.0,43024342068.0,40257471615.0,43083121893.0,30418099069.0,34675159960.0,55128216444.0,43194220478.0,37441483014.0,49378306999.0,28538539158.0,25051071286.0,25627095937.0,35037786642.0,27468671771.0,29042949684.0,18709470198.0,33947976428.0,24921133349.0,20938894314.0,26857209438.0,29267283427.0,13671594847.0,14092248521.0,24526062489.0,64561760578.0,47614974851.0,45259137842.0,55094821223.0,97678094584.0,97520701295.0,116904724283.0,96217547672.0,138664579511.0,78510415468.0,67765083539.0,74825328871.0,89018553219.0,67127153755.0,81893860717.0,68601011264.0,108919339284.0,70959837292.0,61731595829.0,80158769298.0,97940843171.0,58781812075.0,53407281391.0,45460044170.0,35417893801.0,27307534924.0,135668297174.0,171801373326.0,176537194473.0,136991459306.0
I. Nợ ngắn hạn,34492651261.0,20617614043.0,43024342068.0,40257471615.0,43083121893.0,30418099069.0,34675159960.0,55054920444.0,43120924478.0,37368187014.0,49311860949.0,28512633108.0,25228394761.0,25914342887.0,35037786642.0,27468671771.0,29042949684.0,18709470198.0,33947976428.0,24879111183.0,20896872148.0,26815187272.0,28625616761.0,13117428182.0,13625581857.0,24146895826.0,64270093916.0,46823893531.0,45259137842.0,55094821223.0,96885199264.0,97520701295.0,116904724283.0,96217547672.0,138664579511.0,78510415468.0,67765083539.0,74825328871.0,89018553219.0,67127153755.0,81893860717.0,68601011264.0,108919339284.0,70959837292.0,61731595829.0,80158769298.0,97940843171.0,58781812075.0,53407281391.0,45460044170.0,35417893801.0,27307534924.0,106392699623.0,171801373326.0,176537194473.0,136991459306.0
1. Vay và nợ thuê tài chính ngắn hạn,8037985818.0,1110009684.0,5565551004.0,10937611420.0,3405769420.0,4582417420.0,9111886982.0,7206117562.0,5579469562.0,8611577457.0,5611577457.0,6011577457.0,400000000.0,400000000.0,0.0,0.0,0.0,0.0,0.0,0.0,0.0,0.0,0.0,0.0,0.0,0.0,0.0,204166661.0,116666660.0,2625298316.0,2483966858.0,0.0,4450350000.0,7679367900.0,11927516600.0,4668750000.0,5137156950.0,8845263158.0,2088520000.0,0.0,0.0,0.0,0.0,0.0,0.0,0.0,0.0,0.0,0.0,0.0,0.0,0.0,0.0,0.0,0.0,0.0
2. Vay và nợ dài hạn đến hạn phải trả,4403351772.0,0.0,0.0,0.0,0.0,0.0,0.0,0.0,0.0,0.0,0.0,0.0,0.0,0.0,0.0,0.0,0.0,0.0,0.0,0.0,0.0,0.0,0.0,0.0,0.0,0.0,0.0,0.0,0.0,0.0,0.0,0.0,0.0,0.0,0.0,0.0,0.0,0.0,0.0,0.0,0.0,0.0,0.0,0.0,0.0,0.0,0.0,0.0,0.0,0.0,0.0,0.0,0.0,0.0,0.0,0.0
3. Phải trả người bán ngắn hạn,678177504.0,2602495650.0,10639657812.0,4184755090.0,779511401.0,2978050236.0,3996482487.0,2718615692.0,3047845868.0,5010910181.0,6992717184.0,3787516174.0,1588733859.0,1280661170.0,8315980363.0,1996648488.0,1120801294.0,2696315336.0,9381761752.0,6031575327.0,2457952886.0,4036707949.0,8803754413.0,6084851359.0,4818179781.0,5371086133.0,49688076252.0,33682125503.0,20117443575.0,25514143420.0,60502465278.0,45477067063.0,56811374272.0,53808461880.0,67759033507.0,43126803797.0,33367772489.0,39162459226.0,53560141635.0,45291545706.0,49974779393.0,46414121697.0,73618255062.0,45291256541.0,38008136236.0,57576809049.0,57379097484.0,26033648959.0,29968946824.0,27081614121.0,17511845373.0,8034787897.0,67997672616.0,122329893405.0,144558018880.0,90643485859.0
4. Người mua trả tiền trước,1717573552.0,167912705.0,640015923.0,4076452498.0,16460685749.0,1192420563.0,568555400.0,1052861878.0,852392358.0,489218830.0,46332047.0,168281830.0,14140736.0,52000736.0,45199736.0,1885698706.0,63000000.0,190800773.0,60457976.0,989943065.0,38220000.0,45131074.0,915863611.0,38594802.0,30300001.0,62060187.0,60294668.0,791402203.0,8322094009.0,30300000.0,27000000.0,19774383503.0,19507084931.0,57210968.0,64762500.0,163620000.0,42900000.0,30300000.0,46030000.0,38330000.0,1670266000.0,3371380001.0,1086964000.0,1079704000.0,1338936112.0,4181817271.0,909300702.0,1434315701.0,1422273451.0,1265224778.0,994248070.0,4232921617.0,3762108565.0,57100848.0,27268834.0,3634747.0
5. Thuế và các khoản phải nộp nhà nước,1917034473.0,1932663799.0,5236485914.0,3647615307.0,1540584576.0,2148411356.0,3527602656.0,4538814551.0,3734057007.0,3614294174.0,5328667911.0,3207073189.0,3724611297.0,3585819211.0,2711267893.0,2389338035.0,1133578548.0,1381793894.0,3512844941.0,2177606545.0,1495500398.0,5169282806.0,2187131432.0,1030734536.0,625595557.0,1569264592.0,1644409841.0,2342763711.0,583202378.0,2266319368.0,1938492403.0,2212845645.0,275442293.0,4983836810.0,11053445883.0,12104002191.0,4591321596.0,2095708053.0,1332583838.0,1975625483.0,1163484274.0,1817015667.0,5718383561.0,4301933421.0,849503005.0,2360048311.0,3378494369.0,2813358046.0,621724828.0,1893309888.0,409978826.0,1948357827.0,4337769874.0,6168235603.0,649856317.0,5446551215.0
6. Phải trả người lao động,1434032254.0,2341001329.0,2665493579.0,3198197743.0,2964534351.0,3925634551.0,2715471196.0,2103554193.0,0.0,188645450.0,5661715180.0,2111002883.0,2153461823.0,3826853388.0,4839529467.0,2311021370.0,1668574854.0,1955306011.0,5015724320.0,2710883908.0,3404255255.0,4608046812.0,1155943483.0,284257686.0,198089031.0,202610535.0,1420000000.0,50687521.0,687492768.0,0.0,3565420288.0,601480909.0,1613343663.0,1043805216.0,4717377300.0,1538769075.0,179071456.0,88964971.0,4125256000.0,654553545.0,2006685712.0,1337519797.0,3204961350.0,1450983000.0,212344995.0,1683404670.0,5032016330.0,1680609134.0,647133100.0,584000000.0,2355653466.0,676677000.0,1143000000.0,4621199000.0,5954280700.0,3286999235.0
7. Chi phí phải trả ngắn hạn,0.0,1226327276.0,2714920613.0,1293750434.0,49752708.0,454037033.0,4100970655.0,6209745667.0,9551559402.0,141093940.0,820789917.0,458763635.0,3829935226.0,2680216805.0,4112041161.0,3048943402.0,6543244156.0,1214112103.0,6699782510.0,2974706853.0,8038981880.0,6952461886.0,6855946309.0,1698030199.0,2852231606.0,14628400798.0,5215306167.0,5634756700.0,6501670816.0,17478967434.0,16357557450.0,20285823632.0,24434324167.0,19420130721.0,16399075638.0,9831642932.0,8558406160.0,14214793865.0,18109526259.0,9495638620.0,7154314007.0,5379505413.0,11432239343.0,12246495868.0,5888920576.0,7328671243.0,17675256166.0,17258393684.0,4277419914.0,3803257889.0,4415120000.0,5190508956.0,16581603660.0,24352504679.0,10354302973.0,21075443101.0
8. Phải trả nội bộ ngắn hạn,0.0,0.0,0.0,0.0,10835523665.0,10500073141.0,0.0,16976506753.0,0.0,0.0,0.0,0.0,0.0,0.0,0.0,0.0,0.0,0.0,0.0,0.0,0.0,0.0,0.0,0.0,0.0,0.0,0.0,0.0,0.0,0.0,0.0,0.0,0.0,0.0,0.0,0.0,0.0,0.0,0.0,0.0,0.0,0.0,0.0,0.0,0.0,0.0,0.0,0.0,0.0,0.0,0.0,0.0,0.0,0.0,0.0,0.0
9. Phải trả theo tiến độ kế hoạch hợp đồng xây dựng,0.0,0.0,0.0,0.0,0.0,0.0,0.0,0.0,0.0,0.0,0.0,0.0,0.0,0.0,0.0,0.0,0.0,0.0,0.0,0.0,0.0,0.0,0.0,0.0,0.0,0.0,0.0,0.0,0.0,0.0,0.0,0.0,0.0,0.0,0.0,0.0,0.0,0.0,0.0,0.0,0.0,0.0,0.0,0.0,0.0,0.0,0.0,0.0,0.0,0.0,0.0,0.0,0.0,0.0,0.0,0.0
10. Doanh thu chưa thực hiện ngắn hạn,0.0,0.0,0.0,0.0,,,0.0,0.0,0.0,0.0,0.0,0.0,0.0,0.0,0.0,0.0,0.0,0.0,0.0,0.0,0.0,0.0,0.0,0.0,0.0,0.0,0.0,0.0,0.0,0.0,0.0,0.0,0.0,0.0,17378109023.0,0.0,0.0,0.0,722280000.0,0.0,1503780000.0,97200000.0,918605000.0,33600000.0,810070000.0,265518750.0,1040083750.0,129180000.0,81390000.0,164575958.0,404331146.0,404331146.0,608593458.0,996775958.0,479872500.0,0.0
11. Phải trả ngắn hạn khác,16230681275.0,11870884987.0,15451637400.0,12244703527.0,7128621986.0,6362115232.0,10376070488.0,14060894052.0,18987708765.0,17994116886.0,23939422883.0,12432136850.0,13067604582.0,13812834339.0,14870510784.0,16004314532.0,18353357872.0,10799907316.0,9231270164.0,9759019013.0,5172543303.0,5788404437.0,8612424840.0,3892306927.0,4843490959.0,2132878659.0,6082412066.0,3967696310.0,8726064580.0,7091189629.0,11947643931.0,9104687487.0,9594181515.0,9036010735.0,9261795618.0,6975664031.0,15493912246.0,10234946956.0,8924272845.0,9574317759.0,17873339489.0,9943956847.0,12724719126.0,6345552620.0,13743179848.0,5977994947.0,11843889313.0,8760001494.0,15223668217.0,9552436479.0,8300591863.0,5793125424.0,10715163432.0,12555275815.0,13804606251.0,529897500.0
12. Dự phòng phải trả ngắn hạn,0.0,0.0,0.0,0.0,0.0,0.0,0.0,0.0,0.0,0.0,0.0,0.0,0.0,0.0,0.0,0.0,0.0,0.0,0.0,0.0,0.0,0.0,0.0,0.0,0.0,0.0,0.0,0.0,0.0,0.0,0.0,0.0,0.0,0.0,0.0,0.0,0.0,0.0,0.0,0.0,0.0,0.0,0.0,0.0,0.0,0.0,0.0,0.0,0.0,0.0,0.0,0.0,0.0,0.0,0.0,15304659631.0
13. Quỹ khen thưởng phúc lợi,73814613.0,-633681387.0,110579823.0,674385596.0,1402433596.0,725435096.0,278120096.0,187810096.0,1367891516.0,1318330096.0,910638370.0,336281090.0,449907238.0,275957238.0,143257238.0,-167292762.0,160392960.0,471234765.0,46134765.0,235376472.0,289418426.0,215152308.0,94552673.0,88652673.0,257694922.0,180594922.0,159594922.0,150294922.0,204503056.0,88603056.0,62653056.0,64413056.0,218623442.0,188723442.0,103463442.0,101163442.0,394542642.0,152892642.0,109942642.0,97142642.0,547211842.0,240311842.0,215211842.0,210311842.0,880505057.0,784505057.0,682705057.0,672305057.0,1164725057.0,1115625057.0,1026125057.0,1026825057.0,1246788018.0,720388018.0,708988018.0,0.0
14. Quỹ bình ổn giá,0.0,0.0,0.0,0.0,,,0.0,0.0,0.0,0.0,0.0,0.0,0.0,0.0,0.0,0.0,0.0,0.0,0.0,0.0,0.0,0.0,0.0,0.0,0.0,0.0,0.0,0.0,0.0,0.0,0.0,0.0,0.0,0.0,0.0,0.0,0.0,0.0,0.0,0.0,0.0,0.0,0.0,0.0,0.0,0.0,0.0,0.0,0.0,0.0,0.0,0.0,0.0,0.0,0.0,700788018.0
15. Giao dịch mua bán lại trái phiếu chính phủ,0.0,0.0,0.0,0.0,,,0.0,0.0,0.0,0.0,0.0,0.0,0.0,0.0,0.0,0.0,0.0,0.0,0.0,0.0,0.0,0.0,0.0,0.0,0.0,0.0,0.0,0.0,0.0,0.0,0.0,0.0,0.0,0.0,0.0,0.0,0.0,0.0,0.0,0.0,0.0,0.0,0.0,0.0,0.0,0.0,0.0,0.0,0.0,0.0,0.0,0.0,0.0,0.0,0.0,0.0
II. Nợ dài hạn,0.0,0.0,0.0,0.0,0.0,0.0,0.0,73296000.0,73296000.0,73296000.0,66446050.0,25906050.0,-177323475.0,-287246950.0,0.0,0.0,0.0,0.0,0.0,42022166.0,42022166.0,42022166.0,641666666.0,554166665.0,466666664.0,379166663.0,291666662.0,791081320.0,0.0,0.0,792895320.0,0.0,0.0,0.0,0.0,0.0,0.0,0.0,0.0,0.0,0.0,0.0,0.0,0.0,0.0,0.0,0.0,0.0,0.0,0.0,0.0,0.0,29275597551.0,0.0,0.0,0.0
1. Phải trả người bán dài hạn,0.0,0.0,0.0,0.0,0.0,0.0,0.0,0.0,0.0,0.0,0.0,0.0,0.0,0.0,0.0,0.0,0.0,0.0,0.0,0.0,0.0,0.0,0.0,0.0,0.0,0.0,0.0,0.0,0.0,0.0,0.0,0.0,0.0,0.0,0.0,0.0,0.0,0.0,0.0,0.0,0.0,0.0,0.0,0.0,0.0,0.0,0.0,0.0,0.0,0.0,0.0,0.0,29275597551.0,0.0,0.0,0.0
2. Chi phí phải trả dài hạn,0.0,0.0,0.0,0.0,0.0,0.0,0.0,0.0,0.0,0.0,0.0,0.0,0.0,0.0,0.0,0.0,0.0,0.0,0.0,0.0,0.0,0.0,0.0,0.0,0.0,0.0,0.0,0.0,0.0,0.0,0.0,0.0,0.0,0.0,0.0,0.0,0.0,0.0,0.0,0.0,0.0,0.0,0.0,0.0,0.0,0.0,0.0,0.0,0.0,0.0,0.0,0.0,0.0,0.0,0.0,0.0
3. Phải trả nội bộ về vốn kinh doanh,0.0,0.0,0.0,0.0,0.0,0.0,0.0,0.0,0.0,0.0,0.0,0.0,0.0,0.0,0.0,0.0,0.0,0.0,0.0,0.0,0.0,0.0,0.0,0.0,0.0,0.0,0.0,0.0,0.0,0.0,0.0,0.0,0.0,0.0,0.0,0.0,0.0,0.0,0.0,0.0,0.0,0.0,0.0,0.0,0.0,0.0,0.0,0.0,0.0,0.0,0.0,0.0,0.0,0.0,0.0,0.0
4. Phải trả nội bộ dài hạn,0.0,0.0,0.0,0.0,0.0,0.0,0.0,0.0,0.0,0.0,0.0,0.0,0.0,0.0,0.0,0.0,0.0,0.0,0.0,0.0,0.0,0.0,0.0,0.0,0.0,0.0,0.0,0.0,0.0,0.0,0.0,0.0,0.0,0.0,0.0,0.0,0.0,0.0,0.0,0.0,0.0,0.0,0.0,0.0,0.0,0.0,0.0,0.0,0.0,0.0,0.0,0.0,0.0,0.0,0.0,0.0
5. Phải trả dài hạn khác,0.0,0.0,0.0,0.0,0.0,0.0,0.0,0.0,0.0,0.0,0.0,0.0,0.0,0.0,0.0,0.0,0.0,0.0,0.0,42022166.0,42022166.0,42022166.0,0.0,0.0,0.0,0.0,0.0,791081320.0,0.0,0.0,792895320.0,0.0,0.0,0.0,0.0,0.0,0.0,0.0,0.0,0.0,0.0,0.0,0.0,0.0,0.0,0.0,0.0,0.0,0.0,0.0,0.0,0.0,0.0,0.0,0.0,0.0
6. Vay và nợ thuê tài chính dài hạn,0.0,0.0,0.0,0.0,0.0,0.0,0.0,0.0,0.0,0.0,0.0,0.0,0.0,0.0,0.0,0.0,0.0,0.0,0.0,0.0,0.0,0.0,641666666.0,554166665.0,466666664.0,379166663.0,291666662.0,0.0,0.0,0.0,0.0,0.0,0.0,0.0,0.0,0.0,0.0,0.0,0.0,0.0,0.0,0.0,0.0,0.0,0.0,0.0,0.0,0.0,0.0,0.0,0.0,0.0,0.0,0.0,0.0,0.0
7. Trái phiếu chuyển đổi,0.0,0.0,0.0,0.0,0.0,0.0,0.0,0.0,0.0,0.0,0.0,0.0,0.0,0.0,0.0,0.0,0.0,0.0,0.0,0.0,0.0,0.0,0.0,0.0,0.0,0.0,0.0,0.0,0.0,0.0,0.0,0.0,0.0,0.0,0.0,0.0,0.0,0.0,0.0,0.0,0.0,0.0,0.0,0.0,0.0,0.0,0.0,0.0,0.0,0.0,0.0,0.0,0.0,0.0,0.0,0.0
8. Thuế thu nhập hoãn lại phải trả,0.0,0.0,0.0,0.0,0.0,0.0,0.0,0.0,0.0,0.0,0.0,0.0,0.0,0.0,0.0,0.0,0.0,0.0,0.0,0.0,0.0,0.0,0.0,0.0,0.0,0.0,0.0,0.0,0.0,0.0,0.0,0.0,0.0,0.0,0.0,0.0,0.0,0.0,0.0,0.0,0.0,0.0,0.0,0.0,0.0,0.0,0.0,0.0,0.0,0.0,0.0,0.0,0.0,0.0,0.0,0.0
9. Dự phòng trợ cấp mất việc làm,0.0,0.0,0.0,0.0,0.0,0.0,0.0,73296000.0,73296000.0,73296000.0,66446050.0,25906050.0,-177323475.0,-287246950.0,0.0,0.0,0.0,0.0,0.0,0.0,0.0,0.0,0.0,0.0,0.0,0.0,0.0,0.0,0.0,0.0,0.0,0.0,0.0,0.0,0.0,0.0,0.0,0.0,0.0,0.0,0.0,0.0,0.0,0.0,0.0,0.0,0.0,0.0,0.0,0.0,0.0,0.0,0.0,0.0,0.0,0.0
10. Dự phòng phải trả dài hạn,0.0,0.0,0.0,0.0,0.0,0.0,0.0,0.0,0.0,0.0,0.0,0.0,0.0,0.0,0.0,0.0,0.0,0.0,0.0,0.0,0.0,0.0,0.0,0.0,0.0,0.0,0.0,0.0,0.0,0.0,0.0,0.0,0.0,0.0,0.0,0.0,0.0,0.0,0.0,0.0,0.0,0.0,0.0,0.0,0.0,0.0,0.0,0.0,0.0,0.0,0.0,0.0,0.0,0.0,0.0,0.0
11. Doanh thu chưa thực hiện dài hạn,0.0,0.0,0.0,0.0,0.0,0.0,0.0,0.0,0.0,0.0,0.0,0.0,0.0,0.0,0.0,0.0,0.0,0.0,0.0,0.0,0.0,0.0,0.0,0.0,0.0,0.0,0.0,0.0,0.0,0.0,0.0,0.0,0.0,0.0,0.0,0.0,0.0,0.0,0.0,0.0,0.0,0.0,0.0,0.0,0.0,0.0,0.0,0.0,0.0,0.0,0.0,0.0,0.0,0.0,0.0,0.0
12. Quỹ phát triển khoa học và công nghệ,0.0,0.0,0.0,0.0,0.0,0.0,0.0,0.0,0.0,0.0,0.0,0.0,0.0,0.0,0.0,0.0,0.0,0.0,0.0,0.0,0.0,0.0,0.0,0.0,0.0,0.0,0.0,0.0,0.0,0.0,0.0,0.0,0.0,0.0,0.0,0.0,0.0,0.0,0.0,0.0,0.0,0.0,0.0,0.0,0.0,0.0,0.0,0.0,0.0,0.0,0.0,0.0,0.0,0.0,0.0,0.0
B. Nguồn vốn chủ sở hữu,18673412930.0,51536988518.0,53030725737.0,52901606134.0,49538727202.0,52137933069.0,56320457478.0,57156892904.0,49270769982.0,46545554696.0,61081578641.0,53174537024.0,52495732238.0,54597038665.0,60543632964.0,60045868138.0,57553671080.0,55554646228.0,62334178609.0,56666116515.0,58495108550.0,61632004959.0,54859140297.0,55675438152.0,50662066603.0,52401513460.0,55820977735.0,57096244641.0,53700120502.0,56210575355.0,57943904507.0,61312374609.0,56995495451.0,60301107505.0,61213233861.0,62484898567.0,57935009138.0,59370284069.0,62048189425.0,62605208315.0,61471032297.0,62317083263.0,66601273605.0,68397861365.0,63861614685.0,65865389167.0,68316679624.0,69545053301.0,65448071877.0,64604797124.0,66670298503.0,67942083849.0,66229734190.0,72063263020.0,72805795804.0,74328207279.0
I. Vốn chủ sở hữu,18673412930.0,51536988518.0,53030725737.0,52901606134.0,49538727202.0,52137933069.0,56320457478.0,57156892904.0,49270769982.0,46545554696.0,61081578641.0,53174537024.0,52495732238.0,54597038665.0,60543632964.0,60045868138.0,57553671080.0,55554646228.0,62334178609.0,56666116515.0,58495108550.0,61632004959.0,54859140297.0,55675438152.0,50662066603.0,52401513460.0,55820977735.0,57096244641.0,53700120502.0,56210575355.0,57943904507.0,61312374609.0,56995495451.0,60301107505.0,61213233861.0,62484898567.0,57935009138.0,59370284069.0,62048189425.0,62605208315.0,61471032297.0,62317083263.0,66601273605.0,68397861365.0,63861614685.0,65865389167.0,68316679624.0,69545053301.0,65448071877.0,64604797124.0,66670298503.0,67942083849.0,66229734190.0,72063263020.0,72805795804.0,74328207279.0
1. Vốn đầu tư của chủ sở hữu,10000000000.0,29960100000.0,29960100000.0,29960100000.0,29960100000.0,29960100000.0,29960100000.0,29960100000.0,29960100000.0,29960100000.0,34360100000.0,29960100000.0,29960100000.0,29960100000.0,29960100000.0,29960100000.0,29960100000.0,29960100000.0,29960100000.0,29960100000.0,29960100000.0,30360100000.0,29960100000.0,29960100000.0,29960100000.0,29960100000.0,29960100000.0,29960100000.0,29960100000.0,29960100000.0,29960100000.0,29960100000.0,29960100000.0,29960100000.0,29960100000.0,29960100000.0,29960100000.0,29960100000.0,29960100000.0,29960100000.0,29960100000.0,29960100000.0,29960100000.0,29960100000.0,29960100000.0,29960100000.0,29960100000.0,29960100000.0,29960100000.0,29960100000.0,29960100000.0,59920200000.0,59920200000.0,59920200000.0,59920200000.0,59920200000.0
2. Thặng dư vốn cổ phần,0.0,9980050000.0,9980050000.0,9980050000.0,9980050000.0,9980050000.0,9980050000.0,9980050000.0,9980050000.0,9980050000.0,9980050000.0,9980050000.0,9980050000.0,9980050000.0,9980050000.0,9980050000.0,9980050000.0,9980050000.0,9980050000.0,9980050000.0,9980050000.0,9980050000.0,9980050000.0,9980050000.0,9980050000.0,9980050000.0,9980050000.0,9980050000.0,9980050000.0,9980050000.0,9980050000.0,9980050000.0,9980050000.0,9980050000.0,9980050000.0,9980050000.0,9980050000.0,9980050000.0,9980050000.0,9980050000.0,9980050000.0,9980050000.0,9980050000.0,9980050000.0,9980050000.0,9980050000.0,9980050000.0,9980050000.0,9980050000.0,9980050000.0,9980050000.0,0.0,0.0,0.0,0.0,0.0
3. Quyền chọn chuyển đổi trái phiếu,0.0,0.0,0.0,0.0,0.0,0.0,0.0,0.0,0.0,0.0,0.0,0.0,0.0,0.0,0.0,0.0,0.0,0.0,0.0,0.0,0.0,0.0,0.0,0.0,0.0,0.0,0.0,0.0,0.0,0.0,0.0,0.0,0.0,0.0,0.0,0.0,0.0,0.0,0.0,0.0,0.0,0.0,0.0,0.0,0.0,0.0,0.0,0.0,0.0,0.0,0.0,0.0,0.0,0.0,0.0,0.0
4. Vốn khác của chủ sở hữu,0.0,0.0,0.0,0.0,0.0,0.0,0.0,0.0,0.0,0.0,0.0,0.0,0.0,0.0,0.0,0.0,0.0,0.0,0.0,0.0,0.0,0.0,0.0,0.0,0.0,0.0,0.0,0.0,0.0,0.0,0.0,0.0,0.0,0.0,0.0,0.0,0.0,0.0,0.0,0.0,0.0,0.0,0.0,0.0,0.0,0.0,0.0,0.0,0.0,0.0,0.0,0.0,0.0,0.0,0.0,0.0
5. Cổ phiếu quỹ,0.0,0.0,0.0,0.0,0.0,0.0,0.0,0.0,0.0,0.0,0.0,0.0,0.0,0.0,0.0,0.0,0.0,0.0,0.0,0.0,0.0,0.0,0.0,0.0,0.0,0.0,0.0,0.0,0.0,0.0,0.0,0.0,0.0,0.0,0.0,0.0,0.0,0.0,0.0,0.0,0.0,0.0,0.0,0.0,0.0,0.0,0.0,0.0,0.0,0.0,0.0,0.0,0.0,0.0,0.0,0.0
6. Chênh lệch đánh giá lại tài sản,0.0,0.0,0.0,0.0,0.0,0.0,0.0,0.0,0.0,0.0,0.0,0.0,0.0,0.0,0.0,0.0,0.0,0.0,0.0,0.0,0.0,0.0,0.0,0.0,0.0,0.0,0.0,0.0,0.0,0.0,0.0,0.0,0.0,0.0,0.0,0.0,0.0,0.0,0.0,0.0,0.0,0.0,0.0,0.0,0.0,0.0,0.0,0.0,0.0,0.0,0.0,0.0,0.0,0.0,0.0,0.0
7. Chênh lệch tỷ giá hối đoái,0.0,0.0,0.0,0.0,0.0,0.0,0.0,0.0,0.0,0.0,0.0,0.0,0.0,0.0,0.0,0.0,0.0,0.0,0.0,0.0,0.0,0.0,0.0,0.0,0.0,0.0,0.0,0.0,0.0,0.0,0.0,0.0,0.0,0.0,0.0,0.0,0.0,0.0,0.0,0.0,0.0,0.0,0.0,0.0,0.0,0.0,0.0,0.0,0.0,0.0,0.0,0.0,0.0,0.0,0.0,0.0
8. Quỹ đầu tư phát triển,4012430349.0,5501969266.0,6011576152.0,6190118639.0,7366860762.0,7366860762.0,7366860762.0,7366860762.0,8674266808.0,8674266808.0,8810185358.0,8876615452.0,8876615452.0,8876615452.0,8876615452.0,8876615452.0,9105344960.0,9254713564.0,9254713564.0,9254713564.0,9382924950.0,9390266257.0,8902996316.0,11083480222.0,11273044127.0,11273044127.0,11273044127.0,11273044127.0,11485517961.0,11485517961.0,11485517961.0,11485517961.0,11792993202.0,11792993202.0,11792993202.0,11792993202.0,11792993202.0,11792993202.0,11792993202.0,11792993202.0,11792993202.0,11792993202.0,11792993202.0,11792993202.0,11792993202.0,11792993202.0,11792993202.0,11792993202.0,11792993202.0,11792993202.0,11792993202.0,0.0,0.0,0.0,0.0,0.0
9. Quỹ dự phòng tài chính,622807448.0,852177917.0,1114494196.0,1114494196.0,1486712202.0,1486712202.0,1486712202.0,1486712202.0,1877859889.0,1877859889.0,1945819164.0,1979034211.0,2039375668.0,2039375668.0,2039375668.0,2039375668.0,2153740422.0,2228424724.0,2228424724.0,2356342530.0,2420448222.0,2424118875.0,2180483906.0,0.0,0.0,0.0,0.0,0.0,0.0,0.0,0.0,0.0,0.0,0.0,0.0,0.0,0.0,0.0,0.0,0.0,0.0,0.0,0.0,0.0,0.0,0.0,0.0,0.0,0.0,0.0,0.0,0.0,0.0,0.0,0.0,0.0
10. Quỹ khác thuộc vốn chủ sở hữu,6365747.0,-3634253.0,22229003.0,19229003.0,19229003.0,19229003.0,19229003.0,19229003.0,19229003.0,19229003.0,32820858.0,39463868.0,39463867.0,39463867.0,39463867.0,39463867.0,39463867.0,54400728.0,51792228.0,46575228.0,46575228.0,46575228.0,19229003.0,19229003.0,19229003.0,19229003.0,19229003.0,19229003.0,19229003.0,19229003.0,19229003.0,19229003.0,19229003.0,19229003.0,19229003.0,19229003.0,19229003.0,19229003.0,19229003.0,19229003.0,19229003.0,19229003.0,19229003.0,19229003.0,19229003.0,19229003.0,19229003.0,19229003.0,19229003.0,19229003.0,19229003.0,0.0,0.0,0.0,0.0,0.0
11. Lợi nhuận sau thuế chưa phân phối,4031809386.0,5246325588.0,5942276386.0,5637614296.0,725775235.0,3324981102.0,7507505511.0,8343940937.0,-1240735718.0,-3965951004.0,4593050941.0,-2844538990.0,-3221087611.0,-1970150475.0,4088722540.0,3671522080.0,351280694.0,-1812888687.0,4417481131.0,-438360219.0,744742542.0,3014147400.0,3816281072.0,4632578927.0,-570356527.0,1169090330.0,4588554605.0,5863821511.0,2255223538.0,4765678391.0,6499007543.0,9867477645.0,5243123246.0,8548735300.0,9460861656.0,10732526362.0,6182636933.0,7617911864.0,10295817220.0,10852836110.0,9718660092.0,10564711058.0,14848901400.0,16645489160.0,12109242480.0,14113016962.0,16564307419.0,17792681096.0,13695699672.0,12852424919.0,14917926298.0,8021883849.0,6309534190.0,12143063020.0,12885595804.0,14408007279.0
LNST chưa phân phối lũy kế đến cuối kỳ trước,,,,,,,,,,,,,,,,,,,,,,,,,327404918.0,327404918.0,327404918.0,4576881593.0,429237625.0,429237625.0,429237625.0,6578742445.0,1584892818.0,1584892818.0,1584892818.0,9607861656.0,4226034856.0,4226018856.0,4226018856.0,10295817220.0,5068688020.0,5068688020.0,5068688020.0,14848901400.0,8166835170.0,8166835170.0,8166835170.0,16584936648.0,10970299648.0,10970299648.0,10970299648.0,2802471853.0,2802471853.0,2802471853.0,2802911622.0,2802911622.0
LNST chưa phân phối kỳ này,,,,,,,,,,,,,,,,,,,,,,,,,-897761445.0,841685412.0,4261149687.0,1286939918.0,1825985913.0,4336440766.0,6069769918.0,3288735200.0,3658230428.0,6963842482.0,7875968838.0,1124664706.0,1956602077.0,3391893008.0,6069798364.0,557018890.0,4649972072.0,5496023038.0,9780213380.0,1796587760.0,3942407310.0,5946181792.0,8397472249.0,1207744448.0,2725400024.0,1882125271.0,3947626650.0,5219411996.0,3507062337.0,9340591167.0,10082684182.0,11605095657.0
12. Nguồn vốn đầu tư xây dựng cơ bản,0.0,0.0,0.0,0.0,0.0,0.0,0.0,0.0,0.0,0.0,0.0,0.0,0.0,0.0,0.0,0.0,0.0,0.0,0.0,0.0,0.0,0.0,0.0,0.0,0.0,0.0,0.0,0.0,0.0,0.0,0.0,0.0,0.0,0.0,0.0,0.0,0.0,0.0,0.0,0.0,0.0,0.0,0.0,0.0,0.0,0.0,0.0,0.0,0.0,0.0,0.0,0.0,0.0,0.0,0.0,0.0
13. Quỹ hỗ trợ sắp xếp doanh nghiệp,0.0,0.0,0.0,0.0,0.0,0.0,0.0,0.0,0.0,0.0,0.0,0.0,0.0,0.0,0.0,0.0,0.0,0.0,0.0,0.0,0.0,0.0,0.0,0.0,0.0,0.0,0.0,0.0,0.0,0.0,0.0,0.0,0.0,0.0,0.0,0.0,0.0,0.0,0.0,0.0,0.0,0.0,0.0,0.0,0.0,0.0,0.0,0.0,0.0,0.0,0.0,0.0,0.0,0.0,0.0,0.0
14. Lợi ích của cổ đông không kiểm soát,0.0,0.0,0.0,0.0,0.0,0.0,0.0,0.0,0.0,0.0,1359552320.0,5183812483.0,4821214862.0,5671584153.0,5559305437.0,5478741071.0,5963691137.0,5889845899.0,6441616962.0,5506695412.0,5960267608.0,6416747199.0,0.0,0.0,0.0,0.0,0.0,0.0,0.0,0.0,0.0,0.0,0.0,0.0,0.0,0.0,0.0,0.0,0.0,0.0,0.0,0.0,0.0,0.0,0.0,0.0,0.0,0.0,0.0,0.0,0.0,0.0,0.0,0.0,0.0,0.0
II. Nguồn kinh phí và quỹ khác,0.0,0.0,0.0,0.0,0.0,0.0,0.0,0.0,0.0,0.0,0.0,0.0,0.0,0.0,0.0,0.0,0.0,0.0,0.0,0.0,0.0,0.0,0.0,0.0,0.0,0.0,0.0,0.0,0.0,0.0,0.0,0.0,0.0,0.0,0.0,0.0,0.0,0.0,0.0,0.0,0.0,0.0,0.0,0.0,0.0,0.0,0.0,0.0,0.0,0.0,0.0,0.0,0.0,0.0,0.0,0.0
1. Nguồn kinh phí ,0.0,0.0,0.0,0.0,0.0,0.0,0.0,0.0,0.0,0.0,0.0,0.0,0.0,0.0,0.0,0.0,0.0,0.0,0.0,0.0,0.0,0.0,0.0,0.0,0.0,0.0,0.0,0.0,0.0,0.0,0.0,0.0,0.0,0.0,0.0,0.0,0.0,0.0,0.0,0.0,0.0,0.0,0.0,0.0,0.0,0.0,0.0,0.0,0.0,0.0,0.0,0.0,0.0,0.0,0.0,0.0
2. Nguồn kinh phí đã hình thành tài sản cố định,0.0,0.0,0.0,0.0,0.0,0.0,0.0,0.0,0.0,0.0,0.0,0.0,0.0,0.0,0.0,0.0,0.0,0.0,0.0,0.0,0.0,0.0,0.0,0.0,0.0,0.0,0.0,0.0,0.0,0.0,0.0,0.0,0.0,0.0,0.0,0.0,0.0,0.0,0.0,0.0,0.0,0.0,0.0,0.0,0.0,0.0,0.0,0.0,0.0,0.0,0.0,0.0,0.0,0.0,0.0,0.0
3. Quỹ dự phòng trợ cấp mất việc làm,0.0,0.0,0.0,0.0,0.0,0.0,0.0,0.0,0.0,0.0,0.0,0.0,0.0,0.0,0.0,0.0,0.0,0.0,0.0,0.0,0.0,0.0,0.0,0.0,0.0,0.0,0.0,0.0,0.0,0.0,0.0,0.0,0.0,0.0,0.0,0.0,0.0,0.0,0.0,0.0,0.0,0.0,0.0,0.0,0.0,0.0,0.0,0.0,0.0,0.0,0.0,0.0,0.0,0.0,0.0,0.0
TỔNG CỘNG NGUỒN VỐN,53166064191.0,72154602561.0,96055067805.0,93159077749.0,92621849095.0,82556032138.0,90995617438.0,112285109348.0,92464990460.0,83987037710.0,110459885640.0,81713076182.0,77546803524.0,80224134602.0,95581419606.0,87514539909.0,86596620764.0,74264116426.0,96282155037.0,81587249864.0,79434002864.0,88489214397.0,84126423724.0,69347032999.0,64754315124.0,76927575949.0,120382738313.0,104711219492.0,98959258344.0,111305396578.0,155621999091.0,158833075904.0,173900219734.0,156518655177.0,199877813372.0,140995314035.0,125700092677.0,134195612940.0,151066742644.0,129732362070.0,143364893014.0,130918094527.0,175520612889.0,139357698657.0,125593210514.0,146024158465.0,166257522795.0,128326865376.0,118855353268.0,110064841294.0,102088192304.0,95249618773.0,201898031364.0,243864636346.0,249342990277.0,211319666585.0
