Item,Q4 2004,Q4 2005,Q4 2006,Q2 2007,Q3 2007,Q4 2007,Q1 2008,Q2 2008,Q3 2008,Q4 2008,Q1 2009,Q2 2009,Q3 2009,Q4 2009,Q1 2010,Q2 2010,Q3 2010,Q4 2010,Q1 2011,Q2 2011,Q3 2011,Q4 2011,Q1 2012,Q2 2012,Q3 2012,Q4 2012,Q1 2013,Q2 2013,Q3 2013,Q4 2013,Q1 2014,Q2 2014,Q3 2014,Q4 2014,Q1 2015,Q2 2015,Q3 2015,Q4 2015,Q1 2016,Q2 2016,Q3 2016,Q4 2016,Q1 2017,Q2 2017,Q3 2017,Q4 2017,Q1 2018,Q2 2018,Q3 2018,Q4 2018,Q1 2019,Q2 2019,Q3 2019,Q4 2019,Q1 2020,Q2 2020,Q3 2020,Q4 2020,Q1 2021,Q2 2021,Q3 2021,Q4 2021,Q1 2022,Q2 2022,Q3 2022,Q4 2022,Q1 2023,Q2 2023,Q3 2023
TÀI SẢN,,,,,,,,,,,,,,,,,,,,,,,,,,,,,,,,,,,,,,,,,,,,,,,,,,,,,,,,,,,,,,,,,,,,,
A. Tài sản lưu động và đầu tư ngắn hạn,120632118720.0,87745957877.0,93041065220.0,190939623666.0,207638166493.0,167315854495.0,149574327376.0,172056532172.0,141799128765.0,149552781809.0,133490352774.0,129710947243.0,158339318414.0,179349473219.0,161606832505.0,152804408190.0,155009198339.0,186008124923.0,158607774401.0,154727089648.0,158525490762.0,169787816753.0,163522386845.0,169412944300.0,179778311169.0,161153940242.0,178460698112.0,199869376061.0,198626163056.0,207617567558.0,206236471073.0,209480691315.0,245622335458.0,263991787064.0,286998082906.0,262972730141.0,285197998399.0,321090864276.0,308239663164.0,312913282652.0,284508361233.0,283183681470.0,311279586961.0,352938889387.0,310933055300.0,336161793453.0,339866276388.0,344193029443.0,347338263007.0,342939974103.0,362636924677.0,380796337728.0,329253353603.0,364469463460.0,352452359250.0,317832949017.0,341217355838.0,438167408794.0,352949771035.0,310480570789.0,304740390908.0,377169854547.0,336832929113.0,613405459909.0,276301356434.0,309921704172.0,292199010310.0,274883066864.0,274607620861.0
I. Tiền và các khoản tương đương tiền,17809668003.0,17487672187.0,15811393044.0,78386426254.0,24664290518.0,50673257180.0,54525233923.0,44182417521.0,17869289963.0,24749066212.0,27504933485.0,38453200252.0,60715489672.0,52100994407.0,17989243471.0,29761271651.0,29894844807.0,37135505865.0,28442305624.0,23706498479.0,39203306327.0,81600235443.0,79077933393.0,65549705779.0,64121203871.0,62312658597.0,63268614869.0,100057897879.0,97993451623.0,83721906105.0,80182532327.0,78704084303.0,99720160011.0,101151672245.0,130324992073.0,104494701496.0,103569937772.0,149570935346.0,117180698411.0,147027376459.0,98150914917.0,98262945780.0,43589611206.0,55216074289.0,65204044049.0,121199288624.0,96275988174.0,119855015124.0,126172574100.0,83740004120.0,66836979986.0,77838650682.0,79088222451.0,89745658854.0,65441653647.0,88177671826.0,84085207025.0,139205367924.0,88966899582.0,68608870261.0,80041878469.0,77694953913.0,69635220030.0,243903076828.0,71446798867.0,266876794637.0,9464474089.0,51510369730.0,17267788202.0
1. Tiền,17809668003.0,17487672187.0,15811393044.0,32758986554.0,24664290518.0,,,30682417521.0,14361874963.0,23749066212.0,14704933485.0,21553200252.0,25915489672.0,28400994407.0,17989243471.0,28761271651.0,26194844807.0,22335505865.0,21942305624.0,17206498479.0,22923306327.0,18543167443.0,11952759670.0,19799509498.0,15829568935.0,26997772972.0,13428920658.0,22387053847.0,14191031721.0,24883705787.0,28366231470.0,11321592131.0,24659209233.0,50068291145.0,38321992073.0,26251701496.0,15468937772.0,38607018679.0,20837431740.0,38293013812.0,26658344451.0,24057508785.0,20309813897.0,13844597838.0,15136396409.0,31509372134.0,23555635516.0,29822830508.0,26531230764.0,25854072590.0,26316146830.0,22137563995.0,22237299035.0,34622302576.0,10875605689.0,11881636387.0,13259822946.0,44300140039.0,13936577085.0,6817154901.0,8321712253.0,15165009771.0,14228608020.0,7049468611.0,4710505917.0,1531122693.0,9464474089.0,51510369730.0,17267788202.0
2. Các khoản tương đương tiền,0.0,0.0,0.0,45627439700.0,0.0,,,13500000000.0,3507415000.0,1000000000.0,12800000000.0,16900000000.0,34800000000.0,23700000000.0,0.0,1000000000.0,3700000000.0,14800000000.0,6500000000.0,6500000000.0,16280000000.0,63057068000.0,67125173723.0,45750196281.0,48291634936.0,35314885625.0,49839694211.0,77670844032.0,83802419902.0,58838200318.0,51816300857.0,67382492172.0,75060950778.0,51083381100.0,92003000000.0,78243000000.0,88101000000.0,110963916667.0,96343266671.0,108734362647.0,71492570466.0,74205436995.0,23279797309.0,41371476451.0,50067647640.0,89689916490.0,72720352658.0,90032184616.0,99641343336.0,57885931530.0,40520833156.0,55701086687.0,56850923416.0,55123356278.0,54566047958.0,76296035439.0,70825384079.0,94905227885.0,75030322497.0,61791715360.0,71720166216.0,62529944142.0,55406612010.0,236853608217.0,66736292950.0,265345671944.0,0.0,0.0,0.0
II. Các khoản đầu tư tài chính ngắn hạn,0.0,0.0,16495343926.0,3000000000.0,5000000000.0,0.0,4500000000.0,5000000000.0,5000000000.0,6600000000.0,3600000000.0,4500000000.0,0.0,2900000000.0,2900000000.0,0.0,0.0,0.0,0.0,0.0,0.0,0.0,0.0,0.0,0.0,0.0,0.0,0.0,0.0,345000000.0,345000000.0,345000000.0,345000000.0,345000000.0,345000000.0,10432000000.0,17732000000.0,300000000.0,0.0,0.0,0.0,0.0,0.0,0.0,1900000000.0,0.0,4747520261.0,5747520261.0,5464606599.0,20593664376.0,22918946528.0,9027865121.0,13921693321.0,16478808389.0,18832994312.0,36444983523.0,21426229211.0,451786980.0,20358889878.0,21370930086.0,6812610581.0,8364801045.0,9449626914.0,6236685227.0,0.0,0.0,3000000000.0,0.0,0.0
1. Chứng khoán kinh doanh,0.0,0.0,16495343926.0,3000000000.0,5000000000.0,0.0,,5000000000.0,5000000000.0,6600000000.0,3600000000.0,4500000000.0,0.0,2900000000.0,2900000000.0,0.0,0.0,0.0,0.0,0.0,0.0,0.0,0.0,0.0,0.0,0.0,0.0,0.0,0.0,345000000.0,345000000.0,345000000.0,345000000.0,345000000.0,345000000.0,0.0,0.0,0.0,0.0,0.0,0.0,0.0,0.0,0.0,0.0,0.0,0.0,0.0,0.0,0.0,0.0,0.0,0.0,0.0,0.0,0.0,0.0,0.0,0.0,0.0,0.0,0.0,0.0,0.0,0.0,0.0,0.0,0.0,0.0
2. Dự phòng giảm giá chứng khoán kinh doanh,0.0,0.0,0.0,0.0,0.0,0.0,,0.0,0.0,0.0,0.0,0.0,0.0,0.0,0.0,0.0,0.0,0.0,0.0,0.0,0.0,0.0,0.0,0.0,0.0,0.0,0.0,0.0,0.0,0.0,0.0,0.0,0.0,0.0,0.0,0.0,0.0,0.0,0.0,0.0,0.0,0.0,0.0,0.0,0.0,0.0,0.0,0.0,0.0,0.0,0.0,0.0,0.0,0.0,0.0,0.0,0.0,0.0,0.0,0.0,0.0,0.0,0.0,0.0,0.0,0.0,0.0,0.0,0.0
3. Đầu tư nắm giữ đến ngày đáo hạn,0.0,0.0,0.0,0.0,0.0,0.0,,0.0,0.0,0.0,0.0,0.0,0.0,0.0,0.0,0.0,0.0,0.0,0.0,0.0,0.0,0.0,0.0,0.0,0.0,0.0,0.0,0.0,0.0,0.0,0.0,0.0,0.0,0.0,0.0,10432000000.0,17732000000.0,300000000.0,0.0,0.0,0.0,0.0,0.0,0.0,1900000000.0,0.0,4747520261.0,5747520261.0,5464606599.0,20593664376.0,22918946528.0,9027865121.0,13921693321.0,16478808389.0,18832994312.0,36444983523.0,21426229211.0,451786980.0,20358889878.0,21370930086.0,6812610581.0,8364801045.0,9449626914.0,6236685227.0,0.0,0.0,3000000000.0,0.0,0.0
III. Các khoản phải thu ngắn hạn,16777448873.0,25689236909.0,24045427612.0,53920277376.0,55221079745.0,72148788624.0,53587614175.0,68523705560.0,47913264548.0,48431562298.0,45609461777.0,51082091181.0,52624911199.0,61396211114.0,55209310320.0,43053491510.0,40575489666.0,46535087324.0,44520642272.0,35990428244.0,40504631356.0,37192523324.0,29000068162.0,35175044137.0,38373190719.0,36300928202.0,39914211967.0,30029300555.0,38098985040.0,52636210734.0,49993105621.0,32362881654.0,53420424371.0,60280390462.0,49349116284.0,51006914075.0,63453604611.0,56609662845.0,54237735823.0,63961310417.0,61685048651.0,74878357939.0,68755924867.0,108479313187.0,103289958174.0,70499012476.0,67910300483.0,80906952450.0,74296193672.0,105252778580.0,89793577255.0,86379389815.0,86503831546.0,90130816256.0,78271954878.0,77980612476.0,69013601489.0,178757540318.0,89790188304.0,100165814265.0,83491889520.0,125327821516.0,125483788147.0,336667600139.0,204834039462.0,43044909535.0,264738055576.0,220569000000.0,254704479488.0
1. Phải thu ngắn hạn của khách hàng,14718303575.0,18215790646.0,17301777991.0,24833486743.0,27586606915.0,,,29474743184.0,38930511001.0,33105726973.0,26563658751.0,34947505186.0,40121419156.0,42924850718.0,21530981913.0,37799741564.0,35994633655.0,42435151628.0,35306759399.0,30154513070.0,34709619265.0,31152983541.0,26037265549.0,26507429554.0,38102713309.0,35318874248.0,39269397379.0,29670599821.0,37469827498.0,50702615422.0,47088795163.0,30164001137.0,51704399518.0,47127328448.0,43056553628.0,43935978683.0,56975526262.0,46032696799.0,48561151911.0,56917925660.0,55709789698.0,66510953433.0,59295739548.0,84741258536.0,72059797254.0,61486194623.0,63287859450.0,71091967837.0,66885553359.0,91829892221.0,65529497473.0,71736395077.0,72328810701.0,74717777547.0,65771695493.0,69020397001.0,58623588840.0,162528922308.0,65250727163.0,73203785298.0,57240054640.0,102630927914.0,102144260194.0,287952819841.0,169910000000.0,42257292000.0,12666600115.0,2000000000.0,318927091.0
2. Trả trước cho người bán,757335000.0,1192198620.0,2871582000.0,2700151600.0,8391985343.0,,,17640323321.0,2361933058.0,7403906881.0,10991915320.0,13895260021.0,3246642170.0,2144760695.0,13104222739.0,3070745530.0,2485763907.0,1705093936.0,61836111.0,2644367000.0,2672712000.0,1071318444.0,180816903.0,6051809621.0,249383750.0,583028151.0,536652502.0,440313379.0,707090045.0,452567863.0,2960150281.0,876632725.0,701719565.0,9232164343.0,619787132.0,706692748.0,130432597.0,1524401356.0,152423000.0,1245493215.0,1202746160.0,2773295494.0,3472431173.0,10092408811.0,13656155386.0,2242720221.0,1784229406.0,3058813537.0,3082314175.0,6701463840.0,4360417404.0,5486125797.0,4155986238.0,2732843935.0,2955323694.0,1853845861.0,3751370890.0,887542274.0,1282236473.0,2099460356.0,3354412806.0,2903482608.0,4105407465.0,1063677000.0,40500000.0,0.0,84572342131.0,0.0,0.0
3. Phải thu nội bộ ngắn hạn,0.0,0.0,0.0,0.0,0.0,,,0.0,0.0,0.0,0.0,0.0,0.0,0.0,0.0,0.0,0.0,0.0,0.0,0.0,0.0,0.0,0.0,0.0,0.0,0.0,0.0,0.0,0.0,0.0,0.0,0.0,0.0,0.0,0.0,0.0,0.0,0.0,0.0,0.0,0.0,0.0,0.0,0.0,0.0,0.0,0.0,0.0,0.0,0.0,0.0,0.0,0.0,0.0,0.0,0.0,0.0,0.0,0.0,0.0,0.0,0.0,0.0,0.0,0.0,0.0,0.0,0.0,0.0
4. Phải thu theo tiến độ hợp đồng xây dựng,0.0,0.0,0.0,0.0,0.0,,,0.0,0.0,0.0,0.0,0.0,0.0,0.0,0.0,0.0,0.0,0.0,0.0,0.0,0.0,0.0,0.0,0.0,0.0,0.0,0.0,0.0,0.0,0.0,0.0,0.0,0.0,0.0,0.0,0.0,0.0,0.0,0.0,0.0,0.0,0.0,0.0,0.0,0.0,0.0,0.0,0.0,0.0,0.0,0.0,0.0,0.0,0.0,0.0,0.0,0.0,0.0,0.0,0.0,0.0,0.0,0.0,0.0,0.0,0.0,0.0,0.0,0.0
5. Phải thu về cho vay ngắn hạn,0.0,0.0,0.0,0.0,0.0,,,0.0,0.0,0.0,0.0,0.0,0.0,0.0,0.0,0.0,0.0,0.0,0.0,0.0,0.0,0.0,0.0,0.0,0.0,0.0,0.0,0.0,0.0,0.0,0.0,0.0,0.0,0.0,0.0,195718026.0,2713586839.0,2763030000.0,2518110004.0,1908163004.0,1322150004.0,425508004.0,100000000.0,70000000.0,40000000.0,0.0,0.0,744000000.0,646232000.0,640432000.0,449005000.0,534048000.0,678872000.0,588719000.0,1302139000.0,1132887222.0,1053492666.0,8264984666.0,19443163666.0,20275539666.0,18218122666.0,14913921000.0,13338449998.0,45714000000.0,34500000000.0,0.0,0.0,0.0,33000000000.0
6. Phải thu ngắn hạn khác,1434531066.0,6382300634.0,4069837312.0,26660028009.0,19515876463.0,,,21776027607.0,6988209041.0,8500882047.0,8632841309.0,2818279577.0,9835803476.0,17207130881.0,21454636848.0,2738137356.0,2650225044.0,3037999850.0,9795204852.0,3878408405.0,3809160322.0,5468603357.0,3723373738.0,3809120037.0,1214408735.0,1362489194.0,1071625477.0,925642562.0,929322704.0,2124697536.0,587830264.0,1918892952.0,1610950448.0,4172766917.0,5924644770.0,6216875056.0,3682409351.0,6318651850.0,3035168068.0,3909945100.0,3470579351.0,5168601008.0,5887754146.0,13575645840.0,17534005534.0,6770097632.0,2838211627.0,6012171076.0,3682094138.0,6228631672.0,19602298531.0,8695851781.0,9340162607.0,12091475774.0,8242796691.0,5973482392.0,5585149093.0,7076091070.0,3814061002.0,4587028945.0,4679299408.0,4879489994.0,5895670490.0,1937103298.0,383539462.0,787617535.0,167499113330.0,218569000000.0,221385552397.0
7. Dự phòng phải thu ngắn hạn khó đòi,-132720768.0,-101052991.0,-197769691.0,-273388976.0,-273388976.0,,,-367388552.0,-367388552.0,-578953603.0,-578953603.0,-578953603.0,-578953603.0,-880531180.0,-880531180.0,-555132940.0,-555132940.0,-643158090.0,-643158090.0,-686860231.0,-686860231.0,-500382018.0,-941388028.0,-1193315075.0,-1193315075.0,-963463391.0,-963463391.0,-1007255207.0,-1007255207.0,-643670087.0,-643670087.0,-596645160.0,-596645160.0,-251869246.0,-251869246.0,-48350438.0,-48350438.0,-29117160.0,-29117160.0,-20216562.0,-20216562.0,0.0,0.0,0.0,0.0,0.0,0.0,0.0,0.0,-147641153.0,-147641153.0,-73030840.0,0.0,0.0,0.0,0.0,0.0,0.0,0.0,0.0,0.0,0.0,0.0,0.0,0.0,0.0,0.0,0.0,0.0
IV. Tổng hàng tồn kho,82486275564.0,44456876945.0,34956260560.0,51407201143.0,66431312326.0,40264114567.0,33698794496.0,48441508296.0,64829110852.0,66033229731.0,52605032062.0,33216310840.0,39849532178.0,58238783059.0,77951063311.0,73610345460.0,77107710021.0,94918805773.0,78791734450.0,89269418798.0,72017880554.0,47840365925.0,50214752384.0,64870853851.0,70978269218.0,58901427396.0,67501399560.0,64233834252.0,58431597141.0,67836231663.0,72438988703.0,94526400313.0,88090435277.0,97652694594.0,104081075594.0,94421350392.0,96050518690.0,111533906391.0,131981015707.0,100355505337.0,121111515337.0,106371027437.0,187366129731.0,178592788605.0,134664303552.0,138272032436.0,164709043905.0,135693800022.0,137644305714.0,130869345104.0,175351976046.0,198432326482.0,144318497343.0,163113435714.0,183987291025.0,111942509649.0,157558567432.0,116760805564.0,146318668341.0,117052313230.0,130428536516.0,159309418036.0,123584641558.0,21641597469.0,0.0,0.0,8670761779.0,0.0,0.0
1. Hàng tồn kho,86997615266.0,53237108349.0,42496143207.0,56986676743.0,72010787926.0,,,56390767821.0,72778370377.0,74990119695.0,61561922026.0,42173200804.0,48806422142.0,62180170470.0,81892450722.0,76353960137.0,79851324698.0,98713829166.0,82586757843.0,91626207787.0,74374669543.0,50454609915.0,52828996374.0,67273732866.0,73381148233.0,61335741024.0,69935713188.0,66809668485.0,61007431374.0,70350423749.0,74953180789.0,96851408398.0,90415443362.0,97895964563.0,104324345563.0,94945019381.0,96574187679.0,112132018104.0,132579127420.0,101002285826.0,121758295826.0,107117883450.0,188112985744.0,179366932366.0,135438447313.0,139142939795.0,165579951264.0,136502555015.0,138453060707.0,131721684776.0,176204315718.0,199211739938.0,145097910799.0,163572107678.0,184445962989.0,112191589271.0,157807647054.0,117051204257.0,146556667034.0,117262550956.0,130638774242.0,159584367692.0,123859591214.0,21692320587.0,0.0,0.0,8670761779.0,0.0,0.0
2. Dự phòng giảm giá hàng tồn kho,-4511339702.0,-8780231404.0,-7539882647.0,-5579475600.0,-5579475600.0,,,-7949259525.0,-7949259525.0,-8956889964.0,-8956889964.0,-8956889964.0,-8956889964.0,-3941387411.0,-3941387411.0,-2743614677.0,-2743614677.0,-3795023393.0,-3795023393.0,-2356788989.0,-2356788989.0,-2614243990.0,-2614243990.0,-2402879015.0,-2402879015.0,-2434313628.0,-2434313628.0,-2575834233.0,-2575834233.0,-2514192086.0,-2514192086.0,-2325008085.0,-2325008085.0,-243269969.0,-243269969.0,-523668989.0,-523668989.0,-598111713.0,-598111713.0,-646780489.0,-646780489.0,-746856013.0,-746856013.0,-774143761.0,-774143761.0,-870907359.0,-870907359.0,-808754993.0,-808754993.0,-852339672.0,-852339672.0,-779413456.0,-779413456.0,-458671964.0,-458671964.0,-249079622.0,-249079622.0,-290398693.0,-237998693.0,-210237726.0,-210237726.0,-274949656.0,-274949656.0,-50723118.0,0.0,0.0,0.0,0.0,0.0
V. Tài sản ngắn hạn khác,3558726280.0,112171836.0,1732640078.0,4225718893.0,56321483904.0,4229694124.0,3262684782.0,5908900795.0,6187463402.0,3738923568.0,4170925450.0,2459344970.0,5149385365.0,4713484639.0,7557215403.0,6379299569.0,7431153845.0,7418725961.0,6853092055.0,5760744127.0,6799672525.0,3154692061.0,5229632906.0,3817340533.0,6305647361.0,3638926047.0,7776471716.0,5548343375.0,4102129252.0,3078219056.0,3276844422.0,3542325045.0,4046315799.0,4562029763.0,2897898955.0,2617764178.0,4391937326.0,3076359694.0,4840213223.0,1569090439.0,3560882328.0,3671350314.0,11567921157.0,10650713306.0,5874749525.0,6191459917.0,6223423565.0,1989741586.0,3760582922.0,2484181923.0,7735444862.0,9118105628.0,5421108942.0,5000744247.0,5918465388.0,3287171543.0,9133750681.0,2991908008.0,7515124930.0,3282642947.0,3965475822.0,6472860037.0,8679652464.0,4956500246.0,20518105.0,0.0,6325718866.0,2803697134.0,2635353171.0
1. Chi phí trả trước ngắn hạn,38799520.0,34400000.0,102838316.0,274726692.0,1367943319.0,,,352737262.0,1473965350.0,317016586.0,1450847300.0,240821583.0,1336909148.0,184551645.0,1396170371.0,247569431.0,1457189310.0,150210550.0,2550721494.0,787105245.0,1576635238.0,508589330.0,1686959542.0,640898897.0,1954354006.0,507387494.0,3999275972.0,3345367775.0,1596186484.0,662032357.0,1621140742.0,769812780.0,1998931192.0,988471206.0,1866026422.0,1495692949.0,2331498287.0,1061095860.0,2268961079.0,1288932338.0,2341802899.0,1106091213.0,2799243435.0,4515795173.0,2380607597.0,960977968.0,1798035166.0,998052545.0,3007160934.0,1372692502.0,3555928577.0,2676001340.0,3399753368.0,1053801205.0,2474628268.0,926081127.0,2250930057.0,830447600.0,2259904130.0,798398443.0,1840549399.0,649743909.0,7541930642.0,4733529990.0,0.0,0.0,372425935.0,0.0,3052297.0
2. Thuế giá trị gia tăng được khấu trừ,3517398044.0,0.0,57651.0,2160075154.0,400376112.0,,,230746240.0,1554430510.0,422926971.0,328137441.0,248428955.0,683600051.0,906161622.0,2594805567.0,1779982004.0,2010445051.0,3038714748.0,771277147.0,623374599.0,939343346.0,194383461.0,546900064.0,808902578.0,1691478715.0,666587853.0,1740508326.0,939016145.0,501016275.0,1160589269.0,352252054.0,1313302195.0,238249989.0,854152257.0,926584629.0,897757164.0,1640051024.0,1629231163.0,2208474679.0,142437052.0,1092236045.0,2458786850.0,8226120447.0,5532567633.0,2770007705.0,3214992936.0,3600261866.0,89669846.0,490023711.0,120920740.0,3589362550.0,5166888543.0,1059318366.0,744941915.0,1330899384.0,486548.0,4809307576.0,1143382103.0,3878575455.0,468567506.0,599600444.0,5131477719.0,304193113.0,170729159.0,0.0,0.0,2943472773.0,0.0,1654689.0
3. Thuế và các khoản phải thu Nhà nước,0.0,77771836.0,0.0,0.0,0.0,,,3618956569.0,1080437209.0,559648925.0,69540561.0,69540561.0,294594318.0,14328811.0,237926621.0,1167257562.0,787526267.0,448635750.0,1100849974.0,1298037608.0,1428787174.0,111872333.0,368356256.0,126158470.0,124949071.0,107799359.0,107799359.0,211626560.0,183979356.0,149505410.0,182412681.0,263211655.0,139815679.0,105287904.0,105287904.0,224314065.0,420388015.0,386032671.0,362777465.0,137721049.0,126843384.0,106472251.0,542557275.0,602350500.0,724134223.0,2015489013.0,825126533.0,902019195.0,263398277.0,990568681.0,590153735.0,1275215745.0,962037208.0,3202001127.0,2112937736.0,2360603868.0,2073513048.0,1018078305.0,1376645345.0,2015676998.0,1525325979.0,691638409.0,833528709.0,52241097.0,20518105.0,0.0,3009820158.0,2803697134.0,2630646185.0
4. Giao dịch mua bán lại trái phiếu chính phủ,0.0,0.0,0.0,0.0,0.0,,,0.0,0.0,0.0,0.0,0.0,0.0,0.0,0.0,0.0,0.0,0.0,0.0,0.0,0.0,0.0,0.0,0.0,0.0,0.0,0.0,0.0,0.0,0.0,0.0,0.0,0.0,0.0,0.0,0.0,0.0,0.0,0.0,0.0,0.0,0.0,0.0,0.0,0.0,0.0,0.0,0.0,0.0,0.0,0.0,0.0,0.0,0.0,0.0,0.0,0.0,0.0,0.0,0.0,0.0,0.0,0.0,0.0,0.0,0.0,0.0,0.0,0.0
5. Tài sản ngắn hạn khác,2528716.0,0.0,1629744111.0,1790917047.0,54553164473.0,,,1706460724.0,2078630333.0,2439331086.0,2322400148.0,1900553871.0,2834281848.0,3608442561.0,3328312844.0,3184490572.0,3175993217.0,3781164913.0,2430243440.0,3052226675.0,2854906767.0,2339846937.0,2627417044.0,2241380588.0,2534865569.0,2357151341.0,1928888059.0,1052332895.0,1820947137.0,1106092020.0,1121038945.0,1195998415.0,1669318939.0,2614118396.0,0.0,0.0,0.0,0.0,0.0,0.0,0.0,0.0,0.0,0.0,0.0,0.0,0.0,0.0,0.0,0.0,0.0,0.0,0.0,0.0,0.0,0.0,0.0,0.0,0.0,0.0,0.0,0.0,0.0,0.0,0.0,0.0,0.0,0.0,0.0
B. Tài sản cố định và đầu tư dài hạn,6203733153.0,9946835975.0,27661190320.0,21935232527.0,26316710690.0,92431185139.0,96186728615.0,97107742732.0,115292043034.0,114520201704.0,102354543103.0,115122130216.0,121292590730.0,145784854427.0,126405499440.0,158817241944.0,166589405671.0,166816107888.0,161465183667.0,161330939701.0,153216388575.0,154127132696.0,154684933368.0,149835697370.0,149041159095.0,148917560144.0,147402864311.0,144633223131.0,143334958907.0,146339400772.0,132669865506.0,129796386075.0,125394488187.0,124681505006.0,122726896880.0,121777577577.0,120444364090.0,119797197008.0,120525372737.0,120117997867.0,125467438544.0,125879498707.0,126615068192.0,134884073957.0,135449497213.0,134325543091.0,117074838783.0,113812783613.0,106770431444.0,108781271467.0,106307599266.0,111747861009.0,110131486230.0,110564860582.0,106730660678.0,98392567055.0,101548232106.0,97404515901.0,98443699566.0,97632090255.0,92567782129.0,95822018148.0,91258531753.0,16700453811.0,0.0,0.0,101883543421.0,760656823.0,1131345520.0
I. Các khoản phải thu dài hạn,0.0,0.0,0.0,0.0,0.0,,0.0,0.0,11116448000.0,11116448000.0,10355981000.0,10447981000.0,9661594000.0,9649594000.0,8833757500.0,9223465664.0,9005621028.0,7946907500.0,7098875000.0,7438875000.0,6509730000.0,6479730000.0,5537364000.0,5494664000.0,4554644000.0,4714644000.0,360000000.0,447351015.0,290000000.0,3807740802.0,8811013802.0,8050580402.0,7159458402.0,5597701402.0,5417599402.0,5682274918.0,3400368016.0,2308216016.0,2039737016.0,1390185016.0,1372177016.0,1280171016.0,1246165016.0,620036016.0,652558615.0,684201615.0,725197615.0,1399341271.0,1514806271.0,1782268651.0,1742268651.0,1738128651.0,1714663651.0,1665459651.0,1971959651.0,1680935000.0,6598435000.0,6548935000.0,6366435000.0,6300235000.0,6295235000.0,6232835000.0,1204835000.0,10622125000.0,0.0,0.0,0.0,145987470.0,145987470.0
1. Phải thu dài hạn của khách hàng,0.0,0.0,0.0,0.0,0.0,,0.0,0.0,0.0,0.0,0.0,0.0,0.0,0.0,0.0,0.0,0.0,0.0,0.0,0.0,0.0,0.0,0.0,0.0,0.0,0.0,0.0,0.0,0.0,0.0,0.0,0.0,0.0,0.0,0.0,0.0,0.0,0.0,0.0,0.0,0.0,0.0,0.0,0.0,0.0,0.0,0.0,0.0,0.0,0.0,0.0,0.0,0.0,0.0,0.0,0.0,0.0,0.0,0.0,0.0,0.0,0.0,0.0,0.0,0.0,0.0,0.0,0.0,0.0
2. Vốn kinh doanh tại các đơn vị trực thuộc,0.0,0.0,0.0,0.0,0.0,,0.0,0.0,0.0,0.0,0.0,0.0,0.0,0.0,0.0,0.0,0.0,0.0,0.0,0.0,0.0,0.0,0.0,0.0,0.0,0.0,0.0,0.0,0.0,0.0,0.0,0.0,0.0,0.0,0.0,0.0,0.0,0.0,0.0,0.0,0.0,0.0,0.0,0.0,0.0,0.0,0.0,0.0,0.0,0.0,0.0,0.0,0.0,0.0,0.0,0.0,0.0,0.0,0.0,0.0,0.0,0.0,0.0,0.0,0.0,0.0,0.0,0.0,0.0
3. Phải thu dài hạn nội bộ,0.0,0.0,0.0,0.0,0.0,,0.0,0.0,0.0,0.0,0.0,0.0,0.0,0.0,0.0,0.0,0.0,0.0,0.0,0.0,0.0,0.0,0.0,0.0,0.0,0.0,0.0,0.0,0.0,0.0,0.0,0.0,0.0,0.0,0.0,0.0,0.0,0.0,0.0,0.0,0.0,0.0,0.0,0.0,0.0,0.0,0.0,0.0,0.0,0.0,0.0,0.0,0.0,0.0,0.0,0.0,0.0,0.0,0.0,0.0,0.0,0.0,0.0,0.0,0.0,0.0,0.0,0.0,0.0
4. Phải thu về cho vay dài hạn,0.0,0.0,0.0,0.0,0.0,,0.0,0.0,0.0,0.0,0.0,0.0,0.0,0.0,0.0,0.0,0.0,0.0,0.0,0.0,0.0,0.0,0.0,0.0,0.0,0.0,0.0,0.0,0.0,0.0,0.0,0.0,0.0,0.0,0.0,4756065902.0,2158167000.0,1093021000.0,805548000.0,140000000.0,114000000.0,28000000.0,0.0,0.0,0.0,0.0,0.0,0.0,0.0,400000000.0,360000000.0,330000000.0,310000000.0,240000000.0,500000000.0,262500000.0,225000000.0,187500000.0,0.0,0.0,0.0,0.0,0.0,0.0,0.0,0.0,0.0,0.0,0.0
5. Phải thu dài hạn khác,0.0,0.0,0.0,0.0,0.0,,0.0,0.0,11116448000.0,11116448000.0,10355981000.0,10447981000.0,9661594000.0,9649594000.0,8833757500.0,9223465664.0,9005621028.0,7946907500.0,7098875000.0,7438875000.0,6509730000.0,6479730000.0,5537364000.0,5494664000.0,4554644000.0,4714644000.0,360000000.0,447351015.0,290000000.0,3807740802.0,8811013802.0,8050580402.0,7159458402.0,5597701402.0,5417599402.0,926209016.0,1242201016.0,1215195016.0,1234189016.0,1250185016.0,1258177016.0,1252171016.0,1246165016.0,620036016.0,652558615.0,684201615.0,725197615.0,1399341271.0,1514806271.0,1382268651.0,1382268651.0,1408128651.0,1404663651.0,1425459651.0,1471959651.0,1418435000.0,6373435000.0,6361435000.0,6366435000.0,6300235000.0,6295235000.0,6232835000.0,1204835000.0,10622125000.0,0.0,0.0,0.0,145987470.0,145987470.0
6. Dự phòng phải thu dài hạn khó đòi,0.0,0.0,0.0,0.0,0.0,,0.0,0.0,0.0,0.0,0.0,0.0,0.0,0.0,0.0,0.0,0.0,0.0,0.0,0.0,0.0,0.0,0.0,0.0,0.0,0.0,0.0,0.0,0.0,0.0,0.0,0.0,0.0,0.0,0.0,0.0,0.0,0.0,0.0,0.0,0.0,0.0,0.0,0.0,0.0,0.0,0.0,0.0,0.0,0.0,0.0,0.0,0.0,0.0,0.0,0.0,0.0,0.0,0.0,0.0,0.0,0.0,0.0,0.0,0.0,0.0,0.0,0.0,0.0
II. Tài sản cố định,6203733153.0,9866850482.0,10841190320.0,19276882183.0,21561488118.0,,82528630540.0,81811119564.0,87620238735.0,86481696693.0,72433911526.0,71692809150.0,87233015747.0,87575082229.0,90607853259.0,123999131737.0,127606971538.0,126651906383.0,123623164316.0,123442956429.0,120497783352.0,119484401483.0,119664997190.0,43822978123.0,42063923709.0,42467493003.0,42104286195.0,38940402228.0,37778635176.0,37470635087.0,38599535878.0,37024497727.0,33611845649.0,34267302860.0,34315151487.0,34204949081.0,16989637104.0,17589141045.0,33706600627.0,33839045190.0,39536545744.0,41294403598.0,42748443472.0,51601911842.0,52668317681.0,51428979278.0,34181810951.0,34380187412.0,27314362862.0,28396924422.0,26944901486.0,29193879025.0,31239836898.0,32072786377.0,29366733703.0,22881673875.0,22601511224.0,21886046331.0,23401052478.0,22897067257.0,19891135496.0,22684733963.0,22832949058.0,5814667346.0,0.0,0.0,18074643330.0,0.0,0.0
1. Tài sản cố định hữu hình,6203733153.0,8576849622.0,9551189460.0,17223249661.0,19374689471.0,81078527866.0,18094989643.0,17404057542.0,23179926788.0,22204715708.0,21286996997.0,20314961077.0,35869878778.0,36230242110.0,27280969990.0,60666070335.0,64281062280.0,63333149269.0,60311559346.0,60138503603.0,57200482670.0,56194252960.0,56543383230.0,30060507672.0,28769132851.0,29162468813.0,28803111995.0,25618726366.0,24459570565.0,24154181727.0,25285693769.0,23713266869.0,20303226042.0,20961294504.0,21011754382.0,20904163227.0,16981803361.0,17583918553.0,21703649386.0,21838705190.0,27536205744.0,29294063598.0,30748103472.0,39601571842.0,40667977681.0,39428639278.0,34181810951.0,34316511579.0,27253912029.0,28276501815.0,26831003879.0,29086506418.0,31138989291.0,31978463770.0,29278936096.0,22800401268.0,22526763617.0,21886046331.0,23401052478.0,22897067257.0,19891135496.0,22684733963.0,22832949058.0,5814667346.0,0.0,0.0,18074643330.0,0.0,0.0
Nguyên giá,11971808250.0,13385538734.0,15417430395.0,24454909855.0,27358932146.0,,,27417943503.0,33333882208.0,32963199993.0,32767551180.0,32926778080.0,49894938118.0,50525233136.0,42734424439.0,77667321272.0,83187948400.0,84290100001.0,84209672494.0,85037470884.0,84778495594.0,85551585583.0,87228739222.0,61732982032.0,60431755981.0,61423827201.0,62131756437.0,54950459314.0,55168392545.0,53347782976.0,56483835977.0,56673905297.0,52112084649.0,42601357225.0,47292664999.0,48638373770.0,41490749904.0,43441391966.0,49489687776.0,50615895062.0,57919208187.0,61605064923.0,64821118458.0,74897673820.0,78982119192.0,79744915993.0,75465282503.0,77476594431.0,70388553715.0,70217415678.0,70801897782.0,73801026124.0,77672121034.0,79633325839.0,75978538318.0,69734932421.0,69261282941.0,64110493345.0,67839101185.0,69809248666.0,69146359653.0,72412506001.0,73048615040.0,20929661928.0,0.0,0.0,79303101811.0,0.0,0.0
Giá trị hao mòn lũy kế,-5768075097.0,-4808689112.0,-5866240935.0,-7231660194.0,-7984242675.0,,,-10013885961.0,-10153955420.0,-10758484285.0,-11480554183.0,-12611817003.0,-14025059340.0,-14294991026.0,-15453454449.0,-17001250937.0,-18906886120.0,-20956950732.0,-23898113148.0,-24898967281.0,-27578012924.0,-29357332623.0,-30685355992.0,-31672474360.0,-31662623130.0,-32261358388.0,-33328644442.0,-29331732948.0,-30708821980.0,-29193601249.0,-31198142208.0,-32960638428.0,-31808858607.0,-21640062721.0,-26280910617.0,-27734210543.0,-24508946543.0,-25857473413.0,-27786038390.0,-28777189872.0,-30383002443.0,-32311001325.0,-34073014986.0,-35296101978.0,-38314141511.0,-40316276715.0,-41283471552.0,-43160082852.0,-43134641686.0,-41940913863.0,-43970893903.0,-44714519706.0,-46533131743.0,-47654862069.0,-46699602222.0,-46934531153.0,-46734519324.0,-42224447014.0,-44438048707.0,-46912181409.0,-49255224157.0,-49727772038.0,-50215665982.0,-15114994582.0,0.0,0.0,-61228458481.0,0.0,0.0
2. Tài sản cố định thuê tài chính,0.0,0.0,0.0,0.0,0.0,,0.0,0.0,0.0,0.0,0.0,0.0,0.0,0.0,0.0,0.0,0.0,0.0,0.0,0.0,0.0,0.0,0.0,0.0,0.0,0.0,0.0,0.0,0.0,0.0,0.0,0.0,0.0,0.0,0.0,0.0,0.0,0.0,0.0,0.0,0.0,0.0,0.0,0.0,0.0,0.0,0.0,0.0,0.0,0.0,0.0,0.0,0.0,0.0,0.0,0.0,0.0,0.0,0.0,0.0,0.0,0.0,0.0,0.0,0.0,0.0,0.0,0.0,0.0
Nguyên giá,0.0,0.0,0.0,0.0,0.0,,0.0,0.0,0.0,0.0,0.0,0.0,0.0,0.0,0.0,0.0,0.0,0.0,0.0,0.0,0.0,0.0,0.0,0.0,0.0,0.0,0.0,0.0,0.0,0.0,0.0,0.0,0.0,0.0,0.0,0.0,0.0,0.0,0.0,0.0,0.0,0.0,0.0,0.0,0.0,0.0,0.0,0.0,0.0,0.0,0.0,0.0,0.0,0.0,0.0,0.0,0.0,0.0,0.0,0.0,0.0,0.0,0.0,0.0,0.0,0.0,0.0,0.0,0.0
Giá trị hao mòn lũy kế,0.0,0.0,0.0,0.0,0.0,,0.0,0.0,0.0,0.0,0.0,0.0,0.0,0.0,0.0,0.0,0.0,0.0,0.0,0.0,0.0,0.0,0.0,0.0,0.0,0.0,0.0,0.0,0.0,0.0,0.0,0.0,0.0,0.0,0.0,0.0,0.0,0.0,0.0,0.0,0.0,0.0,0.0,0.0,0.0,0.0,0.0,0.0,0.0,0.0,0.0,0.0,0.0,0.0,0.0,0.0,0.0,0.0,0.0,0.0,0.0,0.0,0.0,0.0,0.0,0.0,0.0,0.0,0.0
3. Tài sản cố định vô hình,0.0,1290000860.0,1290000860.0,2053632522.0,2186798647.0,2160219772.0,64433640897.0,64407062022.0,64440311947.0,64276980985.0,51146914529.0,51377848073.0,51363136969.0,51344840119.0,63326883269.0,63333061402.0,63325909258.0,63318757114.0,63311604970.0,63304452826.0,63297300682.0,63290148523.0,63121613960.0,13762470451.0,13294790858.0,13305024190.0,13301174200.0,13321675862.0,13319064611.0,13316453360.0,13313842109.0,13311230858.0,13308619607.0,13306008356.0,13303397105.0,13300785854.0,7833743.0,5222492.0,12002951241.0,12000340000.0,12000340000.0,12000340000.0,12000340000.0,12000340000.0,12000340000.0,12000340000.0,0.0,63675833.0,60450833.0,120422607.0,113897607.0,107372607.0,100847607.0,94322607.0,87797607.0,81272607.0,74747607.0,0.0,0.0,0.0,0.0,0.0,0.0,0.0,0.0,0.0,0.0,0.0,0.0
Nguyên giá,0.0,1290000860.0,1290000860.0,2093260026.0,2253005026.0,,,64553005026.0,64612833826.0,64476081739.0,51376081739.0,51637081739.0,51660114739.0,51660114739.0,63660454739.0,63687154739.0,63687154739.0,63687154739.0,63687154739.0,63687154739.0,63687154739.0,63687154739.0,63687154739.0,14166325939.0,13700871347.0,13713871347.0,13713871347.0,13732206347.0,13682473347.0,13682473347.0,13682473347.0,13682473347.0,13682473347.0,13682473347.0,13682473347.0,13682473347.0,392132487.0,392132487.0,12392472487.0,12392472487.0,12392472487.0,12392472487.0,12392472487.0,12392472487.0,12392472487.0,12392472487.0,392132487.0,456632487.0,456632487.0,522632487.0,522632487.0,522632487.0,522632487.0,522632487.0,522632487.0,522632487.0,522632487.0,360797487.0,360797487.0,360797487.0,360797487.0,360797487.0,360797487.0,360797487.0,0.0,0.0,0.0,0.0,0.0
Giá trị hao mòn lũy kế,0.0,0.0,0.0,-39627504.0,-66206379.0,,,-145943004.0,-172521879.0,-199100754.0,-229167210.0,-259233666.0,-296977770.0,-315274620.0,-333571470.0,-354093337.0,-361245481.0,-368397625.0,-375549769.0,-382701913.0,-389854057.0,-397006216.0,-565540779.0,-403855488.0,-406080489.0,-408847157.0,-412697147.0,-410530485.0,-363408736.0,-366019987.0,-368631238.0,-371242489.0,-373853740.0,-376464991.0,-379076242.0,-381687493.0,-384298744.0,-386909995.0,-389521246.0,-392132487.0,-392132487.0,-392132487.0,-392132487.0,-392132487.0,-392132487.0,-392132487.0,-392132487.0,-392956654.0,-396181654.0,-402209880.0,-408734880.0,-415259880.0,-421784880.0,-428309880.0,-434834880.0,-441359880.0,-447884880.0,-360797487.0,-360797487.0,-360797487.0,-360797487.0,-360797487.0,-360797487.0,-360797487.0,0.0,0.0,0.0,0.0,0.0
III. Bất động sản đầu tư,0.0,0.0,0.0,0.0,0.0,0.0,383649727.0,6601699101.0,6601699101.0,6601699101.0,6601699101.0,12129199101.0,5527500000.0,5527500000.0,5527500000.0,0.0,0.0,0.0,0.0,0.0,0.0,0.0,0.0,73181886643.0,72524427642.0,71992411641.0,71460395640.0,70928379639.0,70396363638.0,69864347637.0,69332331636.0,68800315635.0,68268299634.0,67736283633.0,67204267632.0,66672251631.0,84680563167.0,84112818780.0,68912743761.0,68380727760.0,67728723759.0,67156711758.0,66584699757.0,66012687756.0,65480671755.0,64895327754.0,64323315753.0,63751303752.0,63179291751.0,62607279750.0,62035267749.0,61463255748.0,57854439614.0,57322423613.0,56790407612.0,56258391611.0,55726375610.0,55194359609.0,54662343608.0,54130327607.0,53598311606.0,53066295605.0,52534279604.0,0.0,0.0,0.0,0.0,0.0,0.0
Nguyên giá,0.0,0.0,0.0,0.0,0.0,0.0,,6601699101.0,6601699101.0,6601699101.0,6601699101.0,12129199101.0,5527500000.0,5527500000.0,5527500000.0,0.0,0.0,0.0,0.0,0.0,0.0,0.0,0.0,75781699978.0,75781699978.0,75781699978.0,75781699978.0,75781699978.0,75781699978.0,75781699978.0,75781699978.0,75781699978.0,75781699978.0,75781699978.0,75781699978.0,75781699978.0,98106027611.0,98106027611.0,82532849111.0,82532849111.0,82532849111.0,82532849111.0,82532849111.0,82532849111.0,82532849111.0,82532849111.0,82532849111.0,82532849111.0,82532849111.0,82532849111.0,82532849111.0,82532849111.0,77469580978.0,77469580978.0,77469580978.0,77469580978.0,77469580978.0,77469580978.0,77469580978.0,77469580978.0,77469580978.0,77469580978.0,77469580978.0,0.0,0.0,0.0,0.0,0.0,0.0
Giá trị hao mòn lũy kế,0.0,0.0,0.0,0.0,0.0,0.0,,0.0,0.0,0.0,0.0,0.0,0.0,0.0,0.0,0.0,0.0,0.0,0.0,0.0,0.0,0.0,0.0,-2599813335.0,-3257272336.0,-3789288337.0,-4321304338.0,-4853320339.0,-5385336340.0,-5917352341.0,-6449368342.0,-6981384343.0,-7513400344.0,-8045416345.0,-8577432346.0,-9109448347.0,-13425464444.0,-13993208831.0,-13620105350.0,-14152121351.0,-14804125352.0,-15376137353.0,-15948149354.0,-16520161355.0,-17052177356.0,-17637521357.0,-18209533358.0,-18781545359.0,-19353557360.0,-19925569361.0,-20497581362.0,-21069593363.0,-19615141364.0,-20147157365.0,-20679173366.0,-21211189367.0,-21743205368.0,-22275221369.0,-22807237370.0,-23339253371.0,-23871269372.0,-24403285373.0,-24935301374.0,0.0,0.0,0.0,0.0,0.0,0.0
IV. Tài sản dở dang dài hạn,0.0,0.0,0.0,0.0,0.0,,5360000000.0,978282427.0,459681818.0,459681818.0,5123208405.0,5123208405.0,9718203989.0,32447279626.0,11178908661.0,4643161601.0,4643161601.0,21688444188.0,19984130079.0,19984130079.0,17051987579.0,20202218679.0,20202218679.0,18388290700.0,21217258500.0,21217258500.0,21217258500.0,19268954100.0,19268954100.0,19268954100.0,0.0,0.0,0.0,0.0,0.0,0.0,0.0,0.0,0.0,0.0,0.0,0.0,0.0,0.0,0.0,0.0,0.0,0.0,0.0,0.0,0.0,0.0,0.0,0.0,0.0,0.0,0.0,0.0,0.0,0.0,0.0,145418182.0,436254545.0,0.0,0.0,0.0,0.0,0.0,352869473.0
"1. Chi phí sản xuất, kinh doanh dở dang dài hạn",0.0,0.0,0.0,0.0,0.0,,,,,,,,,,,,,,,,,,,,,,,,,,0.0,0.0,0.0,0.0,0.0,0.0,0.0,0.0,0.0,0.0,0.0,0.0,0.0,0.0,0.0,0.0,0.0,0.0,0.0,0.0,0.0,0.0,0.0,0.0,0.0,0.0,0.0,0.0,0.0,0.0,0.0,0.0,0.0,0.0,0.0,0.0,0.0,0.0,0.0
2. chi phí xây dựng cơ bản dở dang,0.0,0.0,0.0,0.0,0.0,,,,,,,,,,,,,,,,,,,,,,,,,,0.0,0.0,0.0,0.0,0.0,0.0,0.0,0.0,0.0,0.0,0.0,0.0,0.0,0.0,0.0,0.0,0.0,0.0,0.0,0.0,0.0,0.0,0.0,0.0,0.0,0.0,0.0,0.0,0.0,0.0,0.0,145418182.0,436254545.0,0.0,0.0,0.0,0.0,0.0,352869473.0
V. Các khoản đầu tư tài chính dài hạn,0.0,0.0,16820000000.0,2332000000.0,4406800000.0,8906800000.0,6826800000.0,6226800000.0,6528300000.0,6528300000.0,6528300000.0,13528300000.0,6528300000.0,8080800000.0,8080800000.0,18949490000.0,22572387000.0,8080800000.0,8080800000.0,8080800000.0,7194583086.0,6372822280.0,8080800000.0,8080800000.0,8080800000.0,8080800000.0,8080800000.0,8080800000.0,8080800000.0,8080800000.0,8080800000.0,8080800000.0,8080800000.0,8080800000.0,8080800000.0,8080800000.0,8080800000.0,8080800000.0,8080800000.0,8080800000.0,8080800000.0,8080800000.0,8080800000.0,8080800000.0,8080800000.0,8080800000.0,8080800000.0,4500000000.0,4500000000.0,4500000000.0,4500000000.0,4500000000.0,4500000000.0,4500000000.0,4500000000.0,4500000000.0,4500000000.0,4500000000.0,4500000000.0,4500000000.0,4500000000.0,4500000000.0,4500000000.0,0.0,0.0,0.0,32000000000.0,0.0,0.0
1. Đầu tư vào công ty con,0.0,0.0,0.0,832000000.0,2680000000.0,,,0.0,0.0,0.0,0.0,7000000000.0,0.0,0.0,0.0,0.0,0.0,0.0,0.0,0.0,0.0,0.0,0.0,0.0,0.0,0.0,0.0,0.0,0.0,0.0,0.0,0.0,0.0,0.0,0.0,0.0,0.0,0.0,0.0,0.0,0.0,0.0,0.0,0.0,0.0,0.0,0.0,0.0,0.0,0.0,0.0,0.0,0.0,0.0,0.0,0.0,0.0,0.0,0.0,0.0,0.0,0.0,0.0,0.0,0.0,0.0,0.0,0.0,0.0
"2. Đầu tư vào công ty liên kết, liên doanh",0.0,0.0,15520000000.0,1500000000.0,0.0,,,0.0,0.0,0.0,0.0,0.0,0.0,0.0,0.0,0.0,0.0,0.0,0.0,0.0,0.0,0.0,0.0,0.0,0.0,0.0,0.0,0.0,0.0,0.0,0.0,0.0,0.0,0.0,0.0,0.0,0.0,0.0,0.0,0.0,0.0,0.0,0.0,0.0,0.0,0.0,0.0,0.0,0.0,0.0,0.0,0.0,0.0,0.0,0.0,0.0,0.0,0.0,0.0,0.0,0.0,0.0,0.0,0.0,0.0,0.0,32000000000.0,0.0,0.0
3. Đầu tư khác vào công cụ vốn,0.0,0.0,1300000000.0,0.0,1726800000.0,,,6226800000.0,6528300000.0,6528300000.0,6528300000.0,6528300000.0,6528300000.0,8080800000.0,8080800000.0,18949490000.0,22572387000.0,8080800000.0,8080800000.0,8080800000.0,8080800000.0,8080800000.0,8080800000.0,8080800000.0,8080800000.0,8080800000.0,8080800000.0,8080800000.0,8080800000.0,8080800000.0,8080800000.0,8080800000.0,8080800000.0,8080800000.0,8080800000.0,8080800000.0,8080800000.0,8080800000.0,8080800000.0,8080800000.0,8080800000.0,8080800000.0,8080800000.0,8080800000.0,8080800000.0,8080800000.0,8080800000.0,4500000000.0,4500000000.0,4500000000.0,4500000000.0,4500000000.0,4500000000.0,4500000000.0,4500000000.0,4500000000.0,4500000000.0,4500000000.0,4500000000.0,4500000000.0,4500000000.0,4500000000.0,4500000000.0,0.0,0.0,0.0,0.0,0.0,0.0
4. Dự phòng giảm giá đầu tư tài chính dài hạn,0.0,0.0,0.0,0.0,0.0,,,0.0,0.0,0.0,0.0,0.0,0.0,0.0,0.0,0.0,0.0,0.0,0.0,0.0,-886216914.0,-1707977720.0,0.0,0.0,0.0,0.0,0.0,0.0,0.0,0.0,0.0,0.0,0.0,0.0,0.0,0.0,0.0,0.0,0.0,0.0,0.0,0.0,0.0,0.0,0.0,0.0,0.0,0.0,0.0,0.0,0.0,0.0,0.0,0.0,0.0,0.0,0.0,0.0,0.0,0.0,0.0,0.0,0.0,0.0,0.0,0.0,0.0,0.0,0.0
5. Đầu tư nắm giữ đến ngày đáo hạn,0.0,0.0,0.0,0.0,0.0,,,0.0,0.0,0.0,0.0,0.0,0.0,0.0,0.0,0.0,0.0,0.0,0.0,0.0,0.0,0.0,0.0,0.0,0.0,0.0,0.0,0.0,0.0,0.0,0.0,0.0,0.0,0.0,0.0,0.0,0.0,0.0,0.0,0.0,0.0,0.0,0.0,0.0,0.0,0.0,0.0,0.0,0.0,0.0,0.0,0.0,0.0,0.0,0.0,0.0,0.0,0.0,0.0,0.0,0.0,0.0,0.0,0.0,0.0,0.0,0.0,0.0,0.0
VI. Tổng tài sản dài hạn khác,0.0,79985493.0,0.0,326350344.0,348422572.0,285637501.0,1087648348.0,1489841640.0,2965675380.0,3332376092.0,1311443071.0,2200632560.0,2623976994.0,2504598572.0,2176680020.0,2001992942.0,2761264504.0,2448049817.0,2678214272.0,2384178193.0,2020005866.0,1587960254.0,1199553499.0,867077904.0,600105244.0,444953000.0,4180123976.0,6967336149.0,7520205993.0,7846923146.0,7846184190.0,7840192311.0,8274084502.0,8999417111.0,7709078359.0,7137301947.0,7292995803.0,7706221167.0,7785491333.0,8427239901.0,8749192025.0,8067412335.0,7954959947.0,8568638343.0,8567149162.0,9236234444.0,9763714464.0,9781951178.0,10261970560.0,11494798644.0,11085161380.0,14852597585.0,14822546067.0,15004190941.0,14101559712.0,13071566569.0,12121910272.0,9275174961.0,9513868480.0,9804460391.0,8283100027.0,9192735398.0,9750213546.0,263661465.0,0.0,0.0,244526383.0,614669353.0,632488577.0
1. Chi phí trả trước dài hạn,0.0,79985493.0,0.0,326350344.0,348422572.0,,,937662751.0,2023746557.0,1943531731.0,1311443071.0,2200632560.0,2171392440.0,2026951926.0,1699586957.0,1589238617.0,2674680924.0,2323314113.0,2620512387.0,2326476308.0,1962303981.0,1530258369.0,1141851614.0,867077904.0,600105244.0,444953000.0,4180123976.0,5864611149.0,6417480993.0,6744198146.0,6743459190.0,6647467311.0,7101359502.0,7796692111.0,7709078359.0,7137301947.0,7292995803.0,7706221167.0,7785491333.0,8427239901.0,8749192025.0,8067412335.0,7954959947.0,8568638343.0,8567149162.0,9236234444.0,9763714464.0,9781951178.0,10261970560.0,11494798644.0,11085161380.0,14852597585.0,14822546067.0,15004190941.0,14101559712.0,13071566569.0,12121910272.0,9275174961.0,9513868480.0,9804460391.0,8283100027.0,9192735398.0,9750213546.0,263661465.0,0.0,0.0,244526383.0,614669353.0,632488577.0
2. Tài sản Thuế thu nhập hoãn lại,0.0,0.0,0.0,0.0,0.0,,,300800489.0,337750423.0,748856761.0,0.0,0.0,4391754.0,4004246.0,3450663.0,30992999.0,86583580.0,124735704.0,57701885.0,57701885.0,57701885.0,57701885.0,57701885.0,0.0,0.0,0.0,0.0,0.0,0.0,0.0,0.0,0.0,0.0,0.0,0.0,0.0,0.0,0.0,0.0,0.0,0.0,0.0,0.0,0.0,0.0,0.0,0.0,0.0,0.0,0.0,0.0,0.0,0.0,0.0,0.0,0.0,0.0,0.0,0.0,0.0,0.0,0.0,0.0,0.0,0.0,0.0,0.0,0.0,0.0
3. Tài sản dài hạn khác,0.0,0.0,0.0,0.0,0.0,,,251378400.0,604178400.0,639987600.0,0.0,0.0,448192800.0,473642400.0,473642400.0,381761326.0,0.0,0.0,0.0,0.0,0.0,0.0,0.0,0.0,0.0,0.0,0.0,1102725000.0,1102725000.0,1102725000.0,1102725000.0,1192725000.0,1172725000.0,1202725000.0,0.0,0.0,0.0,0.0,0.0,0.0,0.0,0.0,0.0,0.0,0.0,0.0,0.0,0.0,0.0,0.0,0.0,0.0,0.0,0.0,0.0,0.0,0.0,0.0,0.0,0.0,0.0,0.0,0.0,0.0,0.0,0.0,0.0,0.0,0.0
VII. Lợi thế thương mại,0.0,0.0,0.0,0.0,0.0,,0.0,0.0,0.0,0.0,0.0,0.0,0.0,0.0,0.0,0.0,0.0,0.0,0.0,0.0,0.0,0.0,0.0,0.0,0.0,0.0,0.0,0.0,0.0,0.0,0.0,0.0,0.0,0.0,0.0,0.0,0.0,0.0,0.0,0.0,0.0,0.0,0.0,0.0,0.0,0.0,0.0,0.0,0.0,0.0,0.0,0.0,0.0,0.0,0.0,0.0,0.0,0.0,0.0,0.0,0.0,0.0,0.0,0.0,0.0,0.0,51564373708.0,0.0,0.0
TỔNG CỘNG TÀI SẢN,126835851873.0,97692793852.0,120702255540.0,212874856193.0,233954877183.0,259747039634.0,245761055991.0,269164274904.0,257091171799.0,264072983513.0,235844895877.0,244833077459.0,279631909144.0,325134327646.0,288012331945.0,311621650134.0,321598604010.0,352824232811.0,320072958068.0,316058029349.0,311741879337.0,323914949449.0,318207320213.0,319248641670.0,328819470264.0,310071500386.0,325863562423.0,344502599192.0,341961121963.0,353956968330.0,338906336579.0,339277077390.0,371016823645.0,388673292070.0,409724979786.0,384750307718.0,405642362489.0,440888061284.0,428765035901.0,433031280519.0,409975799777.0,409063180177.0,437894655153.0,487822963344.0,446382552513.0,470487336544.0,456941115171.0,458005813056.0,454108694451.0,451721245570.0,468944523943.0,492544198737.0,439384839833.0,475034324042.0,459183019928.0,416225516072.0,442765587944.0,535571924695.0,451393470601.0,408112661044.0,397308173037.0,472991872695.0,428091460866.0,630105913720.0,276301356434.0,309921704172.0,394082553731.0,275643723687.0,275738966381.0
NGUỒN VỐN,,,,,,,,,,,,,,,,,,,,,,,,,,,,,,,,,,,,,,,,,,,,,,,,,,0.0,,,,,,,,,,,,,,,,,,,
A. Nợ phải trả,83572972322.0,53463708003.0,68305029746.0,84465300548.0,93656161074.0,138250591225.0,84867510304.0,91378125062.0,73567996871.0,88016909615.0,51109746096.0,50177500564.0,50923748546.0,74957391809.0,29668799352.0,49712445186.0,56577805373.0,88865310119.0,57570356919.0,45232495197.0,47916528843.0,51617470467.0,47689562524.0,50344194401.0,54197497903.0,48994312454.0,51155876535.0,61293422557.0,53747677365.0,59014664741.0,35624753465.0,33904370681.0,52170389550.0,53102362580.0,67397285608.0,36360388119.0,46545595777.0,67888632725.0,63535206247.0,53206207005.0,63259538408.0,71752297677.0,100400934884.0,149415566875.0,108141960036.0,130389449002.0,108129200442.0,92190443963.0,120730862886.0,118199345084.0,122757058556.0,151427273625.0,86273751121.0,130284744518.0,102609696404.0,75208971315.0,94928606691.0,209198117562.0,114982112467.0,73272676653.0,58142122047.0,146089706797.0,95083139391.0,112363571461.0,9085821762.0,39390504022.0,64587603338.0,4905757288.0,4513092574.0
I. Nợ ngắn hạn,83572972322.0,53463708003.0,68228998286.0,84389269088.0,93580129614.0,138166580095.0,84479885674.0,90990500432.0,73480372241.0,87904423685.0,51033920166.0,50177500564.0,50923748546.0,74957391809.0,29664269252.0,48626771636.0,55482958523.0,87503292104.0,56025268522.0,43397405180.0,46072251734.0,48983227123.0,46062581029.0,48643574490.0,53091576076.0,47312422734.0,50056039399.0,59615724005.0,52649935813.0,57337664717.0,34529107497.0,32117813825.0,51079633278.0,51319298364.0,66313514608.0,34596165334.0,44781372992.0,66553315288.0,62212395684.0,52079912774.0,62146584832.0,70350006721.0,98949398489.0,147732904119.0,106396886454.0,128642668031.0,106288848763.0,90405822173.0,118860342455.0,116238765480.0,120736961742.0,149867734979.0,85030889394.0,129158632190.0,101246336004.0,73485769475.0,93235840042.0,206314346562.0,110348341467.0,68556223258.0,52920795451.0,140949377189.0,90049568679.0,107729800461.0,4452050762.0,39390504022.0,64587603338.0,4905757288.0,4513092574.0
1. Vay và nợ thuê tài chính ngắn hạn,0.0,0.0,0.0,0.0,0.0,,,0.0,480000000.0,11123540896.0,10100000000.0,14600000000.0,0.0,2810134600.0,2810134600.0,3000000000.0,0.0,6500000000.0,6500000000.0,0.0,0.0,0.0,0.0,0.0,0.0,0.0,0.0,0.0,0.0,0.0,0.0,0.0,0.0,0.0,0.0,0.0,0.0,0.0,0.0,0.0,0.0,0.0,30674185000.0,86468840000.0,27814500000.0,29891070000.0,26958424790.0,10710610000.0,26883540850.0,24198595000.0,31490270000.0,66949854953.0,31149134965.0,43524037005.0,41945257991.0,0.0,55294695000.0,48121290000.0,36268344997.0,7139474997.0,3896504999.0,60456854985.0,30472940000.0,34491384993.0,0.0,0.0,33495153435.0,0.0,0.0
2. Vay và nợ dài hạn đến hạn phải trả,0.0,0.0,0.0,0.0,0.0,,,0.0,0.0,0.0,0.0,0.0,0.0,0.0,0.0,0.0,0.0,0.0,0.0,0.0,0.0,0.0,0.0,0.0,0.0,0.0,0.0,0.0,0.0,0.0,0.0,0.0,0.0,0.0,0.0,0.0,0.0,0.0,0.0,0.0,0.0,0.0,0.0,0.0,0.0,0.0,0.0,0.0,0.0,0.0,0.0,0.0,0.0,0.0,0.0,0.0,0.0,0.0,0.0,0.0,0.0,0.0,0.0,0.0,0.0,0.0,0.0,0.0,0.0
3. Phải trả người bán ngắn hạn,74964480706.0,43734504306.0,54177987049.0,67597701328.0,76653425940.0,,,68329233855.0,58177199360.0,59567800900.0,25884313565.0,12988945445.0,26555907475.0,30039699940.0,4284226667.0,22855002968.0,32245433732.0,58376176353.0,26349589792.0,22207606081.0,21294558190.0,24168671629.0,28864305667.0,30511760428.0,35400158151.0,27143767008.0,32595791674.0,39716192808.0,28104804162.0,20755741269.0,19038147662.0,11208701147.0,30624769969.0,25934834268.0,44377793512.0,11784638931.0,25509761020.0,35276431051.0,40009008839.0,20512214497.0,37556003693.0,28224568385.0,44507842276.0,21126136000.0,38087454652.0,59423356739.0,42888745140.0,31017227288.0,12381618419.0,31644026833.0,45083962768.0,46818199445.0,20253183752.0,47910300317.0,32169977876.0,34187806703.0,12679658251.0,121636406662.0,51042883558.0,37507364566.0,19653264544.0,40695481082.0,28853937049.0,2580035752.0,0.0,34572454400.0,10192347047.0,221905626.0,4540344.0
4. Người mua trả tiền trước,0.0,0.0,0.0,3253178221.0,3050559905.0,,,2760702610.0,746397696.0,526521551.0,2001048536.0,3453272738.0,4962852584.0,2949786659.0,4094172538.0,1924134695.0,3101279207.0,4062085237.0,4403802318.0,5744522725.0,8318494161.0,7474297115.0,4095857847.0,3221919289.0,3951912071.0,3130831111.0,5748745176.0,4884997154.0,6089786664.0,14312476662.0,1935241115.0,2483603693.0,3823316670.0,2942145728.0,4176989630.0,1648776267.0,2273239118.0,3977126582.0,6456764440.0,5532455132.0,6234589739.0,9449109031.0,7780984132.0,15619196001.0,18387840013.0,10730524470.0,15775556040.0,20328133591.0,16555389409.0,16629995824.0,15248149910.0,13283157943.0,11518834412.0,8585484281.0,6940828525.0,3383927547.0,3494105946.0,3979896668.0,3775557565.0,3688959969.0,3309750069.0,4865576348.0,4837120881.0,3012580565.0,0.0,0.0,1060823128.0,0.0,0.0
5. Thuế và các khoản phải nộp nhà nước,3040336751.0,3220217066.0,7322588890.0,9184024904.0,1235523832.0,,,10807504694.0,5467619685.0,5812484224.0,3370469624.0,7167569857.0,7513203057.0,11234113170.0,6995444468.0,9118034988.0,8635441159.0,5685373457.0,3818263233.0,4255563198.0,4482085503.0,7048411425.0,3824546049.0,5028653584.0,4293932699.0,5788467404.0,2808507777.0,3951149482.0,8565619516.0,8796386354.0,3464248699.0,7485790954.0,5441476830.0,9500748159.0,3598982968.0,8940795247.0,5993323178.0,7145042497.0,1988321290.0,12025061276.0,4731591596.0,8081006443.0,1348274934.0,7393788850.0,3493167322.0,3080522756.0,3021155771.0,8615195823.0,6300004907.0,4000857572.0,6192830215.0,2398419924.0,3672553357.0,1609987826.0,3582499830.0,2702831046.0,2931727161.0,2111217080.0,1878011006.0,2049136026.0,1430976658.0,6831423980.0,1881377591.0,60773332477.0,698658427.0,976024605.0,15418444613.0,613224266.0,741719895.0
6. Phải trả người lao động,3566113710.0,3942238423.0,4295317016.0,1729267183.0,2668721479.0,,,3406662329.0,3347877628.0,5637209524.0,3372188254.0,0.0,3749894582.0,7839510864.0,3027103777.0,3633873873.0,3541450691.0,5845127107.0,3196032729.0,2644800077.0,2641255223.0,4064898946.0,2354460721.0,2775756701.0,3317881667.0,4664826290.0,3003477472.0,3437219428.0,3487364171.0,6095766764.0,3686950389.0,4163677819.0,3957196581.0,4436658804.0,4420816136.0,4612766449.0,4424409943.0,10967188943.0,5161212237.0,5248621436.0,5626269929.0,15842063883.0,6357860301.0,6465036541.0,6302182084.0,15116963797.0,6321735382.0,7394097922.0,6848074043.0,25734082135.0,7122284369.0,6601196913.0,6305381959.0,13750215875.0,3911144137.0,5037567168.0,5223213696.0,12045756670.0,5470657226.0,4514627664.0,2949453087.0,10863234354.0,5191000865.0,1291978222.0,0.0,88632682.0,488962684.0,309235061.0,0.0
7. Chi phí phải trả ngắn hạn,69249960.0,70053480.0,0.0,180000000.0,0.0,,,0.0,0.0,204192565.0,460515600.0,682476300.0,1134371850.0,224000000.0,266000000.0,0.0,0.0,14000000.0,599625000.0,599625000.0,1681811131.0,14000000.0,344775000.0,274275000.0,0.0,260000000.0,0.0,0.0,0.0,0.0,0.0,0.0,252727273.0,0.0,0.0,0.0,0.0,804353204.0,450112776.0,987686046.0,856012345.0,541879585.0,730542514.0,1762862166.0,2381511554.0,976989405.0,1799960550.0,2546923793.0,3538396404.0,1343070442.0,850155406.0,1454054909.0,1965510516.0,2739050440.0,2229217280.0,3346357342.0,3425132152.0,6018425167.0,3073647494.0,2818092123.0,3403819613.0,6842761647.0,7472464812.0,351887388.0,15000000.0,15000000.0,50370362.0,15000000.0,15000000.0
8. Phải trả nội bộ ngắn hạn,0.0,0.0,0.0,0.0,0.0,,,0.0,0.0,0.0,0.0,0.0,0.0,0.0,0.0,0.0,0.0,0.0,0.0,0.0,0.0,0.0,0.0,0.0,0.0,0.0,0.0,0.0,0.0,0.0,0.0,0.0,0.0,0.0,0.0,0.0,0.0,0.0,0.0,0.0,0.0,0.0,0.0,0.0,0.0,0.0,0.0,0.0,0.0,0.0,0.0,0.0,0.0,0.0,0.0,0.0,0.0,0.0,0.0,0.0,0.0,0.0,0.0,0.0,0.0,0.0,0.0,0.0,0.0
9. Phải trả theo tiến độ kế hoạch hợp đồng xây dựng,0.0,0.0,0.0,0.0,0.0,,,0.0,0.0,0.0,0.0,0.0,0.0,0.0,0.0,0.0,0.0,0.0,0.0,0.0,0.0,0.0,0.0,0.0,0.0,0.0,0.0,0.0,0.0,0.0,0.0,0.0,0.0,0.0,0.0,0.0,0.0,0.0,0.0,0.0,0.0,0.0,0.0,0.0,0.0,0.0,0.0,0.0,0.0,0.0,0.0,0.0,0.0,0.0,0.0,0.0,0.0,0.0,0.0,0.0,0.0,0.0,0.0,0.0,0.0,0.0,0.0,0.0,0.0
10. Doanh thu chưa thực hiện ngắn hạn,0.0,0.0,0.0,0.0,0.0,,,0.0,0.0,0.0,0.0,0.0,0.0,0.0,0.0,0.0,0.0,0.0,0.0,0.0,0.0,0.0,0.0,0.0,0.0,0.0,0.0,0.0,0.0,0.0,0.0,0.0,0.0,0.0,0.0,744252970.0,10824197.0,0.0,0.0,0.0,0.0,0.0,0.0,0.0,0.0,723000000.0,0.0,1140000000.0,173610767.0,1375925067.0,315186323.0,1421709115.0,256898508.0,1389468938.0,221762763.0,198147755.0,152972944.0,131555011.0,119421242.0,702031739.0,111122648.0,695927119.0,103742579.0,101370951.0,0.0,0.0,0.0,0.0,0.0
11. Phải trả ngắn hạn khác,957261173.0,521164706.0,749275298.0,596692781.0,8150893787.0,,,2609001377.0,2183882305.0,2058875873.0,1508947420.0,6098816261.0,1898629355.0,14751256933.0,3316481559.0,3225019469.0,3088648091.0,2149824307.0,6452654807.0,3239987456.0,2948746883.0,1507647365.0,1873335102.0,2125908845.0,1625750845.0,1822590278.0,1757974577.0,3732685410.0,2508881577.0,3712900945.0,2740126909.0,3111647489.0,3315753232.0,4840518682.0,6074539639.0,3200542747.0,2905422813.0,4718780288.0,4482583379.0,4109481664.0,3477724807.0,4546986671.0,3885316609.0,5232651838.0,6265838106.0,5035848141.0,5858878367.0,4989241033.0,42515314933.0,7647819884.0,10769730028.0,7276749054.0,6244999202.0,5985694785.0,6581254879.0,20964739191.0,6369942169.0,8605406581.0,5055425656.0,6472143451.0,14501511110.0,6033724951.0,7572592179.0,1462837390.0,73999612.0,73999612.0,217109346.0,81999612.0,87439612.0
12. Dự phòng phải trả ngắn hạn,0.0,0.0,0.0,0.0,0.0,,,0.0,0.0,0.0,0.0,0.0,0.0,0.0,0.0,0.0,0.0,0.0,0.0,0.0,0.0,0.0,0.0,0.0,0.0,0.0,0.0,0.0,0.0,0.0,0.0,0.0,0.0,0.0,0.0,0.0,0.0,0.0,0.0,0.0,0.0,0.0,0.0,0.0,0.0,0.0,0.0,0.0,0.0,0.0,0.0,0.0,0.0,0.0,0.0,0.0,0.0,0.0,0.0,0.0,0.0,0.0,0.0,0.0,0.0,0.0,0.0,0.0,0.0
13. Quỹ khen thưởng phúc lợi,975530022.0,1975530022.0,1683830033.0,1848404671.0,1821004671.0,1810999672.0,3077395567.0,3077395567.0,3077395567.0,2973798152.0,4336437167.0,5186419963.0,5108889643.0,5108889643.0,4870705643.0,4870705643.0,4870705643.0,4870705643.0,4705300643.0,4705300643.0,4705300643.0,4705300643.0,4705300643.0,4705300643.0,4501940643.0,4501940643.0,4141542723.0,3893479723.0,3893479723.0,3664392723.0,3664392723.0,3664392723.0,3664392723.0,3664392723.0,3664392723.0,3664392723.0,3664392723.0,3664392723.0,3664392723.0,3664392723.0,3664392723.0,3664392723.0,3664392723.0,3664392723.0,3664392723.0,3664392723.0,3664392723.0,3664392723.0,3664392723.0,3664392723.0,3664392723.0,3664392723.0,3664392723.0,3664392723.0,3664392723.0,3664392723.0,3664392723.0,3664392723.0,3664392723.0,3664392723.0,3664392723.0,3664392723.0,3664392723.0,3664392723.0,3664392723.0,3664392723.0,3664392723.0,3664392723.0,3664392723.0
14. Quỹ bình ổn giá,0.0,0.0,0.0,0.0,0.0,,,0.0,0.0,0.0,0.0,0.0,0.0,0.0,0.0,0.0,0.0,0.0,0.0,0.0,0.0,0.0,0.0,0.0,0.0,0.0,0.0,0.0,0.0,0.0,0.0,0.0,0.0,0.0,0.0,0.0,0.0,0.0,0.0,0.0,0.0,0.0,0.0,0.0,0.0,0.0,0.0,0.0,0.0,0.0,0.0,0.0,0.0,0.0,0.0,0.0,0.0,0.0,0.0,0.0,0.0,0.0,0.0,0.0,0.0,0.0,0.0,0.0,0.0
15. Giao dịch mua bán lại trái phiếu chính phủ,0.0,0.0,0.0,0.0,0.0,,,0.0,0.0,0.0,0.0,0.0,0.0,0.0,0.0,0.0,0.0,0.0,0.0,0.0,0.0,0.0,0.0,0.0,0.0,0.0,0.0,0.0,0.0,0.0,0.0,0.0,0.0,0.0,0.0,0.0,0.0,0.0,0.0,0.0,0.0,0.0,0.0,0.0,0.0,0.0,0.0,0.0,0.0,0.0,0.0,0.0,0.0,0.0,0.0,0.0,0.0,0.0,0.0,0.0,0.0,0.0,0.0,0.0,0.0,0.0,0.0,0.0,0.0
II. Nợ dài hạn,0.0,0.0,76031460.0,76031460.0,76031460.0,84011130.0,387624630.0,387624630.0,87624630.0,112485930.0,75825930.0,0.0,0.0,0.0,4530100.0,1085673550.0,1094846850.0,1362018015.0,1545088397.0,1835090017.0,1844277109.0,2634243344.0,1626981495.0,1700619911.0,1105921827.0,1681889720.0,1099837136.0,1677698552.0,1097741552.0,1677000024.0,1095645968.0,1786556856.0,1090756272.0,1783064216.0,1083771000.0,1764222785.0,1764222785.0,1335317437.0,1322810563.0,1126294231.0,1112953576.0,1402290956.0,1451536395.0,1682662756.0,1745073582.0,1746780971.0,1840351679.0,1784621790.0,1870520431.0,1960579604.0,2020096814.0,1559538646.0,1242861727.0,1126112328.0,1363360400.0,1723201840.0,1692766649.0,2883771000.0,4633771000.0,4716453395.0,5221326596.0,5140329608.0,5033570712.0,4633771000.0,4633771000.0,0.0,0.0,0.0,0.0
1. Phải trả người bán dài hạn,0.0,0.0,0.0,0.0,0.0,,,0.0,0.0,0.0,0.0,0.0,0.0,0.0,0.0,0.0,0.0,0.0,0.0,0.0,0.0,0.0,0.0,0.0,0.0,0.0,0.0,0.0,0.0,0.0,0.0,0.0,0.0,0.0,0.0,0.0,0.0,0.0,0.0,0.0,0.0,0.0,0.0,0.0,0.0,0.0,0.0,0.0,0.0,0.0,0.0,0.0,0.0,0.0,0.0,0.0,0.0,0.0,0.0,0.0,0.0,0.0,0.0,0.0,0.0,0.0,0.0,0.0,0.0
2. Chi phí phải trả dài hạn,0.0,0.0,0.0,0.0,0.0,,,0.0,0.0,0.0,0.0,0.0,0.0,0.0,0.0,0.0,0.0,0.0,0.0,0.0,0.0,0.0,0.0,0.0,0.0,0.0,0.0,0.0,0.0,0.0,0.0,0.0,0.0,0.0,0.0,0.0,0.0,0.0,0.0,0.0,0.0,0.0,0.0,0.0,0.0,0.0,0.0,0.0,0.0,0.0,0.0,0.0,0.0,0.0,0.0,0.0,0.0,0.0,0.0,0.0,0.0,0.0,0.0,0.0,0.0,0.0,0.0,0.0,0.0
3. Phải trả nội bộ về vốn kinh doanh,0.0,0.0,0.0,0.0,0.0,,,0.0,0.0,0.0,0.0,0.0,0.0,0.0,0.0,0.0,0.0,0.0,0.0,0.0,0.0,0.0,0.0,0.0,0.0,0.0,0.0,0.0,0.0,0.0,0.0,0.0,0.0,0.0,0.0,0.0,0.0,0.0,0.0,0.0,0.0,0.0,0.0,0.0,0.0,0.0,0.0,0.0,0.0,0.0,0.0,0.0,0.0,0.0,0.0,0.0,0.0,0.0,0.0,0.0,0.0,0.0,0.0,0.0,0.0,0.0,0.0,0.0,0.0
4. Phải trả nội bộ dài hạn,0.0,0.0,0.0,0.0,0.0,,,0.0,0.0,0.0,0.0,0.0,0.0,0.0,0.0,0.0,0.0,0.0,0.0,0.0,0.0,0.0,0.0,0.0,0.0,0.0,0.0,0.0,0.0,0.0,0.0,0.0,0.0,0.0,0.0,0.0,0.0,0.0,0.0,0.0,0.0,0.0,0.0,0.0,0.0,0.0,0.0,0.0,0.0,0.0,0.0,0.0,0.0,0.0,0.0,0.0,0.0,0.0,0.0,0.0,0.0,0.0,0.0,0.0,0.0,0.0,0.0,0.0,0.0
5. Phải trả dài hạn khác,0.0,0.0,0.0,0.0,0.0,,,300000000.0,0.0,0.0,0.0,0.0,0.0,0.0,4530100.0,1085673550.0,1083771000.0,1083771000.0,1083771000.0,1083771000.0,1083771000.0,1083771000.0,1083771000.0,1083771000.0,1083771000.0,1083771000.0,1083771000.0,1083771000.0,1083771000.0,1083771000.0,1083771000.0,1083771000.0,1083771000.0,1083771000.0,1083771000.0,1083771000.0,1083771000.0,0.0,1083771000.0,1083771000.0,1083771000.0,1083771000.0,1083771000.0,1083771000.0,1083771000.0,56465734.0,1083771000.0,1083771000.0,1083771000.0,1083771000.0,1083771000.0,1083771000.0,1083771000.0,1083771000.0,1083771000.0,1083771000.0,1083771000.0,2883771000.0,4633771000.0,4633771000.0,4633771000.0,4633771000.0,4633771000.0,4633771000.0,4633771000.0,0.0,0.0,0.0,0.0
6. Vay và nợ thuê tài chính dài hạn,0.0,0.0,0.0,0.0,0.0,,,0.0,0.0,0.0,0.0,0.0,0.0,0.0,0.0,0.0,0.0,0.0,0.0,0.0,0.0,0.0,0.0,0.0,0.0,0.0,0.0,0.0,0.0,0.0,0.0,0.0,0.0,0.0,0.0,0.0,0.0,1083771000.0,0.0,0.0,0.0,0.0,0.0,0.0,0.0,1083771000.0,0.0,0.0,0.0,0.0,0.0,0.0,0.0,0.0,0.0,0.0,0.0,0.0,0.0,0.0,0.0,0.0,0.0,0.0,0.0,0.0,0.0,0.0,0.0
7. Trái phiếu chuyển đổi,0.0,0.0,0.0,0.0,0.0,,,0.0,0.0,0.0,0.0,0.0,0.0,0.0,0.0,0.0,0.0,0.0,0.0,0.0,0.0,0.0,0.0,0.0,0.0,0.0,0.0,0.0,0.0,0.0,0.0,0.0,0.0,0.0,0.0,0.0,0.0,0.0,0.0,0.0,0.0,0.0,0.0,0.0,0.0,0.0,0.0,0.0,0.0,0.0,0.0,0.0,0.0,0.0,0.0,0.0,0.0,0.0,0.0,0.0,0.0,0.0,0.0,0.0,0.0,0.0,0.0,0.0,0.0
8. Thuế thu nhập hoãn lại phải trả,0.0,0.0,0.0,0.0,0.0,,,0.0,0.0,0.0,0.0,0.0,0.0,0.0,0.0,0.0,0.0,0.0,186070382.0,570792502.0,636407674.0,721687150.0,504223000.0,0.0,0.0,0.0,0.0,0.0,0.0,0.0,0.0,0.0,0.0,0.0,0.0,680451785.0,680451785.0,174837758.0,174837758.0,0.0,0.0,300176654.0,300176654.0,496931297.0,581326978.0,606544237.0,631906872.0,611544445.0,714100553.0,823807999.0,893108180.0,441375775.0,134037484.0,23890874.0,264810460.0,639430840.0,608995649.0,0.0,0.0,82682395.0,587555596.0,506558608.0,399799712.0,0.0,0.0,0.0,0.0,0.0,0.0
9. Dự phòng trợ cấp mất việc làm,0.0,0.0,76031460.0,76031460.0,76031460.0,,,87624630.0,87624630.0,112485930.0,75825930.0,0.0,0.0,0.0,0.0,0.0,0.0,271647015.0,271647015.0,179026515.0,105353515.0,230488024.0,14539023.0,14539023.0,1893523.0,0.0,0.0,0.0,0.0,0.0,0.0,0.0,0.0,0.0,0.0,0.0,0.0,0.0,0.0,0.0,0.0,0.0,0.0,0.0,0.0,0.0,0.0,0.0,0.0,0.0,0.0,0.0,0.0,0.0,0.0,0.0,0.0,0.0,0.0,0.0,0.0,0.0,0.0,0.0,0.0,0.0,0.0,0.0,0.0
10. Dự phòng phải trả dài hạn,0.0,0.0,0.0,0.0,0.0,,,0.0,0.0,0.0,0.0,0.0,0.0,0.0,0.0,0.0,0.0,0.0,0.0,0.0,0.0,0.0,0.0,0.0,0.0,0.0,0.0,0.0,0.0,0.0,0.0,0.0,0.0,0.0,0.0,0.0,0.0,0.0,0.0,0.0,0.0,0.0,0.0,0.0,0.0,0.0,0.0,0.0,0.0,0.0,0.0,0.0,0.0,0.0,0.0,0.0,0.0,0.0,0.0,0.0,0.0,0.0,0.0,0.0,0.0,0.0,0.0,0.0,0.0
11. Doanh thu chưa thực hiện dài hạn,0.0,0.0,0.0,0.0,0.0,,,0.0,0.0,0.0,0.0,0.0,0.0,0.0,0.0,0.0,11075850.0,6600000.0,3600000.0,1500000.0,18744920.0,598297170.0,24448472.0,602309888.0,20257304.0,598118720.0,16066136.0,593927552.0,13970552.0,593229024.0,11874968.0,702785856.0,6985272.0,699293216.0,0.0,0.0,0.0,76708679.0,64201805.0,42523231.0,29182576.0,18343302.0,67588741.0,101960459.0,79975604.0,0.0,124673807.0,89306345.0,72648878.0,53000605.0,43217634.0,34391871.0,25053243.0,18450454.0,14778940.0,0.0,0.0,0.0,0.0,0.0,0.0,0.0,0.0,0.0,0.0,0.0,0.0,0.0,0.0
12. Quỹ phát triển khoa học và công nghệ,0.0,0.0,0.0,0.0,0.0,,,0.0,0.0,0.0,0.0,0.0,0.0,0.0,0.0,0.0,0.0,0.0,0.0,0.0,0.0,0.0,0.0,0.0,0.0,0.0,0.0,0.0,0.0,0.0,0.0,0.0,0.0,0.0,0.0,0.0,0.0,0.0,0.0,0.0,0.0,0.0,0.0,0.0,0.0,0.0,0.0,0.0,0.0,0.0,0.0,0.0,0.0,0.0,0.0,0.0,0.0,0.0,0.0,0.0,0.0,0.0,0.0,0.0,0.0,0.0,0.0,0.0,0.0
B. Nguồn vốn chủ sở hữu,43262879551.0,44229085849.0,52397225794.0,128409555645.0,140298716109.0,121496448409.0,160893545687.0,177786149842.0,183523174928.0,176056073898.0,184735149781.0,194655576895.0,228708160598.0,250176935837.0,258343532593.0,261909204948.0,265020798637.0,263958922692.0,262502601149.0,270825534152.0,263825350494.0,272297478982.0,270517757689.0,268904447269.0,274621972361.0,261077187932.0,274707685888.0,283209176635.0,288213444598.0,294942303589.0,303281583114.0,305372706709.0,318846434095.0,335570929490.0,342327694178.0,348389919599.0,359096766712.0,372999428559.0,365229829654.0,379825073514.0,346716261369.0,337310882500.0,337493720269.0,338407396469.0,338240592477.0,340097887542.0,348811914729.0,365815369093.0,333377831565.0,333521900486.0,346187465387.0,341116925112.0,353111088712.0,344749579524.0,356573323524.0,341016544757.0,347836981253.0,326373807133.0,336411358134.0,334839984391.0,339166050990.0,326902165898.0,333008321475.0,517742342259.0,267215534672.0,270531200150.0,329494950393.0,270737966399.0,271225873807.0
I. Vốn chủ sở hữu,43262879551.0,44229085849.0,52397225794.0,128409555645.0,140298716109.0,121496448409.0,160893545687.0,177786149842.0,183523174928.0,176056073898.0,184735149781.0,194655576895.0,228708160598.0,250176935837.0,258343532593.0,261909204948.0,265020798637.0,263958922692.0,262502601149.0,270825534152.0,263825350494.0,272297478982.0,270517757689.0,268904447269.0,274621972361.0,261077187932.0,274707685888.0,283209176635.0,288213444598.0,294942303589.0,303281583114.0,305372706709.0,318846434095.0,335570929490.0,342327694178.0,348389919599.0,359096766712.0,372999428559.0,365229829654.0,379825073514.0,346716261369.0,337310882500.0,337493720269.0,338407396469.0,338240592477.0,340097887542.0,348811914729.0,365815369093.0,333377831565.0,333521900486.0,346187465387.0,341116925112.0,353111088712.0,344749579524.0,356573323524.0,341016544757.0,347836981253.0,326373807133.0,336411358134.0,334839984391.0,339166050990.0,326902165898.0,333008321475.0,517742342259.0,267215534672.0,270531200150.0,329494950393.0,270737966399.0,271225873807.0
1. Vốn đầu tư của chủ sở hữu,33880000000.0,33880000000.0,33880000000.0,81312000000.0,82000000000.0,82000000000.0,82000000000.0,82000000000.0,90182670000.0,90182670000.0,90182670000.0,90182670000.0,94660280000.0,104063570000.0,104063570000.0,104063570000.0,119579020000.0,119579020000.0,119579020000.0,119579020000.0,136002239199.0,119579020000.0,119579020000.0,119579020000.0,119579020000.0,119579020000.0,119579020000.0,119579020000.0,119579020000.0,125525230000.0,125525230000.0,125525230000.0,138013850000.0,138013850000.0,138013850000.0,138013850000.0,165492090000.0,165492090000.0,165492090000.0,197855490000.0,197855490000.0,197855490000.0,197855490000.0,257209020000.0,257209020000.0,257209020000.0,257209020000.0,257209020000.0,257209020000.0,257209020000.0,257209020000.0,257209020000.0,257209020000.0,257209020000.0,257209020000.0,257209020000.0,257209020000.0,257209020000.0,257209020000.0,257209020000.0,257209020000.0,257209020000.0,257209020000.0,257209020000.0,257209020000.0,257209020000.0,257209020000.0,257209020000.0,257209020000.0
2. Thặng dư vốn cổ phần,0.0,0.0,0.0,163300000.0,2572620000.0,2572620000.0,2572620000.0,2572620000.0,2572620000.0,2572620000.0,2572620000.0,2572620000.0,2572620000.0,2572620000.0,2572620000.0,2572620000.0,2572620000.0,2572620000.0,2572620000.0,2572620000.0,2572620000.0,2572620000.0,2572620000.0,2572620000.0,2572620000.0,2572620000.0,2572620000.0,2572620000.0,2572620000.0,2572620000.0,2572620000.0,2572620000.0,2572620000.0,2572620000.0,2572620000.0,2572620000.0,2572620000.0,2572620000.0,2572620000.0,0.0,0.0,0.0,0.0,0.0,0.0,0.0,0.0,0.0,0.0,0.0,0.0,0.0,0.0,0.0,0.0,0.0,0.0,0.0,0.0,0.0,0.0,0.0,0.0,0.0,0.0,0.0,0.0,0.0,0.0
3. Quyền chọn chuyển đổi trái phiếu,0.0,0.0,0.0,0.0,0.0,0.0,0.0,0.0,0.0,0.0,0.0,0.0,0.0,0.0,0.0,0.0,0.0,0.0,0.0,0.0,0.0,0.0,0.0,0.0,0.0,0.0,0.0,0.0,0.0,0.0,0.0,0.0,0.0,0.0,0.0,0.0,0.0,0.0,0.0,0.0,0.0,0.0,0.0,0.0,0.0,0.0,0.0,0.0,0.0,0.0,0.0,0.0,0.0,0.0,0.0,0.0,0.0,0.0,0.0,0.0,0.0,0.0,0.0,0.0,0.0,0.0,0.0,0.0,0.0
4. Vốn khác của chủ sở hữu,0.0,0.0,0.0,0.0,0.0,0.0,0.0,0.0,0.0,0.0,0.0,0.0,0.0,0.0,0.0,0.0,0.0,0.0,0.0,0.0,0.0,0.0,0.0,0.0,0.0,0.0,0.0,0.0,0.0,0.0,0.0,0.0,0.0,0.0,0.0,0.0,0.0,0.0,0.0,0.0,0.0,0.0,0.0,0.0,0.0,0.0,0.0,0.0,0.0,0.0,0.0,0.0,0.0,0.0,0.0,0.0,0.0,0.0,0.0,0.0,0.0,0.0,0.0,0.0,0.0,0.0,0.0,0.0,0.0
5. Cổ phiếu quỹ,0.0,0.0,0.0,0.0,0.0,0.0,0.0,-987390840.0,-2206190840.0,-2206190840.0,-2206190840.0,-2206190840.0,-2206190840.0,-2206190840.0,-2206190840.0,-2206190840.0,-2206190840.0,-2206190840.0,-2206190840.0,-2206190840.0,-2206190840.0,-2206190840.0,-2206190840.0,-2206190840.0,-2206190840.0,-2206190810.0,-2206190840.0,-2206190840.0,-2206190840.0,-2206190840.0,-2206190840.0,-2206190840.0,-2206190840.0,-2206190840.0,-2206190840.0,-2206190840.0,-2206190840.0,-2206190840.0,-2206190840.0,0.0,0.0,0.0,0.0,0.0,0.0,0.0,0.0,0.0,0.0,0.0,0.0,0.0,0.0,0.0,0.0,0.0,0.0,0.0,0.0,0.0,0.0,0.0,0.0,0.0,0.0,0.0,0.0,0.0,0.0
6. Chênh lệch đánh giá lại tài sản,0.0,0.0,0.0,0.0,0.0,0.0,0.0,0.0,0.0,0.0,0.0,0.0,0.0,0.0,0.0,0.0,0.0,0.0,0.0,0.0,0.0,0.0,0.0,0.0,0.0,0.0,0.0,0.0,0.0,0.0,0.0,0.0,0.0,0.0,0.0,0.0,0.0,0.0,0.0,0.0,0.0,0.0,0.0,0.0,0.0,0.0,0.0,0.0,0.0,0.0,0.0,0.0,0.0,0.0,0.0,0.0,0.0,0.0,0.0,0.0,0.0,0.0,0.0,0.0,0.0,0.0,0.0,0.0,0.0
7. Chênh lệch tỷ giá hối đoái,0.0,0.0,0.0,0.0,0.0,0.0,0.0,0.0,0.0,0.0,0.0,0.0,0.0,0.0,0.0,0.0,0.0,0.0,0.0,0.0,0.0,180797469.0,0.0,0.0,0.0,0.0,0.0,0.0,0.0,0.0,0.0,0.0,0.0,0.0,0.0,0.0,0.0,0.0,0.0,0.0,0.0,0.0,0.0,0.0,0.0,0.0,0.0,0.0,0.0,0.0,0.0,0.0,0.0,0.0,0.0,0.0,0.0,0.0,0.0,0.0,0.0,0.0,0.0,0.0,0.0,0.0,0.0,0.0,0.0
8. Quỹ đầu tư phát triển,603109355.0,603109355.0,0.0,0.0,0.0,0.0,0.0,1389495895.0,1389495895.0,1389495895.0,3025978746.0,3880961542.0,3880961542.0,3880961542.0,3880961542.0,3880961542.0,3880961542.0,3880961542.0,3880961542.0,3880961542.0,3880961542.0,3880961542.0,3880961542.0,3880961542.0,3880961542.0,3880961512.0,3880961542.0,3880961542.0,3880961542.0,3880961542.0,3880961542.0,3880961542.0,3880961542.0,3880961542.0,0.0,17682346542.0,17682346542.0,17682346542.0,17682346542.0,0.0,0.0,0.0,0.0,0.0,0.0,0.0,0.0,0.0,0.0,0.0,0.0,0.0,0.0,0.0,0.0,0.0,0.0,0.0,0.0,0.0,0.0,0.0,0.0,0.0,0.0,0.0,0.0,0.0,0.0
9. Quỹ dự phòng tài chính,975530022.0,1945976494.0,1945976494.0,3607225794.0,3607225794.0,0.0,0.0,4996721689.0,4851574485.0,4851574485.0,6488057336.0,7343040132.0,7343040132.0,10297150712.0,10297150712.0,10297150712.0,10297150712.0,11957902000.0,11957902000.0,11957902000.0,-4465317199.0,11957902000.0,11957902000.0,11957902000.0,11957902000.0,11957902000.0,11957902000.0,11957902000.0,11957902000.0,12552523000.0,12552523000.0,12552523000.0,13801385000.0,13801385000.0,17682346542.0,0.0,0.0,0.0,0.0,0.0,0.0,0.0,0.0,0.0,0.0,0.0,0.0,0.0,0.0,0.0,0.0,0.0,0.0,0.0,0.0,0.0,0.0,0.0,0.0,0.0,0.0,0.0,0.0,0.0,0.0,0.0,0.0,0.0,0.0
10. Quỹ khác thuộc vốn chủ sở hữu,0.0,0.0,0.0,0.0,0.0,3607225794.0,6386217584.0,0.0,0.0,0.0,0.0,0.0,0.0,0.0,0.0,0.0,0.0,0.0,0.0,0.0,0.0,0.0,0.0,0.0,0.0,0.0,0.0,0.0,0.0,0.0,0.0,0.0,0.0,0.0,47233785122.0,0.0,0.0,0.0,0.0,0.0,0.0,0.0,0.0,0.0,0.0,0.0,0.0,0.0,0.0,0.0,0.0,0.0,0.0,0.0,0.0,0.0,0.0,0.0,0.0,0.0,0.0,0.0,0.0,0.0,0.0,0.0,0.0,0.0,0.0
11. Lợi nhuận sau thuế chưa phân phối,7804240174.0,7800000000.0,16571249300.0,16419330209.0,25498352419.0,33316602615.0,42408683654.0,59342627866.0,59729152168.0,52060228843.0,56771688621.0,63368705079.0,80380050171.0,87772834914.0,99103837644.0,106311290539.0,93907434227.0,90642599623.0,87009251172.0,93485824526.0,88339591467.0,97232378841.0,95109169525.0,93583201142.0,102636437744.0,89395414810.0,102758408126.0,111102639107.0,117584728716.0,116948033373.0,123725569041.0,127083168305.0,125340447791.0,131967201205.0,139031283354.0,142098234308.0,126949570601.0,141078037016.0,128853867183.0,127129818857.0,94247471348.0,86481897610.0,85485185528.0,28736471020.0,29723425351.0,32232852340.0,39666764609.0,55456324925.0,24868070917.0,25591261473.0,38259010070.0,16568634466.0,28047108547.0,21697737088.0,32720294919.0,19077373196.0,25172296507.0,24287023132.0,30737031524.0,30490804973.0,36177764049.0,24175537934.0,29523446096.0,228155674850.0,10006514672.0,13322180150.0,1843009673.0,3406341546.0,3886860439.0
LNST chưa phân phối lũy kế đến cuối kỳ trước,,,,,,,,,,,,,,,,,,,,,,,,,,,,,,,,,,,,118226816204.0,114619994307.0,126949570601.0,124589828016.0,93786994717.0,87558720858.0,74461922348.0,86481897609.0,7342818609.0,28736471020.0,29723425351.0,32232852340.0,32232852340.0,16874971925.0,24868070917.0,25591261473.0,1159582121.0,16568634466.0,28047108547.0,21697737087.0,8837286088.0,19077373195.0,8837286087.0,6450008392.0,24287023132.0,30490804973.0,20745222850.0,24175537934.0,24175537934.0,7742439816.0,10006514672.0,1231766193.0,1231766193.0,1231766193.0
LNST chưa phân phối kỳ này,,,,,,,,,,,,,,,,,,,,,,,,,,,,,,,,,,,,23871418104.0,12329576294.0,14128466415.0,4264039167.0,33342824140.0,6688750490.0,12019975262.0,-996712081.0,21393652411.0,986954331.0,2509426989.0,7433912269.0,23223472585.0,7993098992.0,723190556.0,12667748597.0,15409052345.0,11478474081.0,-6349371459.0,11022557832.0,10240087108.0,6094923312.0,15449737045.0,24287023132.0,6203781841.0,5686959076.0,3430315084.0,5347908162.0,203980136916.0,2264074856.0,3315665478.0,611243480.0,2174575353.0,2655094246.0
12. Nguồn vốn đầu tư xây dựng cơ bản,0.0,0.0,0.0,0.0,0.0,0.0,0.0,0.0,0.0,0.0,0.0,0.0,0.0,0.0,0.0,0.0,0.0,0.0,0.0,0.0,0.0,0.0,0.0,0.0,0.0,0.0,0.0,0.0,0.0,0.0,0.0,0.0,0.0,0.0,0.0,0.0,0.0,0.0,0.0,0.0,0.0,0.0,0.0,0.0,0.0,0.0,0.0,0.0,0.0,0.0,0.0,0.0,0.0,0.0,0.0,0.0,0.0,0.0,0.0,0.0,0.0,0.0,0.0,0.0,0.0,0.0,0.0,0.0,0.0
13. Quỹ hỗ trợ sắp xếp doanh nghiệp,0.0,0.0,0.0,0.0,0.0,0.0,0.0,0.0,0.0,0.0,0.0,0.0,0.0,0.0,0.0,0.0,0.0,0.0,0.0,0.0,0.0,0.0,0.0,0.0,0.0,0.0,0.0,0.0,0.0,0.0,0.0,0.0,0.0,0.0,0.0,0.0,0.0,0.0,0.0,0.0,0.0,0.0,0.0,0.0,0.0,0.0,0.0,0.0,0.0,0.0,0.0,0.0,0.0,0.0,0.0,0.0,0.0,0.0,0.0,0.0,0.0,0.0,0.0,0.0,0.0,0.0,0.0,0.0,0.0
14. Lợi ích của cổ đông không kiểm soát,0.0,0.0,0.0,26907699642.0,26620517896.0,0.0,27526024449.0,28472075232.0,27003853220.0,27205675515.0,27900325918.0,29513770982.0,42077399593.0,43795989509.0,40631583535.0,36989802995.0,36989802996.0,37532010367.0,39709037275.0,41555396924.0,39701446325.0,39099989970.0,39624275462.0,39536933425.0,36201221915.0,35897460420.0,36164965060.0,36322224826.0,34844403180.0,35669126514.0,37230870371.0,35964394702.0,37443360602.0,47541102583.0,0.0,50229059589.0,48606330409.0,48380525841.0,52835096769.0,54839764657.0,54613300021.0,52973494890.0,54153044741.0,52461905449.0,51308147126.0,50656015202.0,51936130120.0,53150024168.0,51300740648.0,50721619013.0,50719435317.0,67339270646.0,67854960165.0,65842822436.0,66644008605.0,64730151561.0,65455664746.0,44877764001.0,48465306610.0,47140159418.0,45779266941.0,45517607964.0,46275855379.0,32377647409.0,0.0,0.0,70442920720.0,10122604853.0,10129993368.0
II. Nguồn kinh phí và quỹ khác,0.0,0.0,0.0,0.0,0.0,0.0,0.0,0.0,0.0,0.0,0.0,0.0,0.0,0.0,0.0,0.0,0.0,0.0,0.0,0.0,0.0,0.0,0.0,0.0,0.0,0.0,0.0,0.0,0.0,0.0,0.0,0.0,0.0,0.0,0.0,0.0,0.0,0.0,0.0,0.0,0.0,0.0,0.0,0.0,0.0,0.0,0.0,0.0,0.0,0.0,0.0,0.0,0.0,0.0,0.0,0.0,0.0,0.0,0.0,0.0,0.0,0.0,0.0,0.0,0.0,0.0,0.0,0.0,0.0
1. Nguồn kinh phí ,0.0,0.0,0.0,0.0,0.0,0.0,0.0,0.0,0.0,0.0,0.0,0.0,0.0,0.0,0.0,0.0,0.0,0.0,0.0,0.0,0.0,0.0,0.0,0.0,0.0,0.0,0.0,0.0,0.0,0.0,0.0,0.0,0.0,0.0,0.0,0.0,0.0,0.0,0.0,0.0,0.0,0.0,0.0,0.0,0.0,0.0,0.0,0.0,0.0,0.0,0.0,0.0,0.0,0.0,0.0,0.0,0.0,0.0,0.0,0.0,0.0,0.0,0.0,0.0,0.0,0.0,0.0,0.0,0.0
2. Nguồn kinh phí đã hình thành tài sản cố định,0.0,0.0,0.0,0.0,0.0,0.0,0.0,0.0,0.0,0.0,0.0,0.0,0.0,0.0,0.0,0.0,0.0,0.0,0.0,0.0,0.0,0.0,0.0,0.0,0.0,0.0,0.0,0.0,0.0,0.0,0.0,0.0,0.0,0.0,0.0,0.0,0.0,0.0,0.0,0.0,0.0,0.0,0.0,0.0,0.0,0.0,0.0,0.0,0.0,0.0,0.0,0.0,0.0,0.0,0.0,0.0,0.0,0.0,0.0,0.0,0.0,0.0,0.0,0.0,0.0,0.0,0.0,0.0,0.0
3. Quỹ dự phòng trợ cấp mất việc làm,0.0,0.0,0.0,0.0,0.0,0.0,0.0,0.0,0.0,0.0,0.0,0.0,0.0,0.0,0.0,0.0,0.0,0.0,0.0,0.0,0.0,0.0,0.0,0.0,0.0,0.0,0.0,0.0,0.0,0.0,0.0,0.0,0.0,0.0,0.0,0.0,0.0,0.0,0.0,0.0,0.0,0.0,0.0,0.0,0.0,0.0,0.0,0.0,0.0,0.0,0.0,0.0,0.0,0.0,0.0,0.0,0.0,0.0,0.0,0.0,0.0,0.0,0.0,0.0,0.0,0.0,0.0,0.0,0.0
TỔNG CỘNG NGUỒN VỐN,126835851873.0,97692793852.0,120702255540.0,212874856193.0,233954877183.0,259747039634.0,245761055991.0,269164274904.0,257091171799.0,264072983513.0,235844895877.0,244833077459.0,279631909144.0,325134327646.0,288012331945.0,311621650134.0,321598604010.0,352824232811.0,320072958068.0,316058029349.0,311741879337.0,323914949449.0,318207320213.0,319248641670.0,328819470264.0,310071500386.0,325863562423.0,344502599192.0,341961121963.0,353956968330.0,338906336579.0,339277077390.0,371016823645.0,388673292070.0,409724979786.0,384750307718.0,405642362489.0,440888061284.0,428765035901.0,433031280519.0,409975799777.0,409063180177.0,437894655153.0,487822963344.0,446382552513.0,470487336544.0,456941115171.0,458005813056.0,454108694451.0,451721245570.0,468944523943.0,492544198737.0,439384839833.0,475034324042.0,459183019928.0,416225516072.0,442765587944.0,535571924695.0,451393470601.0,408112661044.0,397308173037.0,472991872695.0,428091460866.0,630105913720.0,276301356434.0,309921704172.0,394082553731.0,275643723687.0,275738966381.0
