tradingTime,lastPrice
2023-12-19,18.2
2023-12-18,18.3
2023-12-15,18.35
2023-12-14,18.3
2023-12-13,18.35
2023-12-12,18.65
2023-12-11,18.85
2023-12-08,18.8
2023-12-07,18.5
2023-12-06,18.3
2023-12-05,18.95
2023-12-04,19.75
2023-12-01,19.35
2023-11-30,19.5
2023-11-29,19.9
2023-11-28,18.8
2023-11-27,17.6
2023-11-24,18.0
2023-11-23,18.4
2023-11-22,19.15
2023-11-21,19.4
2023-11-20,19.0
2023-11-17,18.6
2023-11-16,19.45
2023-11-15,18.9
2023-11-14,18.4
2023-11-13,17.2
2023-11-10,17.2
2023-11-09,17.1
2023-11-08,17.35
2023-11-07,17.4
2023-11-06,17.45
2023-11-03,17.45
2023-11-02,17.5
2023-11-01,17.0
2023-10-31,17.0
2023-10-30,17.0
2023-10-27,17.25
2023-10-26,17.0
2023-10-25,17.1
2023-10-24,17.5
2023-10-23,17.8
2023-10-20,17.85
2023-10-19,17.3
2023-10-18,17.0
2023-10-17,17.6
2023-10-16,17.6
2023-10-13,17.9
2023-10-12,18.0
2023-10-11,17.7
2023-10-10,17.6
2023-10-09,17.35
2023-10-06,17.4
2023-10-05,17.5
2023-10-04,17.5
2023-10-03,17.4
2023-10-02,17.9
2023-09-29,17.85
2023-09-28,17.7
2023-09-27,17.9
2023-09-26,18.3
2023-09-25,18.45
2023-09-22,19.0
2023-09-21,19.35
2023-09-20,18.3
2023-09-19,19.45
2023-09-18,20.9
2023-09-15,21.95
2023-09-14,21.95
2023-09-13,21.65
2023-09-12,21.45
2023-09-11,21.6
2023-09-08,21.8
2023-09-07,21.8
2023-09-06,21.75
2023-09-05,21.85
2023-08-31,21.95
2023-08-30,21.6
2023-08-29,21.6
2023-08-28,21.6
2023-08-25,21.35
2023-08-24,21.15
2023-08-23,21.6
2023-08-22,22.0
2023-08-21,22.6
2023-08-18,21.15
2023-08-17,22.65
2023-08-16,22.8
2023-08-15,22.8
2023-08-14,23.1
2023-08-11,22.95
2023-08-10,22.95
2023-08-09,23.4
2023-08-08,23.7
2023-08-07,23.1
2023-08-04,22.1
2023-08-03,22.2
2023-08-02,22.75
2023-08-01,23.25
2023-07-31,23.9
2023-07-28,23.4
2023-07-27,23.8
2023-07-26,24.8
2023-07-25,24.9
2023-07-24,24.8
2023-07-21,24.55
2023-07-20,24.95
2023-07-19,24.95
2023-07-18,24.9
2023-07-17,24.75
2023-07-14,25.5
2023-07-13,24.8
2023-07-12,24.7
2023-07-11,24.9
2023-07-10,24.7
2023-07-07,24.8
2023-07-06,24.5
2023-07-05,24.8
2023-07-04,24.4
2023-07-03,25.3
2023-06-30,25.7
2023-06-29,26.3
2023-06-28,25.0
2023-06-27,25.85
2023-06-26,27.75
2023-06-23,29.8
2023-06-22,28.7
2023-06-21,26.85
2023-06-20,25.1
2023-06-19,24.35
2023-06-16,24.75
2023-06-15,24.95
2023-06-14,25.75
2023-06-13,24.35
2023-06-12,22.8
2023-06-09,23.0
2023-06-08,23.95
2023-06-07,24.25
2023-06-06,24.55
2023-06-05,24.4
2023-06-02,24.55
2023-06-01,25.0
2023-05-31,24.0
2023-05-30,23.5
2023-05-29,23.4
2023-05-26,23.2
2023-05-25,24.2
2023-05-24,23.15
2023-05-23,21.65
2023-05-22,20.25
2023-05-19,19.9
2023-05-18,18.6
2023-05-17,17.4
2023-05-16,18.6
2023-05-15,18.55
2023-05-12,18.8
2023-05-11,18.8
2023-05-10,17.6
2023-05-09,16.45
2023-05-08,15.4
2023-05-05,15.35
2023-05-04,15.4
2023-04-28,15.7
2023-04-27,15.2
2023-04-26,15.4
2023-04-25,15.3
2023-04-24,15.9
2023-04-21,15.6
2023-04-20,15.6
2023-04-19,15.6
2023-04-18,15.75
2023-04-17,15.7
2023-04-14,15.8
2023-04-13,16.2
2023-04-12,15.5
2023-04-11,15.9
2023-04-10,16.7
2023-04-07,17.05
2023-04-06,17.65
2023-04-05,17.45
2023-04-04,16.9
2023-04-03,17.0
2023-03-31,17.45
2023-03-30,18.35
2023-03-29,18.9
2023-03-28,18.9
2023-03-27,20.3
2023-03-24,20.3
2023-03-23,20.25
2023-03-22,21.75
2023-03-21,22.4
2023-03-20,22.35
2023-03-17,20.95
2023-03-16,19.6
2023-03-15,19.65
2023-03-14,19.3
2023-03-13,19.25
2023-03-10,18.35
2023-03-09,17.6
2023-03-08,18.1
2023-03-07,17.15
2023-03-06,17.5
2023-03-03,18.3
2023-03-02,18.4
2023-03-01,19.75
2023-02-28,18.7
2023-02-27,17.5
2023-02-24,16.4
2023-02-23,17.0
2023-02-22,16.6
2023-02-21,17.2
2023-02-20,16.5
2023-02-17,16.2
2023-02-16,15.15
2023-02-15,14.2
2023-02-14,13.3
2023-02-13,13.25
2023-02-10,13.3
2023-02-09,13.65
2023-02-08,12.8
2023-02-07,12.0
2023-02-06,11.25
2023-02-03,10.55
2023-02-02,11.1
2023-02-01,11.9
2023-01-31,12.55
2023-01-30,12.4
2023-01-27,11.65
2023-01-19,10.9
2023-01-18,10.2
2023-01-17,9.55
2023-01-16,8.93
2023-01-13,8.8
2023-01-12,8.88
2023-01-11,8.6
2023-01-10,8.8
2023-01-09,9.3
2023-01-06,9.43
2023-01-05,8.82
2023-01-04,8.25
2023-01-03,7.93
2022-12-30,7.65
2022-12-29,7.73
2022-12-28,7.71
2022-12-27,7.89
2022-12-26,7.79
2022-12-23,7.86
2022-12-22,8.0
2022-12-21,8.03
2022-12-20,7.76
2022-12-19,8.0
2022-12-16,8.0
2022-12-15,8.03
2022-12-14,8.05
2022-12-13,8.04
2022-12-12,8.05
2022-12-09,8.09
2022-12-08,7.99
2022-12-07,7.84
2022-12-06,8.2
2022-12-05,8.4
2022-12-02,8.25
2022-12-01,8.16
2022-11-30,7.86
2022-11-29,8.2
2022-11-28,8.3
2022-11-25,8.05
2022-11-24,8.1
2022-11-23,8.1
2022-11-22,7.9
2022-11-21,8.05
2022-11-18,8.64
2022-11-17,8.58
2022-11-16,8.02
2022-11-15,7.5
2022-11-14,7.01
2022-11-11,7.53
2022-11-10,8.09
2022-11-09,8.69
2022-11-08,8.8
2022-11-07,8.23
2022-11-04,7.7
2022-11-03,7.2
2022-11-02,6.73
2022-11-01,7.0
2022-10-31,7.34
2022-10-28,7.89
2022-10-27,8.48
2022-10-26,9.11
2022-10-25,9.79
2022-10-24,9.96
2022-10-21,10.7
2022-10-20,11.5
2022-10-19,11.5
2022-10-18,11.5
2022-10-17,11.65
2022-10-14,11.65
2022-10-13,11.95
2022-10-12,12.1
2022-10-11,12.2
2022-10-10,12.1
2022-10-07,11.4
2022-10-06,12.1
2022-10-05,12.3
2022-10-04,12.1
2022-10-03,12.1
2022-09-30,12.1
2022-09-29,11.8
2022-09-28,11.7
2022-09-27,12.0
2022-09-26,11.8
2022-09-23,12.2
2022-09-22,12.1
2022-09-21,12.2
2022-09-20,12.2
2022-09-19,12.0
2022-09-16,12.1
2022-09-15,12.5
2022-09-14,12.5
2022-09-13,12.7
2022-09-12,12.75
2022-09-09,12.7
2022-09-08,12.7
2022-09-07,12.75
2022-09-06,13.0
2022-09-05,13.3
2022-08-31,13.0
2022-08-30,12.95
2022-08-29,13.7
2022-08-26,14.05
2022-08-25,14.2
2022-08-24,14.3
2022-08-23,14.6
2022-08-22,14.4
2022-08-19,14.3
2022-08-18,14.5
2022-08-17,15.0
2022-08-16,15.3
2022-08-15,15.6
2022-08-12,15.45
2022-08-11,15.7
2022-08-10,15.8
2022-08-09,16.3
2022-08-08,15.25
2022-08-05,15.3
2022-08-04,15.4
2022-08-03,15.95
2022-08-02,15.9
2022-08-01,14.9
2022-07-29,15.7
2022-07-28,16.85
2022-07-27,18.1
2022-07-26,18.35
2022-07-25,17.15
2022-07-22,16.06
2022-07-21,15.04
2022-07-20,14.76
2022-07-19,14.28
2022-07-18,13.74
2022-07-15,12.85
2022-07-14,12.92
2022-07-13,12.23
2022-07-12,12.23
2022-07-11,12.3
2022-07-08,12.3
2022-07-07,12.1
2022-07-06,12.1
2022-07-05,12.1
2022-07-04,11.96
2022-07-01,12.2
2022-06-30,12.1
2022-06-29,12.16
2022-06-28,11.62
2022-06-27,11.55
2022-06-24,11.72
2022-06-23,11.75
2022-06-22,11.07
2022-06-21,10.97
2022-06-20,11.21
2022-06-17,10.93
2022-06-16,11.28
2022-06-15,10.8
2022-06-14,11.0
2022-06-13,11.11
2022-06-10,11.07
2022-06-09,11.28
2022-06-08,11.0
2022-06-07,10.93
2022-06-06,10.93
2022-06-03,11.14
2022-06-02,11.55
2022-06-01,12.37
2022-05-31,12.64
2022-05-30,11.89
2022-05-27,11.14
2022-05-26,10.73
2022-05-25,10.8
2022-05-24,11.14
2022-05-23,11.96
2022-05-20,12.03
2022-05-19,11.55
2022-05-18,11.75
2022-05-17,11.17
2022-05-16,10.63
2022-05-13,10.63
2022-05-12,11.41
2022-05-11,11.62
2022-05-10,11.17
2022-05-09,10.76
2022-05-06,10.08
2022-05-05,9.43
2022-05-04,9.43
2022-04-29,9.5
2022-04-28,8.95
2022-04-27,9.23
2022-04-26,9.19
2022-04-25,9.12
2022-04-22,8.54
2022-04-21,8.54
2022-04-20,8.47
2022-04-19,8.41
2022-04-18,8.54
2022-04-15,8.68
2022-04-14,8.61
2022-04-13,8.54
2022-04-12,8.61
2022-04-08,8.75
2022-04-07,8.68
2022-04-06,8.71
2022-04-05,8.61
2022-04-04,8.54
2022-04-01,8.27
2022-03-31,8.82
2022-03-30,8.82
2022-03-29,8.88
2022-03-28,8.88
2022-03-25,8.88
2022-03-24,8.95
2022-03-23,8.88
2022-03-22,8.88
2022-03-21,8.88
2022-03-18,9.12
2022-03-17,8.75
2022-03-16,8.2
2022-03-15,8.2
2022-03-14,8.54
2022-03-11,8.58
2022-03-10,8.47
2022-03-09,8.51
2022-03-08,8.2
2022-03-07,8.37
2022-03-04,8.34
2022-03-03,8.2
2022-03-02,8.2
2022-03-01,8.54
2022-02-28,8.41
2022-02-25,8.68
2022-02-24,8.34
2022-02-23,8.47
2022-02-22,8.47
2022-02-21,8.54
2022-02-18,8.54
2022-02-17,8.54
2022-02-16,8.82
2022-02-15,8.41
2022-02-14,8.99
2022-02-11,9.09
2022-02-10,9.12
2022-02-09,8.54
2022-02-08,8.51
2022-02-07,8.54
2022-01-28,8.2
2022-01-27,8.03
2022-01-26,8.54
2022-01-25,8.95
2022-01-24,8.41
2022-01-21,8.99
2022-01-20,8.99
2022-01-19,8.41
2022-01-18,7.86
2022-01-17,8.37
2022-01-14,8.88
2022-01-13,8.75
2022-01-12,8.61
2022-01-11,8.88
2022-01-10,9.29
2022-01-07,9.47
2022-01-06,9.64
2022-01-05,9.64
2022-01-04,9.7
2021-12-31,9.57
2021-12-30,9.57
2021-12-29,9.57
2021-12-28,9.64
2021-12-27,9.5
2021-12-24,9.43
2021-12-23,9.98
2021-12-22,9.33
2021-12-21,8.75
2021-12-20,8.2
2021-12-17,7.86
2021-12-16,7.72
2021-12-15,8.13
2021-12-14,8.13
2021-12-13,8.06
2021-12-10,8.0
2021-12-09,7.93
2021-12-08,7.86
2021-12-07,8.2
2021-12-06,7.86
2021-12-03,8.06
2021-12-02,8.17
2021-12-01,8.13
2021-11-30,7.93
2021-11-29,7.59
2021-11-26,7.79
2021-11-25,7.86
2021-11-24,7.93
2021-11-23,8.06
2021-11-22,8.2
2021-11-19,8.0
2021-11-18,8.34
2021-11-17,8.54
2021-11-16,8.88
2021-11-15,9.43
2021-11-12,8.82
2021-11-11,8.26
2021-11-10,8.36
2021-11-09,8.23
2021-11-08,8.16
2021-11-05,8.03
2021-11-04,7.51
2021-11-03,7.35
2021-11-02,7.35
2021-11-01,7.44
2021-10-29,7.31
2021-10-28,7.31
2021-10-27,7.05
2021-10-26,7.12
2021-10-25,7.12
2021-10-22,7.18
2021-10-21,7.18
2021-10-20,7.12
2021-10-19,7.58
2021-10-18,7.18
2021-10-15,7.25
2021-10-14,7.02
2021-10-13,7.02
2021-10-12,6.79
2021-10-11,7.05
2021-10-08,7.05
2021-10-07,7.09
2021-10-06,7.15
2021-10-05,6.92
2021-10-04,7.38
2021-10-01,7.38
2021-09-30,7.38
2021-09-29,7.38
2021-09-28,7.44
2021-09-27,7.44
2021-09-24,7.44
2021-09-23,7.44
2021-09-22,7.18
2021-09-21,6.99
2021-09-20,7.48
2021-09-17,7.51
2021-09-16,7.28
2021-09-15,7.31
2021-09-14,6.99
2021-09-13,6.99
2021-09-10,6.86
2021-09-09,6.56
2021-09-08,6.56
2021-09-07,6.79
2021-09-06,6.73
2021-09-01,6.66
2021-08-31,6.66
2021-08-30,6.6
2021-08-27,6.6
2021-08-26,6.66
2021-08-25,6.66
2021-08-24,6.53
2021-08-23,6.53
2021-08-20,6.53
2021-08-19,6.73
2021-08-18,6.53
2021-08-17,6.99
2021-08-16,6.99
2021-08-13,6.53
2021-08-12,6.53
2021-08-11,6.66
2021-08-10,6.79
2021-08-09,6.79
2021-08-06,6.79
2021-08-05,6.79
2021-08-04,6.79
2021-08-03,6.56
2021-08-02,6.56
2021-07-30,6.56
2021-07-29,6.56
2021-07-28,6.56
2021-07-27,6.53
2021-07-26,6.66
2021-07-23,6.66
2021-07-22,6.73
2021-07-21,6.73
2021-07-20,6.73
2021-07-19,6.73
2021-07-16,7.18
2021-07-15,7.18
2021-07-14,7.12
2021-07-13,7.12
2021-07-12,7.12
2021-07-09,7.05
2021-07-08,7.05
2021-07-07,7.05
2021-07-06,7.05
2021-07-05,7.31
2021-07-02,7.38
2021-07-01,7.38
2021-06-30,7.38
2021-06-29,7.28
2021-06-28,7.12
2021-06-25,7.31
2021-06-24,7.58
2021-06-23,7.58
2021-06-22,7.58
2021-06-21,7.28
2021-06-18,7.58
2021-06-17,7.38
2021-06-16,7.18
2021-06-15,7.64
2021-06-14,7.77
2021-06-11,7.64
2021-06-10,7.58
2021-06-09,7.51
2021-06-08,7.74
2021-06-07,7.8
2021-06-04,7.31
2021-06-03,7.58
2021-06-02,7.31
2021-06-01,7.71
2021-05-31,7.84
2021-05-28,7.84
2021-05-27,7.84
2021-05-26,7.84
2021-05-25,7.77
2021-05-24,7.84
2021-05-21,7.84
2021-05-20,7.84
2021-05-19,7.61
2021-05-18,7.51
2021-05-17,7.84
2021-05-14,7.67
2021-05-13,7.74
2021-05-12,8.13
2021-05-11,8.03
2021-05-10,8.03
2021-05-07,7.84
2021-05-06,7.84
2021-05-05,8.0
2021-05-04,7.71
2021-04-29,7.97
2021-04-28,7.97
2021-04-27,7.87
2021-04-26,7.87
2021-04-23,7.84
2021-04-22,7.84
2021-04-20,7.77
2021-04-19,7.67
2021-04-16,7.64
2021-04-15,7.84
2021-04-14,7.84
2021-04-13,7.8
2021-04-12,7.71
2021-04-09,7.44
2021-04-08,7.38
2021-04-07,7.38
2021-04-06,7.31
2021-04-05,7.44
2021-04-02,7.44
2021-04-01,7.44
2021-03-31,7.44
2021-03-30,7.38
2021-03-29,7.38
2021-03-26,7.38
2021-03-25,7.38
2021-03-24,7.38
2021-03-23,7.28
2021-03-22,7.35
2021-03-19,7.38
2021-03-18,7.38
2021-03-17,7.35
2021-03-16,7.44
2021-03-15,7.44
2021-03-12,7.25
2021-03-11,7.31
2021-03-10,7.35
2021-03-09,7.38
2021-03-08,7.44
2021-03-05,7.25
2021-03-04,7.25
2021-03-03,7.31
2021-03-02,7.41
2021-03-01,7.41
2021-02-26,7.35
2021-02-25,7.35
2021-02-24,7.44
2021-02-23,7.18
2021-02-22,7.18
2021-02-19,7.18
2021-02-18,7.18
2021-02-17,7.44
2021-02-09,7.44
2021-02-08,7.18
2021-02-05,7.38
2021-02-04,7.38
2021-02-03,7.38
2021-02-02,6.92
2021-02-01,6.92
2021-01-29,7.25
2021-01-28,6.82
2021-01-27,7.31
2021-01-26,7.44
2021-01-25,7.51
2021-01-22,7.51
2021-01-21,7.51
2021-01-20,7.25
2021-01-19,7.64
2021-01-18,7.64
2021-01-15,7.64
2021-01-14,7.64
2021-01-13,7.64
2021-01-12,7.51
2021-01-11,7.54
2021-01-08,7.38
2021-01-07,7.35
2021-01-06,7.22
2021-01-05,7.28
2021-01-04,7.28
2020-12-31,7.18
2020-12-30,7.18
2020-12-29,7.44
2020-12-28,7.18
2020-12-25,7.15
2020-12-24,7.12
2020-12-23,7.22
2020-12-22,7.12
2020-12-21,7.38
2020-12-18,6.96
2020-12-17,7.05
2020-12-16,7.12
2020-12-15,7.22
2020-12-14,6.96
2020-12-11,6.76
2020-12-10,7.18
2020-12-09,7.12
2020-12-08,6.66
2020-12-07,6.63
2020-12-04,6.5
2020-12-03,6.6
2020-12-02,6.6
2020-12-01,6.63
2020-11-30,6.63
2020-11-27,6.6
2020-11-26,6.53
2020-11-25,6.4
2020-11-24,6.4
2020-11-23,6.4
2020-11-20,6.47
2020-11-19,6.53
2020-11-18,6.56
2020-11-17,6.56
2020-11-16,6.56
2020-11-13,6.56
2020-11-12,6.56
2020-11-11,6.56
2020-11-10,6.56
2020-11-09,6.53
2020-11-06,6.53
2020-11-05,6.53
2020-11-04,6.53
2020-11-03,6.53
2020-11-02,6.53
2020-10-30,6.53
2020-10-29,6.53
2020-10-28,6.5
2020-10-27,6.6
2020-10-26,6.6
2020-10-23,6.6
2020-10-22,6.66
2020-10-21,6.6
2020-10-20,6.47
2020-10-19,6.47
2020-10-16,6.47
2020-10-15,6.6
2020-10-14,6.6
2020-10-13,6.6
2020-10-12,6.6
2020-10-09,6.56
2020-10-08,6.56
2020-10-07,6.56
2020-10-06,6.56
2020-10-05,6.56
2020-10-02,6.53
2020-10-01,6.63
2020-09-30,6.53
2020-09-29,6.53
2020-09-28,6.56
2020-09-25,6.53
2020-09-24,6.47
2020-09-23,6.53
2020-09-22,6.53
2020-09-21,6.53
2020-09-18,6.47
2020-09-17,6.5
2020-09-16,6.6
2020-09-15,6.5
2020-09-14,6.6
2020-09-11,6.47
2020-09-10,6.47
2020-09-09,6.47
2020-09-08,6.6
2020-09-07,6.47
2020-09-04,6.47
2020-09-03,6.47
2020-09-01,6.53
2020-08-31,6.53
2020-08-28,6.53
2020-08-27,6.53
2020-08-26,6.5
2020-08-25,6.43
2020-08-24,6.66
2020-08-21,6.66
2020-08-20,6.37
2020-08-19,6.53
2020-08-18,6.66
2020-08-17,6.66
2020-08-14,6.66
2020-08-13,6.56
2020-08-12,6.56
2020-08-11,6.56
2020-08-10,6.73
2020-08-07,6.53
2020-08-06,6.47
2020-08-05,6.53
2020-08-04,6.79
2020-08-03,6.56
2020-07-31,6.82
2020-07-30,6.56
2020-07-29,7.05
2020-07-28,7.09
2020-07-27,7.61
2020-07-24,7.12
2020-07-23,7.44
2020-07-22,7.44
2020-07-21,7.44
2020-07-20,7.44
2020-07-17,7.12
2020-07-16,7.41
2020-07-15,7.41
2020-07-14,7.64
2020-07-13,7.64
2020-07-10,7.64
2020-07-09,7.64
2020-07-08,7.44
2020-07-07,7.64
2020-07-06,7.38
2020-07-03,7.38
2020-07-02,7.38
2020-07-01,7.38
2020-06-30,7.38
2020-06-29,7.47
2020-06-26,7.57
2020-06-25,7.69
2020-06-24,7.69
2020-06-23,8.1
2020-06-22,7.63
2020-06-19,7.69
2020-06-18,7.69
2020-06-17,7.63
2020-06-16,7.38
2020-06-15,7.44
2020-06-12,7.44
2020-06-11,7.5
2020-06-10,7.38
2020-06-09,7.25
2020-06-08,7.63
2020-06-05,7.63
2020-06-04,7.63
2020-06-03,7.5
2020-06-02,7.5
2020-06-01,7.5
2020-05-29,7.25
2020-05-28,7.25
2020-05-27,7.63
2020-05-26,7.63
2020-05-25,7.63
2020-05-22,7.63
2020-05-21,7.63
2020-05-20,7.5
2020-05-19,7.5
2020-05-18,7.5
2020-05-15,7.19
2020-05-14,7.57
2020-05-13,7.63
2020-05-12,7.57
2020-05-11,7.63
2020-05-08,8.0
2020-05-07,8.0
2020-05-06,8.0
2020-05-05,7.5
2020-05-04,7.82
2020-04-29,7.82
2020-04-28,7.75
2020-04-27,7.75
2020-04-24,7.75
2020-04-23,7.75
2020-04-22,8.32
2020-04-21,7.85
2020-04-20,7.85
2020-04-17,7.35
2020-04-16,7.32
2020-04-15,7.32
2020-04-14,7.32
2020-04-13,7.85
2020-04-10,7.85
2020-04-09,7.85
2020-04-08,7.85
2020-04-07,7.35
2020-04-06,7.35
2020-04-03,6.88
2020-04-01,6.88
2020-03-31,6.88
2020-03-30,7.35
2020-03-27,7.85
2020-03-26,7.35
2020-03-25,7.35
2020-03-24,6.88
2020-03-23,7.25
2020-03-20,7.5
2020-03-19,7.16
2020-03-18,7.63
2020-03-17,7.63
2020-03-16,7.82
2020-03-13,8.13
2020-03-12,8.69
2020-03-11,8.69
2020-03-10,8.69
2020-03-09,8.69
2020-03-06,8.94
2020-03-05,8.82
2020-03-04,8.94
2020-03-03,8.94
2020-03-02,8.94
2020-02-28,8.72
2020-02-27,8.72
2020-02-26,8.69
2020-02-25,8.69
2020-02-24,8.66
2020-02-21,9.26
2020-02-20,9.26
2020-02-19,9.57
2020-02-18,8.94
2020-02-17,9.38
2020-02-14,8.94
2020-02-13,9.6
2020-02-12,9.6
2020-02-11,9.6
2020-02-10,9.6
2020-02-07,8.97
2020-02-06,9.07
2020-02-05,9.07
2020-02-04,9.07
2020-02-03,9.07
2020-01-31,9.69
2020-01-30,9.69
2020-01-22,10.07
2020-01-21,9.41
2020-01-20,8.82
2020-01-17,8.82
2020-01-16,9.44
2020-01-15,10.01
2020-01-14,10.57
2020-01-13,9.88
2020-01-10,9.88
2020-01-09,10.44
2020-01-08,11.23
2020-01-07,12.07
2020-01-06,12.07
2020-01-03,12.07
2020-01-02,12.07
2019-12-31,12.07
2019-12-30,12.07
2019-12-27,12.98
2019-12-26,12.98
2019-12-25,12.98
2019-12-24,12.98
2019-12-23,12.98
2019-12-20,12.98
2019-12-19,12.98
2019-12-18,12.98
2019-12-17,12.98
2019-12-16,12.48
2019-12-13,11.98
2019-12-12,11.98
2019-12-11,11.98
2019-12-10,11.98
2019-12-09,11.98
2019-12-06,11.98
2019-12-05,11.19
2019-12-04,12.01
2019-12-03,11.23
2019-12-02,10.51
2019-11-29,10.07
2019-11-28,10.6
2019-11-27,10.6
2019-11-26,10.07
2019-11-25,10.63
2019-11-22,11.26
2019-11-21,12.1
2019-11-20,13.01
2019-11-19,12.16
2019-11-18,12.16
2019-11-15,12.16
2019-11-14,11.88
2019-11-13,11.26
2019-11-12,10.85
2019-11-11,10.16
2019-11-08,10.16
2019-11-07,9.51
2019-11-06,10.19
2019-11-05,10.19
2019-11-04,10.94
2019-11-01,10.38
2019-10-31,9.72
2019-10-30,10.44
2019-10-29,10.44
2019-10-28,10.44
2019-10-25,10.44
2019-10-24,10.44
2019-10-23,10.44
2019-10-22,10.44
2019-10-21,10.44
2019-10-18,10.44
2019-10-17,10.44
2019-10-16,10.44
2019-10-15,10.44
2019-10-14,10.44
2019-10-11,10.44
2019-10-10,10.44
2019-10-09,10.44
2019-10-08,10.44
2019-10-07,10.44
2019-10-04,10.44
2019-10-03,10.44
2019-10-02,10.44
2019-10-01,10.51
2019-09-30,10.51
2019-09-27,10.51
2019-09-26,10.51
2019-09-25,10.63
2019-09-24,10.63
2019-09-23,10.63
2019-09-20,10.63
2019-09-19,10.63
2019-09-18,10.63
2019-09-17,10.57
2019-09-16,10.32
2019-09-13,10.32
2019-09-12,10.32
2019-09-11,10.32
2019-09-10,10.94
2019-09-09,10.94
2019-09-06,10.94
2019-09-05,10.94
2019-09-04,10.94
2019-09-03,10.38
2019-08-30,10.38
2019-08-29,10.94
2019-08-28,10.94
2019-08-27,10.94
2019-08-26,10.94
2019-08-23,10.94
2019-08-22,10.94
2019-08-21,10.63
2019-08-20,10.63
2019-08-19,10.63
2019-08-16,10.38
2019-08-15,10.38
2019-08-14,10.63
2019-08-13,11.23
2019-08-12,11.23
2019-08-09,11.23
2019-08-08,11.23
2019-08-07,11.26
2019-08-06,11.26
2019-08-05,11.26
2019-08-02,11.26
2019-08-01,10.63
2019-07-31,11.26
2019-07-30,11.32
2019-07-29,11.32
2019-07-26,11.32
2019-07-25,11.32
2019-07-24,11.38
2019-07-23,11.48
2019-07-22,11.38
2019-07-19,11.38
2019-07-18,11.57
2019-07-17,11.69
2019-07-16,11.69
2019-07-15,11.69
2019-07-12,11.69
2019-07-11,11.69
2019-07-10,11.69
2019-07-09,11.69
2019-07-08,11.69
2019-07-05,11.69
2019-07-04,11.76
2019-07-03,11.57
2019-07-02,11.57
2019-07-01,11.79
2019-06-28,11.76
2019-06-27,11.76
2019-06-26,11.76
2019-06-25,11.76
2019-06-24,11.88
2019-06-21,11.88
2019-06-20,11.26
2019-06-19,12.01
2019-06-18,11.76
2019-06-17,11.82
2019-06-14,11.19
2019-06-13,11.26
2019-06-12,11.26
2019-06-11,11.19
2019-06-10,10.94
2019-06-07,10.32
2019-06-06,10.94
2019-06-05,10.63
2019-06-04,10.01
2019-06-03,10.63
2019-05-31,10.63
2019-05-30,10.63
2019-05-29,10.63
2019-05-28,10.63
2019-05-27,10.19
2019-05-24,10.57
2019-05-23,10.32
2019-05-22,10.32
2019-05-21,10.32
2019-05-20,10.63
2019-05-17,10.26
2019-05-16,10.26
2019-05-15,10.19
2019-05-14,10.26
2019-05-13,10.38
2019-05-10,10.51
2019-05-09,10.51
2019-05-08,10.69
2019-05-07,10.76
2019-05-06,10.94
2019-05-03,10.65
2019-05-02,10.88
2019-04-26,10.94
2019-04-25,10.94
2019-04-24,10.35
2019-04-23,10.35
2019-04-22,10.35
2019-04-19,10.65
2019-04-18,10.65
2019-04-17,10.65
2019-04-16,10.65
2019-04-12,10.65
2019-04-11,10.59
2019-04-10,10.41
2019-04-09,10.15
2019-04-08,9.97
2019-04-05,10.65
2019-04-04,10.06
2019-04-03,10.03
2019-04-02,10.0
2019-04-01,9.97
2019-03-29,10.29
2019-03-28,9.64
2019-03-27,9.64
2019-03-26,10.29
2019-03-25,10.12
2019-03-22,9.55
2019-03-21,9.55
2019-03-20,9.88
2019-03-19,10.06
2019-03-18,10.06
2019-03-15,10.35
2019-03-14,10.53
2019-03-13,10.53
2019-03-12,10.53
2019-03-11,9.94
2019-03-08,9.94
2019-03-07,9.94
2019-03-06,9.88
2019-03-05,10.06
2019-03-04,10.65
2019-03-01,10.65
2019-02-28,10.65
2019-02-27,10.65
2019-02-26,10.44
2019-02-25,9.76
2019-02-22,10.06
2019-02-21,10.06
2019-02-20,10.41
2019-02-19,10.41
2019-02-18,11.18
2019-02-15,11.18
2019-02-14,11.18
2019-02-13,11.18
2019-02-12,11.18
2019-02-11,11.18
2019-02-01,12.01
2019-01-31,11.24
2019-01-30,11.06
2019-01-29,11.06
2019-01-28,11.06
2019-01-25,11.06
2019-01-24,10.65
2019-01-23,11.12
2019-01-22,11.21
2019-01-21,11.18
2019-01-18,10.65
2019-01-17,10.94
2019-01-16,10.65
2019-01-15,10.65
2019-01-14,10.88
2019-01-11,10.94
2019-01-10,10.65
2019-01-09,10.65
2019-01-08,11.18
2019-01-07,10.74
2019-01-04,11.48
2019-01-03,11.18
2019-01-02,11.18
2018-12-28,11.24
2018-12-27,10.65
2018-12-26,11.24
2018-12-25,11.65
2018-12-24,11.65
2018-12-21,11.3
2018-12-20,10.59
2018-12-19,11.36
2018-12-18,11.48
2018-12-17,10.74
2018-12-14,10.74
2018-12-13,10.74
2018-12-12,10.06
2018-12-11,10.06
2018-12-10,10.06
2018-12-07,10.18
2018-12-06,9.76
2018-12-05,9.94
2018-12-04,9.76
2018-12-03,9.76
2018-11-30,9.76
2018-11-29,9.76
2018-11-28,9.76
2018-11-27,9.76
2018-11-26,9.94
2018-11-23,9.47
2018-11-22,9.64
2018-11-21,9.76
2018-11-20,9.76
2018-11-19,9.76
2018-11-16,9.82
2018-11-15,9.82
2018-11-14,9.94
2018-11-13,10.18
2018-11-12,9.58
2018-11-09,9.58
2018-11-08,9.88
2018-11-07,10.29
2018-11-06,9.7
2018-11-05,9.76
2018-11-02,9.76
2018-11-01,9.26
2018-10-31,9.76
2018-10-30,9.76
2018-10-29,9.76
2018-10-26,9.76
2018-10-25,10.35
2018-10-24,10.35
2018-10-23,10.35
2018-10-22,10.06
2018-10-19,10.06
2018-10-18,10.06
2018-10-17,9.91
2018-10-16,9.29
2018-10-15,9.94
2018-10-12,10.65
2018-10-11,10.65
2018-10-10,10.65
2018-10-09,10.65
2018-10-08,10.06
2018-10-05,10.35
2018-10-04,9.82
2018-10-03,9.82
2018-10-02,10.47
2018-10-01,10.53
2018-09-28,11.3
2018-09-27,11.06
2018-09-26,10.35
2018-09-25,10.35
2018-09-24,10.24
2018-09-21,10.24
2018-09-20,10.24
2018-09-19,10.13
2018-09-18,10.24
2018-09-17,10.35
2018-09-14,10.57
2018-09-13,10.63
2018-09-12,10.57
2018-09-11,10.63
2018-09-10,10.63
2018-09-07,10.43
2018-09-06,9.92
2018-09-05,9.81
2018-09-04,9.59
2018-08-31,9.59
2018-08-30,9.48
2018-08-29,8.99
2018-08-28,9.43
2018-08-27,9.43
2018-08-24,9.43
2018-08-23,9.15
2018-08-22,9.15
2018-08-21,9.1
2018-08-20,8.99
2018-08-17,8.88
2018-08-16,8.88
2018-08-15,9.1
2018-08-14,9.32
2018-08-13,9.26
2018-08-10,8.99
2018-08-09,9.48
2018-08-08,9.26
2018-08-07,9.54
2018-08-06,9.54
2018-08-03,9.54
2018-08-02,9.54
2018-08-01,9.48
2018-07-31,8.99
2018-07-30,8.99
2018-07-27,9.37
2018-07-26,9.37
2018-07-25,9.37
2018-07-24,9.37
2018-07-23,9.37
2018-07-20,9.37
2018-07-19,9.37
2018-07-18,9.24
2018-07-17,8.64
2018-07-16,8.09
2018-07-13,7.57
2018-07-12,8.09
2018-07-11,8.53
2018-07-10,8.83
2018-07-09,9.43
2018-07-06,9.43
2018-07-05,8.83
2018-07-04,8.77
2018-07-03,9.18
2018-07-02,8.8
2018-06-29,9.15
2018-06-28,9.4
2018-06-27,10.08
2018-06-26,9.67
2018-06-25,9.04
2018-06-22,9.62
2018-06-21,8.99
2018-06-20,8.77
2018-06-19,8.83
2018-06-18,8.53
2018-06-15,8.25
2018-06-14,8.77
2018-06-13,8.85
2018-06-12,9.48
2018-06-11,9.43
2018-06-08,9.37
2018-06-07,9.37
2018-06-06,8.83
2018-06-05,8.94
2018-06-04,8.94
2018-06-01,8.94
2018-05-31,8.94
2018-05-30,9.15
2018-05-29,9.24
2018-05-28,9.26
2018-05-25,9.43
2018-05-24,9.43
2018-05-23,9.37
2018-05-22,9.26
2018-05-21,9.43
2018-05-18,9.4
2018-05-17,9.4
2018-05-16,9.62
2018-05-15,9.37
2018-05-14,9.37
2018-05-11,9.56
2018-05-10,9.45
2018-05-09,9.26
2018-05-08,9.26
2018-05-07,9.56
2018-05-04,9.81
2018-05-03,9.81
2018-05-02,9.78
2018-04-27,9.78
2018-04-26,9.48
2018-04-24,9.64
2018-04-23,9.64
2018-04-20,9.86
2018-04-19,9.86
2018-04-18,9.86
2018-04-17,9.92
2018-04-16,9.7
2018-04-13,9.81
2018-04-12,9.37
2018-04-11,9.37
2018-04-10,9.81
2018-04-09,9.81
2018-04-06,9.75
2018-04-05,9.81
2018-04-04,9.64
2018-04-03,9.89
2018-04-02,9.81
2018-03-30,9.92
2018-03-29,9.81
2018-03-28,10.16
2018-03-27,9.73
2018-03-26,10.3
2018-03-23,10.35
2018-03-22,10.52
2018-03-21,10.08
2018-03-20,9.92
2018-03-19,10.49
2018-03-16,10.49
2018-03-15,10.35
2018-03-14,10.35
2018-03-13,10.35
2018-03-12,10.35
2018-03-09,10.13
2018-03-08,10.13
2018-03-07,10.19
2018-03-06,10.3
2018-03-05,10.13
2018-03-02,10.19
2018-03-01,10.35
2018-02-28,10.19
2018-02-27,10.13
2018-02-26,10.13
2018-02-23,10.24
2018-02-22,10.13
2018-02-21,10.24
2018-02-13,10.03
2018-02-12,9.81
2018-02-09,10.08
2018-02-08,10.08
2018-02-07,10.08
2018-02-06,10.08
2018-02-05,10.08
2018-02-02,10.13
2018-02-01,10.19
2018-01-31,10.24
2018-01-30,10.46
2018-01-29,10.49
2018-01-26,10.52
2018-01-25,10.73
2018-01-22,10.9
2018-01-19,10.9
2018-01-18,10.68
2018-01-17,11.36
2018-01-16,11.36
2018-01-15,10.63
2018-01-12,10.68
2018-01-11,10.63
2018-01-10,10.79
2018-01-09,10.68
2018-01-08,10.73
2018-01-05,10.84
2018-01-04,10.9
2018-01-03,10.52
2018-01-02,10.9
2017-12-29,10.9
2017-12-28,10.9
2017-12-27,11.17
2017-12-26,11.61
2017-12-25,11.61
2017-12-22,11.12
2017-12-21,11.17
2017-12-20,11.17
2017-12-19,11.17
2017-12-18,11.17
2017-12-15,11.17
2017-12-14,10.98
2017-12-13,10.95
2017-12-12,10.35
2017-12-11,10.22
2017-12-08,10.9
2017-12-07,11.01
2017-12-06,11.12
2017-12-05,11.12
2017-12-04,11.22
2017-12-01,11.22
2017-11-30,11.17
2017-11-29,10.9
2017-11-28,10.9
2017-11-27,10.9
2017-11-24,11.71
2017-11-23,11.71
2017-11-22,11.71
2017-11-21,11.71
2017-11-20,11.85
2017-11-17,11.85
2017-11-16,11.99
2017-11-15,11.88
2017-11-14,11.71
2017-11-13,11.61
2017-11-10,10.9
2017-11-09,10.35
2017-11-08,10.08
2017-11-07,10.08
2017-11-06,10.03
2017-11-03,10.13
2017-11-02,9.7
2017-11-01,10.24
2017-10-31,10.9
2017-10-30,10.68
2017-10-27,11.44
2017-10-26,11.44
2017-10-25,11.71
2017-10-24,11.88
2017-10-23,11.55
2017-10-20,11.71
2017-10-19,11.55
2017-10-18,12.04
2017-10-17,11.42
2017-10-16,11.44
2017-10-13,11.71
2017-10-12,11.71
2017-10-11,11.71
2017-10-10,11.66
2017-10-09,11.88
2017-10-06,11.88
2017-10-05,11.93
2017-10-04,11.93
2017-10-03,11.71
2017-10-02,11.71
2017-09-29,11.82
2017-09-28,11.82
2017-09-27,11.82
2017-09-26,11.99
2017-09-25,11.71
2017-09-22,11.71
2017-09-21,11.99
2017-09-20,11.71
2017-09-19,11.71
2017-09-18,11.88
2017-09-15,12.18
2017-09-14,11.71
2017-09-13,11.71
2017-09-12,11.99
2017-09-11,12.53
2017-09-08,13.24
2017-09-07,13.54
2017-09-06,13.65
2017-09-05,13.57
2017-09-01,13.89
2017-08-31,13.62
2017-08-30,13.08
2017-08-29,13.19
2017-08-28,13.84
2017-08-25,13.62
2017-08-24,13.62
2017-08-23,14.11
2017-08-22,13.98
2017-08-21,13.95
2017-08-18,14.6
2017-08-17,14.66
2017-08-16,14.44
2017-08-15,14.06
2017-08-14,14.03
2017-08-11,14.6
2017-08-10,14.66
2017-08-09,14.66
2017-08-08,14.66
2017-08-07,14.6
2017-08-04,14.71
2017-08-03,14.6
2017-08-02,14.6
2017-08-01,14.71
2017-07-31,14.71
2017-07-28,14.71
2017-07-27,14.71
2017-07-26,13.95
2017-07-25,13.95
2017-07-24,14.71
2017-07-21,14.17
2017-07-20,14.82
2017-07-19,14.63
2017-07-18,14.68
2017-07-17,14.71
2017-07-14,14.77
2017-07-13,14.74
2017-07-12,14.71
2017-07-11,14.63
2017-07-10,14.6
2017-07-07,14.88
2017-07-06,14.71
2017-07-05,14.82
2017-07-04,14.82
2017-07-03,14.82
2017-06-30,14.82
2017-06-29,14.82
2017-06-28,15.04
2017-06-27,15.04
2017-06-26,14.66
2017-06-23,14.71
2017-06-22,14.33
2017-06-21,14.33
2017-06-20,14.71
2017-06-19,14.71
2017-06-16,14.74
2017-06-15,14.98
2017-06-14,14.98
2017-06-13,14.44
2017-06-12,14.22
2017-06-09,14.93
2017-06-08,14.93
2017-06-07,14.98
2017-06-06,14.71
2017-06-05,14.44
2017-06-02,14.55
2017-06-01,14.98
2017-05-31,14.71
2017-05-30,14.66
2017-05-29,14.66
2017-05-26,14.6
2017-05-25,14.38
2017-05-24,14.77
2017-05-23,15.26
2017-05-22,15.2
2017-05-19,14.98
2017-05-18,15.37
2017-05-17,15.75
2017-05-16,15.0
2017-05-15,14.96
2017-05-12,15.0
2017-05-11,14.11
2017-05-10,13.58
2017-05-09,14.27
2017-05-08,13.46
2017-05-05,13.54
2017-05-04,13.54
2017-05-03,13.54
2017-04-28,13.46
2017-04-27,13.99
2017-04-26,14.27
2017-04-25,14.27
2017-04-24,14.27
2017-04-21,13.46
2017-04-20,13.46
2017-04-19,14.07
2017-04-18,14.88
2017-04-17,14.52
2017-04-14,14.29
2017-04-13,14.27
2017-04-12,13.86
2017-04-11,13.86
2017-04-10,13.84
2017-04-07,13.78
2017-04-05,13.29
2017-04-04,13.29
2017-04-03,13.66
2017-03-31,13.46
2017-03-30,12.84
2017-03-29,13.05
2017-03-28,13.86
2017-03-27,13.66
2017-03-24,13.54
2017-03-23,13.46
2017-03-22,13.46
2017-03-21,13.46
2017-03-20,13.25
2017-03-17,13.25
2017-03-16,13.25
2017-03-15,13.25
2017-03-14,13.13
2017-03-13,13.5
2017-03-10,13.05
2017-03-09,13.05
2017-03-08,13.05
2017-03-07,13.05
2017-03-06,13.05
2017-03-03,12.64
2017-03-02,12.64
2017-03-01,13.05
2017-02-28,13.05
2017-02-27,12.72
2017-02-24,13.05
2017-02-23,13.05
2017-02-22,12.68
2017-02-21,12.68
2017-02-20,12.68
2017-02-17,12.68
2017-02-16,12.84
2017-02-15,12.64
2017-02-14,12.64
2017-02-13,13.21
2017-02-10,13.21
2017-02-09,12.72
2017-02-08,12.72
2017-02-07,12.64
2017-02-06,12.76
2017-02-03,12.76
2017-02-02,12.23
2017-01-25,12.11
2017-01-24,11.87
2017-01-23,11.82
2017-01-20,11.7
2017-01-19,11.62
2017-01-18,11.62
2017-01-17,11.62
2017-01-16,11.46
2017-01-13,11.31
2017-01-12,11.5
2017-01-11,11.27
2017-01-10,11.27
2017-01-09,11.42
2017-01-06,11.62
2017-01-05,11.42
2017-01-04,11.42
2017-01-03,11.38
2016-12-30,11.42
2016-12-29,11.29
2016-12-28,11.38
2016-12-27,11.25
2016-12-26,11.23
2016-12-23,11.38
2016-12-22,11.21
2016-12-21,11.42
2016-12-20,11.11
2016-12-19,11.15
2016-12-16,11.01
2016-12-15,10.83
2016-12-14,10.83
2016-12-13,11.36
2016-12-12,10.62
2016-12-09,10.46
2016-12-08,10.93
2016-12-07,10.85
2016-12-06,10.81
2016-12-05,10.77
2016-12-02,11.53
2016-12-01,10.79
2016-11-30,10.57
2016-11-29,10.55
2016-11-28,10.59
2016-11-25,10.57
2016-11-24,10.61
2016-11-23,10.49
2016-11-22,10.41
2016-11-21,10.29
2016-11-18,10.29
2016-11-17,10.22
2016-11-16,10.33
2016-11-15,10.22
2016-11-14,10.14
2016-11-11,10.14
2016-11-10,10.41
2016-11-09,9.9
2016-11-08,10.41
2016-11-07,9.98
2016-11-04,9.86
2016-11-03,9.86
2016-11-02,10.41
2016-11-01,10.02
2016-10-31,9.82
2016-10-28,10.08
2016-10-27,10.61
2016-10-26,10.22
2016-10-25,10.2
2016-10-24,10.22
2016-10-21,10.22
2016-10-20,10.22
2016-10-19,10.41
2016-10-18,10.29
2016-10-17,10.57
2016-10-14,10.96
2016-10-13,10.75
2016-10-12,10.47
2016-10-11,10.61
2016-10-10,10.61
2016-10-07,11.06
2016-10-06,11.08
2016-10-05,11.0
2016-10-04,10.94
2016-10-03,10.73
2016-09-30,10.53
2016-09-29,10.37
2016-09-28,10.22
2016-09-27,9.82
2016-09-26,9.74
2016-09-23,9.67
2016-09-22,9.86
2016-09-21,10.2
2016-09-20,10.1
2016-09-19,10.84
2016-09-16,10.22
2016-09-15,10.92
2016-09-14,10.96
2016-09-13,11.22
2016-09-12,11.55
2016-09-09,11.55
2016-09-08,11.51
2016-09-07,10.96
2016-09-06,11.0
2016-09-05,11.04
2016-09-01,11.22
2016-08-31,11.22
2016-08-30,10.49
2016-08-29,9.9
2016-08-26,9.75
2016-08-25,9.72
2016-08-24,9.72
2016-08-23,9.72
2016-08-22,9.5
2016-08-19,9.46
2016-08-18,9.2
2016-08-17,9.35
2016-08-16,8.87
2016-08-15,8.76
2016-08-12,8.51
2016-08-11,8.18
2016-08-10,8.07
2016-08-09,8.1
2016-08-08,8.07
2016-08-05,8.07
2016-08-04,8.07
2016-08-03,8.03
2016-08-02,8.07
2016-08-01,8.1
2016-07-29,8.14
2016-07-28,8.07
2016-07-27,8.07
2016-07-26,8.07
2016-07-25,8.14
2016-07-22,8.07
2016-07-21,8.03
2016-07-20,7.99
2016-07-19,7.92
2016-07-18,7.88
2016-07-15,7.92
2016-07-14,7.99
2016-07-13,8.21
2016-07-12,7.81
2016-07-11,7.81
2016-07-08,8.03
2016-07-07,8.07
2016-07-06,7.81
2016-07-05,8.36
2016-07-04,7.85
2016-07-01,7.74
2016-06-30,7.88
2016-06-29,7.77
2016-06-28,7.66
2016-06-27,7.59
2016-06-24,7.59
2016-06-23,7.66
2016-06-22,7.66
2016-06-21,7.66
2016-06-20,7.66
2016-06-17,7.74
2016-06-16,7.74
2016-06-15,7.77
2016-06-14,7.77
2016-06-13,7.77
2016-06-10,7.77
2016-06-09,7.77
2016-06-08,7.81
2016-06-07,7.66
2016-06-06,7.69
2016-06-03,7.69
2016-06-02,7.78
2016-06-01,7.81
2016-05-31,7.93
2016-05-30,7.75
2016-05-27,7.9
2016-05-26,7.69
2016-05-25,7.87
2016-05-24,7.69
2016-05-23,7.69
2016-05-20,8.08
2016-05-19,7.66
2016-05-18,7.72
2016-05-17,7.75
2016-05-16,7.69
2016-05-13,7.66
2016-05-12,7.66
2016-05-11,7.66
2016-05-10,7.66
2016-05-09,7.66
2016-05-06,7.72
2016-05-05,7.84
2016-05-04,7.69
2016-04-29,7.46
2016-04-28,7.25
2016-04-27,7.19
2016-04-26,7.04
2016-04-25,7.07
2016-04-22,7.04
2016-04-21,6.93
2016-04-20,6.96
2016-04-19,6.9
2016-04-15,6.72
2016-04-14,6.72
2016-04-13,6.54
2016-04-12,6.72
2016-04-11,6.6
2016-04-08,6.6
2016-04-07,6.63
2016-04-06,6.66
2016-04-05,6.66
2016-04-04,6.45
2016-04-01,6.6
2016-03-31,6.54
2016-03-30,6.54
2016-03-29,6.54
2016-03-28,6.72
2016-03-25,6.48
2016-03-24,6.43
2016-03-23,6.6
2016-03-22,6.6
2016-03-21,6.45
2016-03-18,6.45
2016-03-17,6.43
2016-03-16,6.34
2016-03-15,6.28
2016-03-14,6.34
2016-03-11,6.31
2016-03-10,6.31
2016-03-09,6.25
2016-03-08,6.25
2016-03-07,6.28
2016-03-04,6.13
2016-03-03,6.31
2016-03-02,6.31
2016-03-01,6.31
2016-02-29,6.28
2016-02-26,6.28
2016-02-25,6.28
2016-02-24,6.28
2016-02-23,6.28
2016-02-22,6.34
2016-02-19,6.28
2016-02-18,6.25
2016-02-17,5.98
2016-02-16,6.28
2016-02-15,6.4
2016-02-05,6.19
2016-02-04,6.13
2016-02-03,6.13
2016-02-02,6.34
2016-02-01,6.34
2016-01-29,5.98
2016-01-28,5.92
2016-01-27,5.89
2016-01-26,5.84
2016-01-25,5.81
2016-01-22,5.89
2016-01-21,5.89
2016-01-20,5.89
2016-01-19,5.89
2016-01-18,5.84
2016-01-15,5.89
2016-01-14,5.98
2016-01-13,5.92
2016-01-12,5.92
2016-01-11,5.84
2016-01-08,5.84
2016-01-07,5.84
2016-01-06,5.81
2016-01-05,5.84
2016-01-04,5.9
2015-12-31,5.81
2015-12-30,5.81
2015-12-29,5.87
2015-12-28,5.67
2015-12-25,5.76
2015-12-24,5.62
2015-12-23,5.87
2015-12-22,5.87
2015-12-21,6.04
2015-12-18,6.04
2015-12-17,5.7
2015-12-16,5.81
2015-12-15,5.81
2015-12-14,5.78
2015-12-11,5.78
2015-12-10,5.78
2015-12-09,5.78
2015-12-08,5.78
2015-12-07,5.84
2015-12-04,5.9
2015-12-03,5.81
2015-12-02,5.73
2015-12-01,5.73
2015-11-30,5.73
2015-11-27,5.76
2015-11-26,5.76
2015-11-25,5.95
2015-11-24,5.73
2015-11-23,5.9
2015-11-20,5.95
2015-11-19,6.04
2015-11-18,6.04
2015-11-17,6.04
2015-11-16,6.01
2015-11-13,6.15
2015-11-12,6.18
2015-11-11,6.06
2015-11-10,5.9
2015-11-09,5.9
2015-11-06,6.06
2015-11-05,6.4
2015-11-04,6.26
2015-11-03,6.23
2015-11-02,6.21
2015-10-30,6.43
2015-10-29,6.57
2015-10-28,6.51
2015-10-27,6.46
2015-10-26,6.6
2015-10-23,6.23
2015-10-22,6.06
2015-10-21,5.95
2015-10-20,5.67
2015-10-19,5.7
2015-10-16,5.7
2015-10-15,5.64
2015-10-14,5.78
2015-10-13,5.78
2015-10-12,5.78
2015-10-09,5.7
2015-10-08,5.78
2015-10-07,5.7
2015-10-06,5.76
2015-10-05,5.67
2015-10-02,5.7
2015-10-01,5.7
2015-09-30,5.7
2015-09-29,5.67
2015-09-28,5.7
2015-09-25,5.73
2015-09-24,5.7
2015-09-23,5.62
2015-09-22,5.62
2015-09-21,5.62
2015-09-18,5.62
2015-09-17,5.5
2015-09-16,5.48
2015-09-15,5.67
2015-09-14,5.78
2015-09-11,5.87
2015-09-10,5.87
2015-09-09,5.62
2015-09-08,5.62
2015-09-07,5.62
2015-09-04,5.62
2015-09-03,5.62
2015-09-01,5.81
2015-08-31,5.84
2015-08-28,5.73
2015-08-27,5.73
2015-08-26,5.84
2015-08-25,5.67
2015-08-24,5.67
2015-08-21,5.84
2015-08-20,5.87
2015-08-19,5.87
2015-08-18,5.87
2015-08-17,5.9
2015-08-14,5.9
2015-08-13,5.78
2015-08-12,5.73
2015-08-11,5.76
2015-08-10,5.78
2015-08-07,5.78
2015-08-06,5.81
2015-08-05,5.81
2015-08-04,5.81
2015-08-03,5.76
2015-07-31,5.87
2015-07-30,5.92
2015-07-29,5.9
2015-07-28,5.9
2015-07-27,6.04
2015-07-24,5.95
2015-07-23,5.92
2015-07-22,6.04
2015-07-21,6.04
2015-07-20,6.04
2015-07-17,6.04
2015-07-16,6.09
2015-07-15,6.09
2015-07-14,6.06
2015-07-13,5.98
2015-07-10,6.06
2015-07-09,5.98
2015-07-08,6.12
2015-07-07,6.06
2015-07-06,6.18
2015-07-03,6.18
2015-07-02,6.23
2015-07-01,6.23
2015-06-30,6.23
2015-06-29,6.23
2015-06-26,6.29
2015-06-25,6.23
2015-06-24,6.23
2015-06-23,6.23
2015-06-22,6.23
2015-06-19,6.23
2015-06-18,6.23
2015-06-17,5.95
2015-06-16,6.23
2015-06-15,6.23
2015-06-12,6.26
2015-06-11,6.29
2015-06-10,6.32
2015-06-09,6.51
2015-06-08,6.63
2015-06-05,6.21
2015-06-04,6.21
2015-06-03,6.26
2015-06-02,6.32
2015-06-01,6.35
2015-05-29,6.32
2015-05-28,6.04
2015-05-27,6.49
2015-05-26,6.51
2015-05-25,6.5
2015-05-22,6.1
2015-05-21,6.1
2015-05-20,6.1
2015-05-19,5.87
2015-05-18,5.85
2015-05-15,6.21
2015-05-14,6.32
2015-05-13,6.32
2015-05-12,6.05
2015-05-11,6.1
2015-05-08,6.08
2015-05-07,6.1
2015-05-06,6.19
2015-05-05,6.14
2015-05-04,6.01
2015-04-27,6.1
2015-04-24,6.14
2015-04-23,5.96
2015-04-22,5.99
2015-04-21,6.05
2015-04-20,6.08
2015-04-17,6.08
2015-04-16,5.69
2015-04-15,5.85
2015-04-14,5.99
2015-04-13,6.21
2015-04-10,6.46
2015-04-09,6.14
2015-04-08,5.76
2015-04-07,5.65
2015-04-06,5.4
2015-04-03,5.4
2015-04-02,5.08
2015-04-01,5.01
2015-03-31,5.01
2015-03-30,4.97
2015-03-27,4.97
2015-03-26,5.01
2015-03-25,4.92
2015-03-24,4.86
2015-03-23,4.86
2015-03-20,4.86
2015-03-19,4.83
2015-03-18,4.86
2015-03-17,4.86
2015-03-16,4.88
2015-03-13,4.9
2015-03-12,4.97
2015-03-11,4.88
2015-03-10,4.86
2015-03-09,4.86
2015-03-06,4.86
2015-03-05,4.83
2015-03-04,4.83
2015-03-03,4.83
2015-03-02,4.74
2015-02-27,4.63
2015-02-26,4.74
2015-02-25,4.74
2015-02-24,4.74
2015-02-13,4.74
2015-02-12,4.74
2015-02-11,4.65
2015-02-10,4.74
2015-02-09,4.52
2015-02-06,4.74
2015-02-05,4.74
2015-02-04,4.58
2015-02-03,4.43
2015-02-02,4.72
2015-01-30,4.72
2015-01-29,4.7
2015-01-28,4.7
2015-01-27,4.74
2015-01-26,4.74
2015-01-23,4.95
2015-01-22,4.95
2015-01-21,4.95
2015-01-20,4.86
2015-01-19,4.86
2015-01-16,4.77
2015-01-15,4.77
2015-01-14,4.77
2015-01-13,4.79
2015-01-12,4.79
2015-01-09,4.83
2015-01-08,4.52
2015-01-07,4.83
2015-01-06,4.81
2015-01-05,4.81
2014-12-31,4.81
2014-12-30,4.81
2014-12-29,4.83
2014-12-26,4.92
2014-12-25,4.86
2014-12-24,4.86
2014-12-23,4.86
2014-12-22,4.83
2014-12-19,4.86
2014-12-18,4.92
2014-12-17,4.83
2014-12-16,4.95
2014-12-15,4.92
2014-12-12,4.97
2014-12-11,4.95
2014-12-10,4.88
2014-12-09,4.92
2014-12-08,4.92
2014-12-05,5.1
2014-12-04,5.1
2014-12-03,5.15
2014-12-02,4.88
2014-12-01,4.86
2014-11-28,4.86
2014-11-27,4.86
2014-11-26,4.88
2014-11-25,4.92
2014-11-24,4.83
2014-11-21,4.81
2014-11-20,4.86
2014-11-19,4.86
2014-11-18,4.86
2014-11-17,4.95
2014-11-14,4.97
2014-11-13,4.83
2014-11-12,4.74
2014-11-11,4.86
2014-11-10,4.79
2014-11-07,4.79
2014-11-06,4.97
2014-11-05,4.95
2014-11-04,5.06
2014-11-03,4.97
2014-10-31,4.97
2014-10-30,5.08
2014-10-29,4.97
2014-10-28,4.99
2014-10-27,4.93
2014-10-24,4.9
2014-10-23,4.86
2014-10-22,4.88
2014-10-21,4.64
2014-10-20,4.9
2014-10-17,4.71
2014-10-16,4.69
2014-10-15,4.93
2014-10-14,4.93
2014-10-13,4.93
2014-10-10,4.86
2014-10-09,4.86
2014-10-08,4.75
2014-10-07,4.86
2014-10-06,4.75
2014-10-03,4.64
2014-10-02,4.69
2014-10-01,4.54
2014-09-30,4.49
2014-09-29,4.49
2014-09-26,4.43
2014-09-25,4.43
2014-09-24,4.43
2014-09-23,4.52
2014-09-22,4.52
2014-09-19,4.39
2014-09-18,4.54
2014-09-17,4.54
2014-09-16,4.54
2014-09-15,4.49
2014-09-12,4.41
2014-09-11,4.41
2014-09-10,4.43
2014-09-09,4.43
2014-09-08,4.45
2014-09-05,4.43
2014-09-04,4.43
2014-09-03,4.43
2014-08-29,4.43
2014-08-28,4.43
2014-08-27,4.43
2014-08-26,4.39
2014-08-25,4.39
2014-08-22,4.49
2014-08-21,4.43
2014-08-20,4.32
2014-08-19,4.36
2014-08-18,4.43
2014-08-15,4.43
2014-08-14,4.43
2014-08-13,4.43
2014-08-12,4.32
2014-08-11,4.28
2014-08-08,4.34
2014-08-07,4.28
2014-08-06,4.36
2014-08-05,4.3
2014-08-04,4.26
2014-08-01,4.28
2014-07-31,4.3
2014-07-30,4.28
2014-07-29,4.06
2014-07-28,4.26
2014-07-25,4.28
2014-07-24,4.28
2014-07-23,4.3
2014-07-22,4.15
2014-07-21,4.15
2014-07-18,4.13
2014-07-17,4.21
2014-07-16,4.23
2014-07-15,4.1
2014-07-14,4.17
2014-07-11,4.17
2014-07-10,4.17
2014-07-09,4.17
2014-07-08,4.19
2014-07-07,4.21
2014-07-04,4.21
2014-07-03,4.21
2014-07-02,4.21
2014-07-01,4.21
2014-06-30,4.19
2014-06-27,4.17
2014-06-26,4.17
2014-06-25,4.06
2014-06-24,4.08
2014-06-23,4.1
2014-06-20,4.1
2014-06-19,4.1
2014-06-18,4.15
2014-06-17,4.19
2014-06-16,4.19
2014-06-13,4.13
2014-06-12,4.21
2014-06-11,4.3
2014-06-10,4.3
2014-06-09,4.32
2014-06-06,4.32
2014-06-05,4.1
2014-06-04,4.12
2014-06-03,4.22
2014-06-02,4.18
2014-05-30,4.22
2014-05-29,4.09
2014-05-28,4.1
2014-05-27,4.09
2014-05-26,3.99
2014-05-23,3.94
2014-05-22,3.94
2014-05-21,3.94
2014-05-20,3.88
2014-05-19,3.75
2014-05-16,3.82
2014-05-15,3.75
2014-05-14,3.67
2014-05-13,3.73
2014-05-12,3.73
2014-05-09,3.92
2014-05-08,3.67
2014-05-07,3.94
2014-05-06,4.12
2014-05-05,4.09
2014-04-29,4.05
2014-04-28,3.94
2014-04-25,3.94
2014-04-24,3.94
2014-04-23,3.94
2014-04-22,3.95
2014-04-21,3.97
2014-04-18,3.84
2014-04-17,3.9
2014-04-16,3.9
2014-04-15,3.94
2014-04-14,3.99
2014-04-11,3.88
2014-04-10,3.99
2014-04-08,4.03
2014-04-07,3.9
2014-04-04,4.18
2014-04-03,3.97
2014-04-02,3.8
2014-04-01,3.86
2014-03-31,3.92
2014-03-28,3.94
2014-03-27,4.03
2014-03-26,4.14
2014-03-25,4.18
2014-03-24,4.12
2014-03-21,3.97
2014-03-20,3.9
2014-03-19,3.94
2014-03-18,3.8
2014-03-17,3.79
2014-03-14,3.79
2014-03-13,3.8
2014-03-12,3.79
2014-03-11,3.8
2014-03-10,3.8
2014-03-07,3.82
2014-03-06,3.82
2014-03-05,3.77
2014-03-04,3.77
2014-03-03,3.77
2014-02-28,3.75
2014-02-27,3.8
2014-02-26,3.88
2014-02-25,3.8
2014-02-24,3.8
2014-02-21,3.73
2014-02-20,3.65
2014-02-19,3.88
2014-02-18,3.75
2014-02-17,3.8
2014-02-14,3.8
2014-02-13,3.69
2014-02-12,3.47
2014-02-11,3.37
2014-02-10,3.26
2014-02-07,3.32
2014-02-06,3.34
2014-01-27,3.17
2014-01-24,3.13
2014-01-23,3.07
2014-01-22,2.98
2014-01-21,3.0
2014-01-20,3.02
2014-01-17,3.02
2014-01-16,3.06
2014-01-15,3.07
2014-01-14,3.06
2014-01-13,3.04
2014-01-10,3.02
2014-01-09,3.07
2014-01-08,3.06
2014-01-07,3.0
2014-01-06,2.92
2014-01-03,3.0
2014-01-02,3.06
2013-12-31,3.07
2013-12-30,2.96
2013-12-27,3.04
2013-12-26,3.0
2013-12-25,2.98
2013-12-24,3.07
2013-12-23,3.09
2013-12-20,3.02
2013-12-19,3.02
2013-12-18,3.07
2013-12-17,3.09
2013-12-16,3.06
2013-12-13,3.0
2013-12-12,2.92
2013-12-11,2.94
2013-12-10,2.96
2013-12-09,2.94
2013-12-06,2.94
2013-12-05,2.94
2013-12-04,2.92
2013-12-03,2.91
2013-12-02,2.87
2013-11-29,2.87
2013-11-28,2.87
2013-11-27,2.87
2013-11-26,2.91
2013-11-25,2.89
2013-11-22,2.83
2013-11-21,2.83
2013-11-20,2.91
2013-11-19,2.94
2013-11-18,2.85
2013-11-15,2.89
2013-11-14,2.89
2013-11-13,2.93
2013-11-12,2.96
2013-11-11,3.04
2013-11-08,2.89
2013-11-07,2.71
2013-11-06,2.54
2013-11-05,2.64
2013-11-04,2.51
2013-11-01,2.51
2013-10-31,2.52
2013-10-30,2.52
2013-10-29,2.54
2013-10-28,2.56
2013-10-25,2.59
2013-10-24,2.66
2013-10-23,2.69
2013-10-22,2.62
2013-10-21,2.47
2013-10-18,2.4
2013-10-17,2.49
2013-10-16,2.37
2013-10-15,2.37
2013-10-14,2.37
2013-10-11,2.3
2013-10-10,2.35
2013-10-09,2.37
2013-10-08,2.34
2013-10-07,2.32
2013-10-04,2.32
2013-10-03,2.3
2013-10-02,2.35
2013-10-01,2.29
2013-09-30,2.3
2013-09-27,2.29
2013-09-26,2.3
2013-09-25,2.27
2013-09-24,2.32
2013-09-23,2.32
2013-09-20,2.29
2013-09-19,2.29
2013-09-18,2.27
2013-09-17,2.27
2013-09-16,2.27
2013-09-13,2.29
2013-09-12,2.27
2013-09-11,2.27
2013-09-10,2.27
2013-09-09,2.27
2013-09-06,2.24
2013-09-05,2.27
2013-09-04,2.27
2013-09-03,2.34
2013-08-30,2.34
2013-08-29,2.34
2013-08-28,2.27
2013-08-27,2.32
2013-08-26,2.32
2013-08-23,2.32
2013-08-22,2.35
2013-08-21,2.35
2013-08-20,2.35
2013-08-19,2.35
2013-08-16,2.35
2013-08-15,2.32
2013-08-14,2.29
2013-08-13,2.34
2013-08-12,2.35
2013-08-09,2.35
2013-08-08,2.35
2013-08-07,2.32
2013-08-06,2.27
2013-08-05,2.32
2013-08-02,2.32
2013-08-01,2.32
2013-07-31,2.32
2013-07-30,2.27
2013-07-29,2.39
2013-07-26,2.37
2013-07-25,2.32
2013-07-24,2.2
2013-07-23,2.2
2013-07-22,2.32
2013-07-19,2.35
2013-07-18,2.37
2013-07-17,2.39
2013-07-16,2.39
2013-07-15,2.35
2013-07-12,2.35
2013-07-11,2.34
2013-07-10,2.32
2013-07-09,2.35
2013-07-08,2.35
2013-07-05,2.35
2013-07-04,2.39
2013-07-03,2.34
2013-07-02,2.31
2013-07-01,2.26
2013-06-28,2.23
2013-06-27,2.23
2013-06-26,2.21
2013-06-25,2.32
2013-06-24,2.24
2013-06-21,2.24
2013-06-20,2.28
2013-06-19,2.31
2013-06-18,2.31
2013-06-17,2.28
2013-06-14,2.28
2013-06-13,2.28
2013-06-12,2.26
2013-06-11,2.23
2013-06-10,2.29
2013-06-07,2.29
2013-06-06,2.29
2013-06-05,2.29
2013-06-04,2.29
2013-06-03,2.23
2013-05-31,2.23
2013-05-30,2.28
2013-05-29,2.28
2013-05-28,2.28
2013-05-27,2.26
2013-05-24,2.32
2013-05-23,2.23
2013-05-22,2.23
2013-05-21,2.23
2013-05-20,2.39
2013-05-17,2.39
2013-05-16,2.35
2013-05-15,2.35
2013-05-14,2.32
2013-05-13,2.39
2013-05-10,2.39
2013-05-09,2.34
2013-05-08,2.2
2013-05-07,2.24
2013-05-06,2.24
2013-05-03,2.32
2013-05-02,2.32
2013-04-26,2.28
2013-04-25,2.35
2013-04-24,2.32
2013-04-23,2.39
2013-04-22,2.45
2013-04-18,2.48
2013-04-17,2.65
2013-04-16,2.48
2013-04-15,2.39
2013-04-12,2.35
2013-04-11,2.32
2013-04-10,2.32
2013-04-09,2.32
2013-04-08,2.29
2013-04-05,2.23
2013-04-04,2.32
2013-04-03,2.34
2013-04-02,2.29
2013-04-01,2.39
2013-03-29,2.26
2013-03-28,2.26
2013-03-27,2.26
2013-03-26,2.26
2013-03-25,2.29
2013-03-22,2.18
2013-03-21,2.21
2013-03-20,2.21
2013-03-19,2.21
2013-03-18,2.2
2013-03-15,2.2
2013-03-14,2.18
2013-03-13,2.2
2013-03-12,2.26
2013-03-11,2.26
2013-03-08,2.23
2013-03-07,2.18
2013-03-06,2.18
2013-03-05,2.2
2013-03-04,2.15
2013-03-01,2.24
2013-02-28,2.2
2013-02-27,2.17
2013-02-26,2.23
2013-02-25,2.2
2013-02-22,2.2
2013-02-21,2.1
2013-02-20,2.23
2013-02-19,2.2
2013-02-18,2.21
2013-02-08,2.15
2013-02-07,2.2
2013-02-06,2.06
2013-02-05,1.99
2013-02-04,2.06
2013-02-01,1.99
2013-01-31,2.1
2013-01-30,2.1
2013-01-29,2.07
2013-01-28,2.07
2013-01-25,2.04
2013-01-24,2.06
2013-01-23,2.06
2013-01-22,2.01
2013-01-21,2.06
2013-01-18,2.06
2013-01-17,2.01
2013-01-16,2.01
2013-01-15,2.02
2013-01-14,2.02
2013-01-11,2.04
2013-01-10,2.02
2013-01-09,2.04
2013-01-08,2.04
2013-01-07,2.02
2013-01-04,2.06
2013-01-03,2.06
2013-01-02,2.02
2012-12-28,1.93
2012-12-27,2.01
2012-12-26,1.98
2012-12-25,1.98
2012-12-24,1.88
2012-12-21,1.96
2012-12-20,1.98
2012-12-19,1.98
2012-12-18,1.99
2012-12-17,1.99
2012-12-14,2.01
2012-12-13,2.01
2012-12-12,1.99
2012-12-11,1.96
2012-12-10,1.99
2012-12-07,1.91
2012-12-06,1.85
2012-12-05,1.88
2012-12-04,1.82
2012-12-03,1.79
2012-11-30,1.76
2012-11-29,1.79
2012-11-28,1.76
2012-11-27,1.77
2012-11-26,1.79
2012-11-23,1.82
2012-11-22,1.81
2012-11-21,1.83
2012-11-20,1.82
2012-11-19,1.86
2012-11-16,1.86
2012-11-15,1.83
2012-11-14,1.83
2012-11-13,1.79
2012-11-12,1.77
2012-11-09,1.78
2012-11-08,1.77
2012-11-07,1.77
2012-11-06,1.77
2012-11-05,1.77
2012-11-02,1.77
2012-11-01,1.75
2012-10-31,1.75
2012-10-30,1.71
2012-10-29,1.73
2012-10-26,1.71
2012-10-25,1.71
2012-10-24,1.63
2012-10-23,1.63
2012-10-22,1.57
2012-10-19,1.51
2012-10-18,1.57
2012-10-17,1.5
2012-10-16,1.5
2012-10-15,1.5
2012-10-12,1.54
2012-10-11,1.55
2012-10-10,1.58
2012-10-09,1.57
2012-10-08,1.5
2012-10-05,1.43
2012-10-04,1.37
2012-10-03,1.35
2012-10-02,1.41
2012-10-01,1.47
2012-09-28,1.54
2012-09-27,1.47
2012-09-26,1.54
2012-09-25,1.5
2012-09-24,1.46
2012-09-21,1.53
2012-09-20,1.51
2012-09-19,1.53
2012-09-18,1.61
2012-09-17,1.55
2012-09-14,1.49
2012-09-13,1.42
2012-09-12,1.45
2012-09-11,1.45
2012-09-10,1.38
2012-09-07,1.45
2012-09-06,1.38
2012-09-05,1.38
2012-09-04,1.43
2012-08-31,1.43
2012-08-30,1.43
2012-08-29,1.38
2012-08-28,1.37
2012-08-27,1.31
2012-08-24,1.38
2012-08-23,1.33
2012-08-22,1.39
2012-08-21,1.46
2012-08-20,1.53
2012-08-17,1.53
2012-08-16,1.55
2012-08-15,1.55
2012-08-14,1.62
2012-08-13,1.62
2012-08-10,1.62
2012-08-09,1.62
2012-08-08,1.58
2012-08-07,1.53
2012-08-06,1.58
2012-08-03,1.51
2012-08-02,1.57
2012-08-01,1.5
2012-07-31,1.57
2012-07-30,1.54
2012-07-27,1.54
2012-07-26,1.54
2012-07-25,1.59
2012-07-24,1.54
2012-07-23,1.55
2012-07-20,1.59
2012-07-19,1.66
2012-07-18,1.65
2012-07-17,1.58
2012-07-16,1.51
2012-07-13,1.57
2012-07-12,1.51
2012-07-11,1.51
2012-07-10,1.58
2012-07-09,1.58
2012-07-06,1.54
2012-07-05,1.49
2012-07-04,1.55
2012-07-03,1.49
2012-07-02,1.55
2012-06-29,1.61
2012-06-28,1.61
2012-06-27,1.69
2012-06-26,1.61
2012-06-25,1.65
2012-06-22,1.73
2012-06-21,1.73
2012-06-20,1.73
2012-06-19,1.73
2012-06-18,1.73
2012-06-15,1.74
2012-06-14,1.74
2012-06-13,1.74
2012-06-12,1.71
2012-06-11,1.75
2012-06-08,1.71
2012-06-07,1.71
2012-06-06,1.69
2012-06-05,1.63
2012-06-04,1.71
2012-06-01,1.63
2012-05-31,1.71
2012-05-30,1.68
2012-05-29,1.62
2012-05-28,1.63
2012-05-25,1.71
2012-05-24,1.65
2012-05-23,1.57
2012-05-22,1.62
2012-05-21,1.69
2012-05-18,1.63
2012-05-17,1.71
2012-05-16,1.77
2012-05-15,1.86
2012-05-14,1.82
2012-05-11,1.83
2012-05-10,1.74
2012-05-09,1.67
2012-05-08,1.69
2012-05-07,1.67
2012-05-04,1.63
2012-05-03,1.63
2012-05-02,1.6
2012-04-27,1.6
2012-04-26,1.6
2012-04-25,1.6
2012-04-24,1.52
2012-04-23,1.5
2012-04-20,1.52
2012-04-19,1.52
2012-04-18,1.52
2012-04-17,1.52
2012-04-16,1.48
2012-04-13,1.51
2012-04-12,1.58
2012-04-11,1.55
2012-04-10,1.52
2012-04-09,1.5
2012-04-06,1.45
2012-04-05,1.47
2012-04-04,1.51
2012-04-03,1.46
2012-03-30,1.51
2012-03-29,1.52
2012-03-28,1.52
2012-03-27,1.53
2012-03-26,1.53
2012-03-23,1.55
2012-03-22,1.52
2012-03-21,1.48
2012-03-20,1.52
2012-03-19,1.6
2012-03-16,1.56
2012-03-15,1.48
2012-03-14,1.56
2012-03-13,1.57
2012-03-12,1.56
2012-03-09,1.62
2012-03-08,1.62
2012-03-07,1.66
2012-03-06,1.67
2012-03-05,1.62
2012-03-02,1.55
2012-03-01,1.61
2012-02-29,1.61
2012-02-28,1.61
2012-02-27,1.61
2012-02-24,1.61
2012-02-23,1.61
2012-02-22,1.58
2012-02-21,1.53
2012-02-20,1.61
2012-02-17,1.61
2012-02-16,1.56
2012-02-15,1.56
2012-02-14,1.48
2012-02-13,1.48
2012-02-10,1.46
2012-02-09,1.51
2012-02-08,1.48
2012-02-07,1.43
2012-02-06,1.4
2012-02-03,1.4
2012-02-02,1.42
2012-02-01,1.42
2012-01-31,1.42
2012-01-30,1.37
2012-01-20,1.32
2012-01-19,1.35
2012-01-18,1.37
2012-01-17,1.31
2012-01-16,1.37
2012-01-13,1.37
2012-01-12,1.42
2012-01-11,1.42
2012-01-10,1.36
2012-01-09,1.3
2012-01-06,1.31
2012-01-05,1.42
2012-01-04,1.3
2012-01-03,1.28
2011-12-30,1.28
2011-12-29,1.3
2011-12-28,1.3
2011-12-27,1.26
2011-12-26,1.25
2011-12-23,1.25
2011-12-22,1.3
2011-12-21,1.3
2011-12-20,1.25
2011-12-19,1.31
2011-12-16,1.38
2011-12-15,1.36
2011-12-14,1.3
2011-12-13,1.37
2011-12-12,1.41
2011-12-09,1.39
2011-12-08,1.33
2011-12-07,1.4
2011-12-06,1.4
2011-12-05,1.45
2011-12-02,1.42
2011-12-01,1.38
2011-11-30,1.41
2011-11-29,1.41
2011-11-28,1.36
2011-11-25,1.36
2011-11-24,1.36
2011-11-23,1.38
2011-11-22,1.38
2011-11-21,1.42
2011-11-18,1.42
2011-11-17,1.42
2011-11-16,1.42
2011-11-15,1.39
2011-11-14,1.39
2011-11-11,1.38
2011-11-10,1.32
2011-11-09,1.32
2011-11-08,1.32
2011-11-07,1.26
2011-11-04,1.3
2011-11-03,1.24
2011-11-02,1.25
2011-11-01,1.26
2011-10-31,1.3
2011-10-28,1.24
2011-10-27,1.3
2011-10-26,1.3
2011-10-25,1.3
2011-10-24,1.3
2011-10-21,1.3
2011-10-20,1.36
2011-10-19,1.36
2011-10-18,1.36
2011-10-17,1.36
2011-10-14,1.34
2011-10-13,1.34
2011-10-12,1.33
2011-10-11,1.3
2011-10-10,1.37
2011-10-07,1.37
2011-10-06,1.37
2011-10-05,1.36
2011-10-04,1.3
2011-10-03,1.29
2011-09-30,1.36
2011-09-29,1.36
2011-09-28,1.42
2011-09-27,1.42
2011-09-26,1.41
2011-09-23,1.42
2011-09-22,1.42
2011-09-21,1.36
2011-09-20,1.41
2011-09-19,1.4
2011-09-16,1.39
2011-09-15,1.43
2011-09-14,1.45
2011-09-13,1.45
2011-09-12,1.39
2011-09-09,1.45
2011-09-08,1.45
2011-09-07,1.38
2011-09-06,1.36
2011-09-05,1.41
2011-09-01,1.4
2011-08-31,1.42
2011-08-30,1.42
2011-08-29,1.36
2011-08-26,1.36
2011-08-25,1.36
2011-08-24,1.41
2011-08-23,1.36
2011-08-22,1.41
2011-08-19,1.41
2011-08-18,1.41
2011-08-17,1.45
2011-08-16,1.41
2011-08-15,1.46
2011-08-12,1.46
2011-08-11,1.41
2011-08-10,1.42
2011-08-09,1.36
2011-08-08,1.41
2011-08-05,1.45
2011-08-04,1.39
2011-08-03,1.33
2011-08-02,1.37
2011-08-01,1.33
2011-07-29,1.31
2011-07-28,1.27
2011-07-27,1.27
2011-07-26,1.27
2011-07-25,1.32
2011-07-22,1.27
2011-07-21,1.31
2011-07-20,1.32
2011-07-19,1.34
2011-07-18,1.33
2011-07-15,1.31
2011-07-14,1.37
2011-07-13,1.35
2011-07-12,1.35
2011-07-11,1.29
2011-07-08,1.24
2011-07-07,1.3
2011-07-06,1.35
2011-07-05,1.29
2011-07-04,1.24
2011-07-01,1.24
2011-06-30,1.3
2011-06-29,1.32
2011-06-28,1.31
2011-06-27,1.37
2011-06-24,1.35
2011-06-23,1.35
2011-06-22,1.36
2011-06-21,1.43
2011-06-20,1.49
2011-06-17,1.55
2011-06-16,1.5
2011-06-15,1.47
2011-06-14,1.48
2011-06-13,1.54
2011-06-10,1.48
2011-06-09,1.43
2011-06-08,1.4
2011-06-07,1.41
2011-06-06,1.36
2011-06-03,1.35
2011-06-02,1.37
2011-06-01,1.35
2011-05-31,1.34
2011-05-30,1.35
2011-05-27,1.4
2011-05-26,1.34
2011-05-25,1.29
2011-05-24,1.35
2011-05-23,1.3
2011-05-20,1.32
2011-05-19,1.38
2011-05-18,1.43
2011-05-17,1.44
2011-05-16,1.38
2011-05-13,1.46
2011-05-12,1.46
2011-05-11,1.44
2011-05-10,1.51
2011-05-09,1.51
2011-05-06,1.49
2011-05-05,1.49
2011-05-04,1.46
2011-04-29,1.47
2011-04-28,1.46
2011-04-27,1.47
2011-04-26,1.54
2011-04-25,1.48
2011-04-22,1.45
2011-04-21,1.5
2011-04-20,1.5
2011-04-19,1.51
2011-04-18,1.55
2011-04-15,1.58
2011-04-14,1.6
2011-04-13,1.61
2011-04-08,1.56
2011-04-07,1.49
2011-04-06,1.5
2011-04-05,1.56
2011-04-04,1.56
2011-04-01,1.62
2011-03-31,1.7
2011-03-30,1.68
2011-03-29,1.68
2011-03-28,1.68
2011-03-25,1.68
2011-03-24,1.71
2011-03-23,1.68
2011-03-22,1.68
2011-03-21,1.75
2011-03-18,1.69
2011-03-17,1.69
2011-03-16,1.77
2011-03-15,1.77
2011-03-14,1.77
2011-03-11,1.74
2011-03-10,1.66
2011-03-09,1.59
2011-03-08,1.66
2011-03-07,1.59
2011-03-04,1.59
2011-03-03,1.65
2011-03-02,1.69
2011-03-01,1.77
2011-02-28,1.84
2011-02-25,1.8
2011-02-24,1.88
2011-02-23,1.88
2011-02-22,1.88
2011-02-21,1.97
2011-02-18,2.07
2011-02-17,2.03
2011-02-16,2.05
2011-02-15,2.05
2011-02-14,2.13
2011-02-11,2.14
2011-02-10,2.15
2011-02-09,2.16
2011-02-08,2.15
2011-01-28,2.15
2011-01-27,2.15
2011-01-26,2.18
2011-01-25,2.1
2011-01-24,2.01
2011-01-21,2.04
2011-01-20,2.13
2011-01-19,2.08
2011-01-18,2.07
2011-01-17,2.16
2011-01-14,2.16
2011-01-13,2.21
2011-01-12,2.18
2011-01-11,2.18
2011-01-10,2.18
2011-01-07,2.29
2011-01-06,2.31
2011-01-05,2.29
2011-01-04,2.41
2010-12-31,2.31
2010-12-30,2.26
2010-12-29,2.22
2010-12-28,2.33
2010-12-27,2.28
2010-12-24,2.2
2010-12-23,2.31
2010-12-22,2.22
2010-12-21,2.23
2010-12-20,2.24
2010-12-17,2.13
2010-12-16,2.03
2010-12-15,2.12
2010-12-14,2.11
2010-12-13,2.13
2010-12-10,2.03
2010-12-09,2.02
2010-12-08,2.09
2010-12-07,2.2
2010-12-06,2.2
2010-12-03,2.16
2010-12-02,2.25
2010-12-01,2.14
2010-11-30,2.22
2010-11-29,2.22
2010-11-26,2.31
2010-11-25,2.33
2010-11-24,2.27
2010-11-23,2.21
2010-11-22,2.11
2010-11-19,2.11
2010-11-18,2.22
2010-11-17,2.33
2010-11-16,2.31
2010-11-15,2.33
2010-11-12,2.45
2010-11-11,2.45
2010-11-10,2.34
2010-11-09,2.29
2010-11-08,2.29
2010-11-05,2.26
2010-11-04,2.15
2010-11-03,2.26
2010-11-02,2.37
2010-11-01,2.41
2010-10-29,2.38
2010-10-28,2.38
2010-10-27,2.36
2010-10-26,2.36
2010-10-25,2.31
2010-10-22,2.27
2010-10-21,2.19
2010-10-20,2.18
2010-10-19,2.27
2010-10-18,2.3
2010-10-15,2.31
2010-10-14,2.41
2010-10-13,2.5
2010-10-12,2.39
2010-10-11,2.36
2010-10-08,2.46
2010-10-07,2.37
2010-10-06,2.37
2010-10-05,2.27
2010-10-04,2.37
2010-10-01,2.46
2010-09-30,2.49
2010-09-29,2.49
2010-09-28,2.42
2010-09-27,2.36
2010-09-24,2.45
2010-09-23,2.43
2010-09-22,2.55
2010-09-21,2.51
2010-09-20,2.51
2010-09-17,2.48
2010-09-16,2.5
2010-09-15,2.51
2010-09-14,2.5
2010-09-13,2.41
2010-09-10,2.41
2010-09-09,2.44
2010-09-08,2.51
2010-09-07,2.6
2010-09-06,2.55
2010-09-01,2.55
2010-08-31,2.53
2010-08-30,2.55
2010-08-27,2.45
2010-08-26,2.38
2010-08-25,2.37
2010-08-24,2.49
2010-08-23,2.62
2010-08-20,2.55
2010-08-19,2.6
2010-08-18,2.67
2010-08-17,2.71
2010-08-16,2.75
2010-08-13,2.67
2010-08-12,2.55
2010-08-11,2.55
2010-08-10,2.55
2010-08-09,2.6
2010-08-06,2.73
2010-08-05,2.72
2010-08-04,2.74
2010-08-03,2.83
2010-08-02,2.83
2010-07-30,2.83
2010-07-29,2.83
2010-07-28,2.83
2010-07-27,2.83
2010-07-26,2.78
2010-07-23,2.82
2010-07-22,2.83
2010-07-21,2.74
2010-07-20,2.83
2010-07-19,2.74
2010-07-16,2.74
2010-07-15,2.74
2010-07-14,2.83
2010-07-13,2.85
2010-07-12,2.85
2010-07-09,2.85
2010-07-08,2.85
2010-07-07,2.79
2010-07-06,2.79
2010-07-05,2.82
2010-07-02,2.82
2010-07-01,2.82
2010-06-30,2.8
2010-06-29,2.83
2010-06-28,2.83
2010-06-25,2.91
2010-06-24,2.82
2010-06-23,2.92
2010-06-22,2.84
2010-06-21,2.84
2010-06-18,2.83
2010-06-17,2.83
2010-06-16,2.92
2010-06-15,2.92
2010-06-14,2.86
2010-06-11,2.95
2010-06-10,2.98
2010-06-09,2.91
2010-06-08,2.83
2010-06-07,2.9
2010-06-04,2.9
2010-06-03,2.8
2010-06-02,2.83
2010-06-01,2.79
2010-05-31,2.84
2010-05-28,2.92
2010-05-27,2.92
2010-05-26,2.91
2010-05-25,2.92
2010-05-24,2.81
2010-05-21,2.95
2010-05-20,3.0
2010-05-19,2.96
2010-05-18,3.0
2010-05-17,2.87
2010-05-14,2.87
2010-05-13,2.74
2010-05-12,2.74
2010-05-11,2.69
2010-05-10,2.64
2010-05-07,2.67
2010-05-06,2.76
2010-05-05,2.76
2010-05-04,2.76
2010-04-29,2.63
2010-04-28,2.6
2010-04-27,2.62
2010-04-26,2.67
2010-04-22,2.67
2010-04-21,2.69
2010-04-20,2.72
2010-04-19,2.63
2010-04-16,2.61
2010-04-15,2.54
2010-04-14,2.6
2010-04-13,2.54
2010-04-12,2.61
2010-04-09,2.54
2010-04-08,2.51
2010-04-07,2.5
2010-04-06,2.59
2010-04-05,2.59
2010-04-02,2.53
2010-04-01,2.48
2010-03-31,2.57
2010-03-30,2.49
2010-03-29,2.61
2010-03-26,2.58
2010-03-25,2.65
2010-03-24,2.65
2010-03-23,2.65
2010-03-22,2.68
2010-03-19,2.71
2010-03-18,2.68
2010-03-17,2.6
2010-03-16,2.6
2010-03-15,2.7
2010-03-12,2.7
2010-03-11,2.77
2010-03-10,2.78
2010-03-09,2.71
2010-03-08,2.83
2010-03-05,2.77
2010-03-04,2.77
2010-03-03,2.8
2010-03-02,2.77
2010-03-01,2.67
2010-02-26,2.64
2010-02-25,2.57
2010-02-24,2.69
2010-02-23,2.61
2010-02-22,2.74
2010-02-12,2.62
2010-02-11,2.48
2010-02-10,2.48
2010-02-09,2.39
2010-02-08,2.5
2010-02-05,2.44
2010-02-04,2.43
2010-02-03,2.42
2010-02-02,2.38
2010-02-01,2.3
2010-01-29,2.38
2010-01-28,2.32
2010-01-27,2.44
2010-01-26,2.42
2010-01-25,2.41
2010-01-22,2.41
2010-01-21,2.42
2010-01-20,2.39
2010-01-19,2.5
2010-01-18,2.45
2010-01-15,2.48
2010-01-14,2.44
2010-01-13,2.33
2010-01-12,2.44
2010-01-11,2.57
2010-01-08,2.68
2010-01-07,2.62
2010-01-06,2.75
2010-01-05,2.69
2010-01-04,2.73
2009-12-31,2.63
2009-12-30,2.63
2009-12-29,2.51
2009-12-28,2.52
2009-12-25,2.57
2009-12-24,2.54
2009-12-23,2.44
2009-12-22,2.46
2009-12-21,2.42
2009-12-18,2.31
2009-12-17,2.21
2009-12-16,2.19
2009-12-15,2.3
2009-12-14,2.36
2009-12-11,2.3
2009-12-10,2.41
2009-12-09,2.41
2009-12-08,2.38
2009-12-07,2.4
2009-12-04,2.46
2009-12-03,2.45
2009-12-02,2.49
2009-12-01,2.48
2009-11-30,2.38
2009-11-27,2.33
2009-11-26,2.22
2009-11-25,2.34
2009-11-24,2.46
2009-11-23,2.54
2009-11-20,2.67
2009-11-19,2.67
2009-11-18,2.67
2009-11-17,2.64
2009-11-16,2.64
2009-11-13,2.77
2009-11-12,2.67
2009-11-11,2.54
2009-11-10,2.43
2009-11-09,2.53
2009-11-06,2.65
2009-11-05,2.67
2009-11-04,2.55
2009-11-03,2.56
2009-11-02,2.7
2009-10-30,2.84
2009-10-29,2.77
2009-10-28,2.88
2009-10-27,2.85
2009-10-26,2.86
2009-10-23,2.83
2009-10-22,2.7
2009-10-21,2.57
2009-10-20,2.45
2009-10-19,2.42
2009-10-16,2.52
2009-10-15,2.62
2009-10-14,2.58
2009-10-13,2.46
2009-10-12,2.35
2009-10-09,2.24
2009-10-08,2.24
2009-10-07,2.19
2009-10-06,2.2
2009-10-05,2.17
2009-10-02,2.12
2009-10-01,2.2
2009-09-30,2.22
2009-09-29,2.24
2009-09-28,2.24
2009-09-25,2.26
2009-09-24,2.26
2009-09-23,2.27
2009-09-22,2.26
2009-09-21,2.29
2009-09-18,2.3
2009-09-17,2.3
2009-09-16,2.22
2009-09-15,2.22
2009-09-14,2.23
2009-09-11,2.17
2009-09-10,2.15
2009-09-09,2.21
2009-09-08,2.23
2009-09-07,2.14
2009-09-04,2.19
2009-09-03,2.24
2009-09-01,2.34
2009-08-31,2.24
2009-08-28,2.13
2009-08-27,2.13
2009-08-26,2.13
2009-08-25,2.14
2009-08-24,2.22
2009-08-21,2.21
2009-08-20,2.1
2009-08-19,2.0
2009-08-18,2.0
2009-08-17,2.0
2009-08-14,2.03
2009-08-13,2.03
2009-08-12,2.0
2009-08-11,2.03
2009-08-10,2.1
2009-08-07,2.03
2009-08-06,2.01
2009-08-05,1.92
2009-08-04,1.83
2009-08-03,1.77
2009-07-31,1.7
2009-07-30,1.62
2009-07-29,1.64
2009-07-28,1.68
2009-07-27,1.75
2009-07-24,1.79
2009-07-23,1.7
2009-07-22,1.63
2009-07-21,1.63
2009-07-20,1.58
2009-07-17,1.64
2009-07-16,1.66
2009-07-15,1.65
2009-07-14,1.72
2009-07-13,1.8
2009-07-10,1.89
2009-07-09,1.99
2009-07-08,1.99
2009-07-07,1.96
2009-07-06,1.95
2009-07-03,1.86
2009-07-02,1.94
2009-07-01,1.87
2009-06-30,1.96
2009-06-29,1.96
2009-06-26,2.01
2009-06-25,1.94
2009-06-24,1.94
2009-06-23,1.85
2009-06-22,1.94
2009-06-19,2.04
2009-06-18,2.11
2009-06-17,2.02
2009-06-16,2.12
2009-06-15,2.23
2009-06-12,2.32
2009-06-11,2.28
2009-06-10,2.18
2009-06-09,2.28
2009-06-08,2.17
2009-06-05,2.07
2009-06-04,1.98
2009-06-03,1.88
2009-06-02,1.8
2009-06-01,1.72
2009-05-29,1.72
2009-05-28,1.7
2009-05-27,1.78
2009-05-26,1.76
2009-05-25,1.78
2009-05-22,1.7
2009-05-21,1.74
2009-05-20,1.74
2009-05-19,1.74
2009-05-18,1.73
2009-05-15,1.73
2009-05-14,1.68
2009-05-13,1.66
2009-05-12,1.54
2009-05-11,1.47
2009-05-08,1.53
2009-05-07,1.55
2009-05-06,1.48
2009-05-05,1.48
2009-05-04,1.42
2009-04-29,1.35
2009-04-28,1.4
2009-04-27,1.38
2009-04-24,1.38
2009-04-23,1.44
2009-04-22,1.42
2009-04-21,1.35
2009-04-20,1.42
2009-04-17,1.49
2009-04-16,1.46
2009-04-15,1.4
2009-04-14,1.47
2009-04-13,1.46
2009-04-10,1.4
2009-04-09,1.33
2009-04-08,1.3
2009-04-07,1.32
2009-04-03,1.28
2009-04-02,1.22
2009-04-01,1.22
2009-03-31,1.21
2009-03-30,1.24
2009-03-27,1.25
2009-03-26,1.26
2009-03-25,1.22
2009-03-24,1.24
2009-03-23,1.23
2009-03-20,1.23
2009-03-19,1.2
2009-03-18,1.26
2009-03-17,1.23
2009-03-16,1.19
2009-03-13,1.19
2009-03-12,1.22
2009-03-11,1.21
2009-03-10,1.16
2009-03-09,1.14
2009-03-06,1.15
2009-03-05,1.2
2009-03-04,1.18
2009-03-03,1.16
2009-03-02,1.13
2009-02-27,1.11
2009-02-26,1.14
2009-02-25,1.2
2009-02-24,1.14
2009-02-23,1.2
2009-02-20,1.2
2009-02-19,1.23
2009-02-18,1.2
2009-02-17,1.26
2009-02-16,1.26
2009-02-13,1.31
2009-02-12,1.32
2009-02-11,1.32
2009-02-10,1.32
2009-02-09,1.38
2009-02-06,1.45
2009-02-05,1.39
2009-02-04,1.39
2009-02-03,1.33
2009-02-02,1.3
2009-01-23,1.36
2009-01-22,1.34
2009-01-21,1.34
2009-01-20,1.34
2009-01-19,1.36
2009-01-16,1.36
2009-01-15,1.36
2009-01-14,1.36
2009-01-13,1.34
2009-01-12,1.34
2009-01-09,1.36
2009-01-08,1.32
2009-01-07,1.3
2009-01-06,1.24
2009-01-05,1.26
2009-01-02,1.27
2008-12-31,1.3
2008-12-30,1.28
2008-12-29,1.24
2008-12-26,1.28
2008-12-25,1.26
2008-12-24,1.28
2008-12-23,1.25
2008-12-22,1.3
2008-12-19,1.3
2008-12-18,1.32
2008-12-17,1.31
2008-12-16,1.26
2008-12-15,1.32
2008-12-12,1.26
2008-12-11,1.2
2008-12-10,1.24
2008-12-09,1.25
2008-12-08,1.2
2008-12-05,1.25
2008-12-04,1.31
2008-12-03,1.34
2008-12-02,1.4
2008-12-01,1.46
2008-11-28,1.46
2008-11-27,1.39
2008-11-26,1.46
2008-11-25,1.53
2008-11-24,1.46
2008-11-21,1.52
2008-11-20,1.58
2008-11-19,1.66
2008-11-18,1.67
2008-11-17,1.74
2008-11-14,1.83
2008-11-13,1.74
2008-11-12,1.66
2008-11-11,1.67
2008-11-10,1.76
2008-11-07,1.82
2008-11-06,1.82
2008-11-05,1.82
2008-11-04,1.73
2008-11-03,1.78
2008-10-31,1.88
2008-10-30,1.82
2008-10-29,1.74
2008-10-28,1.66
2008-10-27,1.74
2008-10-24,1.83
2008-10-23,1.92
2008-10-22,2.02
2008-10-21,2.09
2008-10-20,2.06
2008-10-17,1.99
2008-10-16,1.9
2008-10-15,1.87
2008-10-14,1.82
2008-10-13,1.74
2008-10-10,1.75
2008-10-09,1.83
2008-10-08,1.88
2008-10-07,1.97
2008-10-06,2.07
2008-10-03,2.18
2008-10-02,2.14
2008-10-01,2.14
2008-09-30,2.06
2008-09-29,2.17
2008-09-26,2.18
2008-09-25,2.09
2008-09-24,2.0
2008-09-23,2.11
2008-09-22,2.02
2008-09-19,1.92
2008-09-18,1.83
2008-09-17,1.93
2008-09-16,2.03
2008-09-15,2.13
2008-09-12,2.23
2008-09-11,2.35
2008-09-10,2.47
2008-09-09,2.49
2008-09-08,2.37
2008-09-05,2.28
2008-09-04,2.4
2008-09-03,2.44
2008-08-29,2.33
2008-08-28,2.45
2008-08-27,2.57
2008-08-26,2.71
2008-08-25,2.69
2008-08-22,2.57
2008-08-21,2.7
2008-08-20,2.57
2008-08-19,2.58
2008-08-18,2.46
2008-08-15,2.35
2008-08-14,2.28
2008-08-13,2.22
2008-08-12,2.16
2008-08-11,2.1
2008-08-08,2.04
2008-08-07,1.99
2008-08-06,1.93
2008-08-05,1.88
2008-08-04,1.83
2008-08-01,1.78
2008-07-31,1.73
2008-07-30,1.68
2008-07-29,1.64
2008-07-28,1.59
2008-07-25,1.55
2008-07-24,1.59
2008-07-23,1.64
2008-07-22,1.69
2008-07-21,1.74
2008-07-18,1.79
2008-07-17,1.84
2008-07-16,1.89
2008-07-15,1.89
2008-07-14,1.84
2008-07-11,1.79
2008-07-10,1.74
2008-07-09,1.79
2008-07-08,1.84
2008-07-07,1.9
2008-07-04,1.9
2008-07-03,1.85
2008-07-02,1.8
2008-07-01,1.75
2008-06-30,1.7
2008-06-27,1.66
2008-06-26,1.61
2008-06-25,1.57
2008-06-24,1.61
2008-06-23,1.66
2008-06-20,1.71
2008-06-19,1.76
2008-06-18,1.81
2008-06-17,1.81
2008-06-16,1.81
2008-06-13,1.78
2008-06-12,1.81
2008-06-11,1.85
2008-06-10,1.85
2008-06-09,1.88
2008-06-06,1.91
2008-06-05,1.95
2008-06-04,1.98
2008-06-03,2.02
2008-06-02,2.06
2008-05-30,2.1
2008-05-26,2.1
2008-05-23,2.14
2008-05-22,2.18
2008-05-21,2.18
2008-05-20,2.22
2008-05-19,2.27
2008-05-16,2.31
2008-05-15,2.36
2008-05-14,2.4
2008-05-13,2.45
2008-05-12,2.45
2008-05-09,2.5
2008-05-08,2.54
2008-05-07,2.59
2008-05-06,2.64
2008-05-05,2.7
2008-04-29,2.75
2008-04-28,2.79
2008-04-25,2.85
2008-04-24,2.9
2008-04-23,2.96
2008-04-22,3.02
2008-04-21,3.08
2008-04-18,3.1
2008-04-17,3.16
2008-04-16,3.22
2008-04-11,3.28
2008-04-10,3.33
2008-04-09,3.33
2008-04-08,3.28
2008-04-07,3.22
2008-04-04,3.16
2008-04-03,3.13
2008-04-02,3.1
2008-04-01,3.08
2008-03-31,3.05
2008-03-28,3.02
2008-03-27,2.99
2008-03-26,2.96
2008-03-25,3.1
2008-03-24,3.25
2008-03-21,3.39
2008-03-20,3.39
2008-03-19,3.56
2008-03-18,3.74
2008-03-17,3.91
2008-03-14,4.02
2008-03-13,4.11
2008-03-12,4.17
2008-03-11,4.28
2008-03-10,4.08
2008-03-07,3.91
2008-03-06,3.74
2008-03-05,3.56
2008-03-04,3.45
2008-03-03,3.62
2008-02-29,3.68
2008-02-28,3.85
2008-02-27,4.02
2008-02-26,4.05
2008-02-25,4.08
2008-02-22,3.91
2008-02-21,3.74
2008-02-20,3.85
2008-02-19,3.85
2008-02-18,3.97
2008-02-15,4.14
2008-02-14,4.02
2008-02-13,4.17
2008-02-12,4.37
2008-02-01,4.28
2008-01-31,4.14
2008-01-30,4.31
2008-01-29,4.14
2008-01-28,4.08
2008-01-25,4.25
2008-01-24,4.11
2008-01-23,4.2
2008-01-22,4.4
2008-01-21,4.54
2008-01-18,4.34
2008-01-17,4.14
2008-01-16,4.0
2008-01-15,3.82
2008-01-14,3.91
2008-01-11,3.79
2008-01-10,3.62
2008-01-09,3.74
2008-01-08,3.74
2008-01-07,3.82
2008-01-04,4.02
2008-01-03,4.02
2008-01-02,4.14
2007-12-28,4.34
2007-12-27,4.37
2007-12-26,4.37
2007-12-25,4.17
2007-12-24,4.37
2007-12-21,4.6
2007-12-20,4.83
2007-12-19,5.06
