Item,Q4 2007,Q4 2008,Q2 2009,Q4 2009,Q1 2010,Q2 2010,Q3 2010,Q4 2010,Q1 2011,Q2 2011,Q3 2011,Q4 2011,Q1 2012,Q2 2012,Q3 2012,Q4 2012,Q1 2013,Q2 2013,Q3 2013,Q4 2013,Q1 2014,Q2 2014,Q3 2014,Q4 2014,Q1 2015,Q2 2015,Q3 2015,Q4 2015,Q1 2016,Q2 2016,Q3 2016,Q4 2016,Q1 2017,Q2 2017,Q3 2017,Q4 2017,Q1 2018,Q2 2018,Q3 2018,Q4 2018,Q1 2019,Q2 2019,Q3 2019,Q4 2019,Q1 2020,Q2 2020,Q3 2020,Q4 2020,Q1 2021,Q2 2021,Q3 2021,Q4 2021,Q1 2022,Q2 2022,Q3 2022,Q4 2022,Q1 2023,Q2 2023,Q3 2023
TÀI SẢN,,,,,,,,,,,,,,,,,,,,,,,,,,,,,,,,,,,,,,,,,,,,,,,,,,,,,,,,,,,
A. Tài sản lưu động và đầu tư ngắn hạn,,,,211309893104.0,230258347047.0,196401355787.0,197125676674.0,180752513310.0,178476297860.0,163411462615.0,135446967475.0,137267120767.0,142865282652.0,131138516353.0,135794947821.0,137099328074.0,149845882547.0,155670741168.0,145868436362.0,154333750763.0,138135715285.0,140511436068.0,148970564685.0,209354179099.0,162187345502.0,152966112413.0,152110186350.0,167814373995.0,127348368660.0,122791824141.0,118252158383.0,109260401812.0,95533409248.0,92285856694.0,102946496280.0,126986436395.0,154133680264.0,131106074768.0,116695327107.0,141731911614.0,109657782729.0,110999061223.0,108126970784.0,121820530204.0,101839789631.0,99745724233.0,84546380397.0,97776718573.0,85107410034.0,86590518237.0,89465956419.0,114403437650.0,95172456839.0,75458476510.0,83893258505.0,102336826232.0,93877180345.0,91854963574.0,97636795398.0
I. Tiền và các khoản tương đương tiền,,,,112646118935.0,95462071499.0,125977851802.0,118144244622.0,114432892954.0,128073807940.0,124133783497.0,106235263691.0,106468232552.0,114788938978.0,100333862687.0,110951648618.0,108217013506.0,104248500753.0,108815911638.0,106086628575.0,88296121905.0,79348985472.0,87549137397.0,77519286950.0,92378334986.0,85976234603.0,79853563359.0,69361523942.0,58514567226.0,36937759608.0,31342750273.0,32911788772.0,29193177801.0,36303083993.0,33931518791.0,35676701997.0,34065397641.0,53270831948.0,39471980480.0,26255261312.0,25365235180.0,22836792204.0,32171841368.0,35060906339.0,30625854143.0,29499019156.0,24463207184.0,26574976664.0,39811612225.0,28970492036.0,33666360573.0,35938009109.0,58538788298.0,32610753117.0,16508708250.0,20372900227.0,22667748234.0,40636968515.0,40206268947.0,39309282202.0
1. Tiền,,,,33146118935.0,95462071499.0,125977851802.0,118144244622.0,114432892954.0,128073807940.0,50033783497.0,99035263691.0,28468232552.0,114788938978.0,26033862687.0,39527074618.0,28275631147.0,34378761453.0,29398668694.0,34697090344.0,32804371476.0,23613771826.0,54049137397.0,51319286950.0,59608901653.0,57579855020.0,53152496216.0,37531979063.0,28488514816.0,26398482973.0,14328149299.0,15049976718.0,24193177801.0,26192568341.0,23775964536.0,20865979240.0,16139155366.0,35769794852.0,21133494885.0,17184158728.0,23365235180.0,14205792206.0,30171841368.0,23060906339.0,25625854143.0,24499019156.0,18963207184.0,20206196593.0,27798985210.0,21470492036.0,26166360573.0,23938009109.0,46038788298.0,25082753117.0,15508708250.0,19372900227.0,21667748234.0,39636968515.0,34806268947.0,33859282202.0
2. Các khoản tương đương tiền,,,,79500000000.0,0.0,0.0,0.0,0.0,0.0,74100000000.0,7200000000.0,78000000000.0,0.0,74300000000.0,71424574000.0,79941382359.0,69869739300.0,79417242944.0,71389538231.0,55491750429.0,55735213646.0,33500000000.0,26200000000.0,32769433333.0,28396379583.0,26701067143.0,31829544879.0,30026052410.0,10539276635.0,17014600974.0,17861812054.0,5000000000.0,10110515652.0,10155554255.0,14810722757.0,17926242275.0,17501037096.0,18338485595.0,9071102584.0,2000000000.0,8630999998.0,2000000000.0,12000000000.0,5000000000.0,5000000000.0,5500000000.0,6368780071.0,12012627015.0,7500000000.0,7500000000.0,12000000000.0,12500000000.0,7528000000.0,1000000000.0,1000000000.0,1000000000.0,1000000000.0,5400000000.0,5450000000.0
II. Các khoản đầu tư tài chính ngắn hạn,,,,41280000000.0,42143368900.0,4000000000.0,6000000000.0,23189611851.0,4000000000.0,0.0,2000000000.0,1300000000.0,1500000000.0,7000000000.0,4000000000.0,4000000000.0,0.0,0.0,0.0,0.0,3100000000.0,3100000000.0,3100000000.0,0.0,0.0,4000000000.0,11218786810.0,11599708661.0,11599708661.0,11599708661.0,12106106556.0,12129342789.0,4000000000.0,4000000000.0,4000000000.0,4000000000.0,4000000000.0,4000000000.0,4000000000.0,9000000000.0,5175127492.0,0.0,0.0,2000000000.0,1000000000.0,4000000000.0,0.0,0.0,0.0,0.0,0.0,0.0,10000000000.0,10000000000.0,10060000000.0,10060000000.0,2200000000.0,8200000000.0,13200000000.0
1. Chứng khoán kinh doanh,,,,41280000000.0,42143368900.0,4000000000.0,6000000000.0,23189611851.0,4000000000.0,0.0,2000000000.0,1300000000.0,1500000000.0,7000000000.0,4000000000.0,4000000000.0,0.0,0.0,0.0,0.0,3100000000.0,3100000000.0,3100000000.0,0.0,0.0,0.0,0.0,0.0,0.0,0.0,0.0,0.0,0.0,0.0,0.0,0.0,0.0,0.0,0.0,0.0,0.0,0.0,0.0,2000000000.0,0.0,0.0,0.0,0.0,0.0,0.0,0.0,0.0,0.0,0.0,0.0,0.0,0.0,0.0,0.0
2. Dự phòng giảm giá chứng khoán kinh doanh,,,,0.0,0.0,0.0,0.0,0.0,0.0,0.0,0.0,0.0,0.0,0.0,0.0,0.0,0.0,0.0,0.0,0.0,0.0,0.0,0.0,0.0,0.0,0.0,0.0,0.0,0.0,0.0,0.0,0.0,0.0,0.0,0.0,0.0,0.0,0.0,0.0,0.0,0.0,0.0,0.0,0.0,0.0,0.0,0.0,0.0,0.0,0.0,0.0,0.0,0.0,0.0,0.0,0.0,0.0,0.0,0.0
3. Đầu tư nắm giữ đến ngày đáo hạn,,,,0.0,0.0,0.0,0.0,0.0,0.0,0.0,0.0,0.0,0.0,0.0,0.0,0.0,0.0,0.0,0.0,0.0,0.0,0.0,0.0,0.0,0.0,4000000000.0,11218786810.0,11599708661.0,11599708661.0,11599708661.0,12106106556.0,12129342789.0,4000000000.0,4000000000.0,4000000000.0,4000000000.0,4000000000.0,4000000000.0,4000000000.0,9000000000.0,5175127492.0,0.0,0.0,0.0,1000000000.0,4000000000.0,0.0,0.0,0.0,0.0,0.0,0.0,10000000000.0,10000000000.0,10060000000.0,10060000000.0,2200000000.0,8200000000.0,13200000000.0
III. Các khoản phải thu ngắn hạn,59624000000.0,66973000000.0,,42806938635.0,76157760509.0,59479970968.0,66273271135.0,40173134283.0,37618999414.0,34426804450.0,23798557174.0,26730579505.0,24119533567.0,21176877736.0,17877047995.0,16962436101.0,39133556985.0,39401745338.0,36704863199.0,54470206134.0,51357876100.0,45727233690.0,52249307591.0,107336127656.0,60062898676.0,60715729084.0,50991292932.0,76992218677.0,54102076345.0,52364655169.0,50119062492.0,50376067139.0,43778275564.0,39171369693.0,50253836596.0,59946267108.0,46109320291.0,28949388278.0,28774435025.0,65344449803.0,64633382910.0,56550175229.0,66678433075.0,82859468891.0,65603121721.0,63648235246.0,53534875075.0,53461424735.0,51623939447.0,47927993351.0,49168186151.0,51396121726.0,47235264167.0,41233479641.0,47997527889.0,64896677253.0,46002456638.0,38804292137.0,40066590795.0
1. Phải thu ngắn hạn của khách hàng,44347000000.0,54402000000.0,28275000000.0,44218736854.0,59505473709.0,57773309140.0,34594667031.0,30159991604.0,27569868308.0,23905361591.0,14626576857.0,19447350747.0,16757002990.0,13326265619.0,10745379465.0,13317309060.0,14618719431.0,25486613112.0,27486333996.0,38616719490.0,35827478635.0,26368431141.0,31639893654.0,95236351435.0,53760576815.0,46970420273.0,40647372447.0,62927404082.0,38901641219.0,38248663235.0,36952797691.0,41534085515.0,27919015844.0,20626143798.0,23115142104.0,46604165445.0,37352185169.0,18538492001.0,20533865194.0,53493693742.0,46846718396.0,34952940478.0,44627773791.0,62369281769.0,43702169580.0,42714850791.0,27678819848.0,34884033725.0,25036346964.0,25590239363.0,31435439801.0,38617004722.0,24058337744.0,27046042712.0,25534634971.0,45559039578.0,25516670350.0,25907746985.0,23053544381.0
2. Trả trước cho người bán,21790000000.0,16200000000.0,33387000000.0,659472196.0,17873929422.0,3265913508.0,33152664510.0,12591993321.0,12634813575.0,12583008361.0,13256516564.0,10287632193.0,10387101894.0,11294037794.0,11058920346.0,6315511562.0,27247379922.0,14630921640.0,9333325469.0,17296803637.0,16552567616.0,20856743732.0,22195793751.0,13999887682.0,8476314776.0,9842982557.0,6534014022.0,11100121109.0,10070933240.0,9288953639.0,9299230479.0,5957846532.0,11975217252.0,14542191754.0,23100699226.0,10515473656.0,6718628515.0,6641608716.0,4603775938.0,7945746286.0,4833499084.0,4578189669.0,4040850000.0,4013603231.0,4136303050.0,4136504250.0,4590018364.0,4797329139.0,7104202141.0,4533863800.0,4573483720.0,4357730000.0,6267910000.0,4040151461.0,5001568644.0,4725237149.0,6056403229.0,4699621926.0,4328548325.0
3. Phải thu nội bộ ngắn hạn,0.0,0.0,792000000.0,0.0,0.0,0.0,0.0,0.0,0.0,0.0,0.0,0.0,0.0,0.0,0.0,0.0,0.0,0.0,0.0,0.0,0.0,0.0,0.0,0.0,0.0,0.0,0.0,0.0,0.0,0.0,0.0,0.0,0.0,0.0,0.0,0.0,0.0,0.0,0.0,0.0,7677192600.0,0.0,0.0,339733297.0,0.0,0.0,0.0,0.0,0.0,0.0,0.0,0.0,0.0,0.0,0.0,0.0,0.0,0.0,0.0
4. Phải thu theo tiến độ hợp đồng xây dựng,0.0,0.0,,0.0,0.0,0.0,0.0,0.0,0.0,0.0,0.0,0.0,0.0,0.0,0.0,0.0,0.0,0.0,0.0,0.0,0.0,0.0,0.0,0.0,0.0,0.0,0.0,0.0,0.0,0.0,0.0,0.0,0.0,0.0,0.0,0.0,0.0,0.0,0.0,0.0,0.0,0.0,0.0,0.0,0.0,0.0,0.0,0.0,0.0,0.0,0.0,0.0,0.0,0.0,0.0,0.0,0.0,0.0,0.0
5. Phải thu về cho vay ngắn hạn,0.0,0.0,,0.0,0.0,0.0,0.0,0.0,0.0,0.0,0.0,0.0,0.0,0.0,0.0,0.0,0.0,0.0,0.0,0.0,0.0,0.0,0.0,0.0,0.0,0.0,0.0,0.0,0.0,0.0,0.0,0.0,0.0,0.0,0.0,0.0,0.0,0.0,0.0,0.0,0.0,0.0,0.0,0.0,0.0,0.0,0.0,0.0,0.0,0.0,0.0,0.0,0.0,0.0,0.0,0.0,0.0,0.0,0.0
6. Phải thu ngắn hạn khác,221000000.0,222000000.0,285000000.0,1868819184.0,2718446977.0,2380837919.0,2466029193.0,1563412284.0,1556580457.0,2022970745.0,0.0,308988585.0,288820703.0,595629840.0,111803701.0,329861471.0,21299043.0,341722965.0,942716113.0,215982911.0,165914255.0,371955930.0,283517299.0,544935931.0,271054477.0,7203978892.0,7111559101.0,6275096074.0,8450428225.0,7919667956.0,6959663983.0,5581511092.0,6579042468.0,6751957141.0,8020236762.0,6808869503.0,6067555405.0,7798336359.0,7665842691.0,7934058573.0,9305021628.0,21048093880.0,22038858082.0,20165899392.0,21828063489.0,20825929003.0,25295085661.0,21316596893.0,27019925364.0,25340425210.0,20695797652.0,16498560426.0,24986189845.0,18168368717.0,25482407523.0,22562262567.0,22316119258.0,16083659425.0,20392048383.0
7. Dự phòng phải thu ngắn hạn khó đòi,-6734000000.0,-3851000000.0,-3851000000.0,-3940089599.0,-3940089599.0,-3940089599.0,-3940089599.0,-4142262926.0,-4142262926.0,-4084536247.0,-4084536247.0,-3313392020.0,-3313392020.0,-4039055517.0,-4039055517.0,-3000245992.0,-2753841411.0,-1057512379.0,-1057512379.0,-1659299904.0,-1188084406.0,-1869897113.0,-1869897113.0,-2445047392.0,-2445047392.0,-3301652638.0,-3301652638.0,-3310402588.0,-3320926339.0,-3092629661.0,-3092629661.0,-2697376000.0,-2695000000.0,-2748923000.0,-3982241496.0,-3982241496.0,-4029048798.0,-4029048798.0,-4029048798.0,-4029048798.0,-4029048798.0,-4029048798.0,-4029048798.0,-4029048798.0,-4063414398.0,-4029048798.0,-4029048798.0,-7536535022.0,-7536535022.0,-7536535022.0,-7536535022.0,-8077173422.0,-8077173422.0,-8021083249.0,-8021083249.0,-7949862041.0,-7886736199.0,-7886736199.0,-7707550294.0
IV. Tổng hàng tồn kho,,,,13513850931.0,16061039808.0,5985231011.0,6380305767.0,2454470968.0,2636586006.0,3082849519.0,2173626623.0,1754799957.0,1370941447.0,1463349926.0,1444309254.0,6022396027.0,4557545144.0,5881513876.0,1972684852.0,9229035947.0,2358276503.0,1848829637.0,11491283495.0,6249977974.0,9005946758.0,8303202567.0,19542260420.0,19888810612.0,20502910786.0,22437598190.0,18664725410.0,13973197733.0,8761904047.0,13178195299.0,12986246624.0,28776033330.0,49794206884.0,57036437090.0,56624836077.0,41951564366.0,16067877507.0,20905211977.0,6196895780.0,6191288092.0,5262265405.0,7497878813.0,3853858701.0,3855305062.0,3794886822.0,3819287349.0,3743247349.0,3742285445.0,3761904118.0,6770388118.0,3639948118.0,3629467955.0,3661906366.0,3983239862.0,3619672362.0
1. Hàng tồn kho,,,,16973817205.0,19521006082.0,10275933324.0,10671008080.0,6109139211.0,6291254249.0,6357152381.0,2724614863.0,2516055613.0,2132197103.0,2123209017.0,2104168345.0,6806159266.0,5054408270.0,6195340961.0,2286511937.0,9919690830.0,3048931386.0,2757516174.0,12399970032.0,7158664511.0,9914633295.0,9242108404.0,20408700195.0,20375768785.0,20941621613.0,22666275878.0,18893403098.0,14201875421.0,8990581735.0,13406872987.0,13267679072.0,29129391283.0,50147564837.0,57219890355.0,56808289342.0,42135017631.0,16251330772.0,21088665242.0,6380349045.0,6363037824.0,5412368934.0,7647982342.0,4003962230.0,4005408591.0,3892235591.0,3916636118.0,3840596118.0,3839634214.0,3836772245.0,6845256245.0,3714816245.0,3730053261.0,3762491672.0,4083825168.0,3720257668.0
2. Dự phòng giảm giá hàng tồn kho,,,,-3459966274.0,-3459966274.0,-4290702313.0,-4290702313.0,-3654668243.0,-3654668243.0,-3274302862.0,-550988240.0,-761255656.0,-761255656.0,-659859091.0,-659859091.0,-783763239.0,-496863126.0,-313827085.0,-313827085.0,-690654883.0,-690654883.0,-908686537.0,-908686537.0,-908686537.0,-908686537.0,-938905837.0,-866439775.0,-486958173.0,-438710827.0,-228677688.0,-228677688.0,-228677688.0,-228677688.0,-228677688.0,-281432448.0,-353357953.0,-353357953.0,-183453265.0,-183453265.0,-183453265.0,-183453265.0,-183453265.0,-183453265.0,-171749732.0,-150103529.0,-150103529.0,-150103529.0,-150103529.0,-97348769.0,-97348769.0,-97348769.0,-97348769.0,-74868127.0,-74868127.0,-74868127.0,-100585306.0,-100585306.0,-100585306.0,-100585306.0
V. Tài sản ngắn hạn khác,,,,1062984603.0,434106331.0,958302006.0,327855150.0,502403254.0,6146904500.0,1768025149.0,1239519987.0,1013508753.0,1085868660.0,1164426004.0,1521941954.0,1897482440.0,1906279665.0,1571570316.0,1104259736.0,2338386777.0,1970577210.0,2286235344.0,4610686649.0,3389738483.0,7142265465.0,93617403.0,996322246.0,819068819.0,4205913260.0,5047111848.0,4450475153.0,3588616350.0,2690145644.0,2004772911.0,29711063.0,198738316.0,959321141.0,1648268920.0,1040794693.0,70662265.0,944602616.0,1371832649.0,190735590.0,143919078.0,475383349.0,136402990.0,582669957.0,648376551.0,718091729.0,1176876964.0,616513810.0,726242181.0,1564535437.0,945900501.0,1822882271.0,1082932790.0,1375848826.0,661162628.0,1441250039.0
1. Chi phí trả trước ngắn hạn,,,,0.0,0.0,69228800.0,69228800.0,0.0,16404156.0,0.0,0.0,0.0,115390100.0,182217792.0,182217792.0,61879692.0,0.0,0.0,0.0,0.0,5303000.0,5303000.0,5303000.0,5303000.0,22127945.0,10065104.0,7699000.0,85442377.0,45780988.0,78998538.0,11076940.0,60141065.0,102260679.0,25041064.0,29711063.0,121083791.0,404813791.0,274067705.0,268721453.0,61644578.0,157633513.0,129226049.0,180875752.0,134901391.0,466365662.0,116166534.0,478403262.0,355085293.0,549009276.0,1083344799.0,572171779.0,521957925.0,1027222193.0,885716987.0,1071843076.0,1038046408.0,1342685895.0,653524178.0,1319761351.0
2. Thuế giá trị gia tăng được khấu trừ,,,,75095814.0,371216176.0,0.0,162969489.0,466438622.0,519909495.0,705689206.0,560478352.0,485796153.0,480768815.0,481648567.0,544706928.0,1109021743.0,772262229.0,920298205.0,443672671.0,1383138245.0,384849345.0,330274993.0,1379644247.0,163694675.0,261429737.0,82028498.0,982499451.0,570894551.0,4116914029.0,4836835550.0,4378516150.0,3528475285.0,2548776119.0,1910713167.0,0.0,77654525.0,553478700.0,1365183528.0,750756636.0,0.0,776951416.0,1231172774.0,0.0,0.0,0.0,0.0,0.0,1156474.0,0.0,0.0,0.0,5000.0,0.0,0.0,0.0,0.0,0.0,0.0,57330505.0
3. Thuế và các khoản phải thu Nhà nước,,,,0.0,0.0,4352076.0,42728797.0,0.0,448987863.0,635246660.0,144354286.0,0.0,22515063.0,35881899.0,184545093.0,146305375.0,1000000.0,101470723.0,0.0,6275659.0,129830852.0,153984186.0,273303590.0,34443467.0,30094193.0,1523801.0,6123795.0,162731891.0,43218243.0,131277760.0,60882063.0,0.0,39108846.0,69018680.0,0.0,0.0,1028650.0,9017687.0,21316604.0,9017687.0,10017687.0,11433826.0,9859838.0,9017687.0,9017687.0,20236456.0,104266695.0,292134784.0,169082453.0,93532165.0,44342031.0,204279256.0,537313244.0,60183514.0,751039195.0,44886382.0,33162931.0,7638450.0,64158183.0
4. Giao dịch mua bán lại trái phiếu chính phủ,,,,0.0,0.0,0.0,0.0,0.0,0.0,0.0,0.0,0.0,0.0,0.0,0.0,0.0,0.0,0.0,0.0,0.0,0.0,0.0,0.0,0.0,0.0,0.0,0.0,0.0,0.0,0.0,0.0,0.0,0.0,0.0,0.0,0.0,0.0,0.0,0.0,0.0,0.0,0.0,0.0,0.0,0.0,0.0,0.0,0.0,0.0,0.0,0.0,0.0,0.0,0.0,0.0,0.0,0.0,0.0,0.0
5. Tài sản ngắn hạn khác,,,,987888789.0,62890155.0,884721130.0,52928064.0,35964632.0,5161602986.0,427089283.0,534687349.0,527712600.0,467194682.0,464677746.0,610472141.0,580275630.0,1133017436.0,549801388.0,660587065.0,948972873.0,1450594013.0,1796673165.0,2952435812.0,3186297341.0,6828613590.0,0.0,0.0,0.0,0.0,0.0,0.0,0.0,0.0,0.0,0.0,0.0,0.0,0.0,0.0,0.0,0.0,0.0,0.0,0.0,0.0,0.0,0.0,0.0,0.0,0.0,0.0,0.0,0.0,0.0,0.0,0.0,0.0,0.0,0.0
B. Tài sản cố định và đầu tư dài hạn,,,,54238127516.0,55668432982.0,53253977193.0,54296088284.0,52726215596.0,50936511970.0,55722412228.0,54688670923.0,51967378055.0,50381087251.0,50100824622.0,49921273911.0,54201210967.0,54120188938.0,51721069287.0,51488810641.0,53169120645.0,51110329756.0,51211331606.0,51077915183.0,51954667317.0,51854851570.0,46190901041.0,45762193156.0,45333495271.0,92435591516.0,103576752362.0,101149890046.0,89120823828.0,86960407832.0,84702985745.0,82578175906.0,78742444042.0,77312647971.0,74028988652.0,71620676372.0,70431795438.0,68547865561.0,67504088824.0,64514538423.0,67996053872.0,70512504808.0,70110842258.0,65188618347.0,60701437756.0,60730775470.0,61927573345.0,58636924351.0,56030399910.0,56286198261.0,54594611540.0,53509884764.0,52067122264.0,50615939370.0,45920734266.0,44785071691.0
I. Các khoản phải thu dài hạn,,,,0.0,0.0,0.0,49652776.0,0.0,88252731.0,180385679.0,95972319.0,190102038.0,0.0,0.0,0.0,0.0,0.0,0.0,0.0,0.0,0.0,0.0,0.0,0.0,0.0,0.0,0.0,0.0,0.0,0.0,0.0,2000000000.0,2000000000.0,2000000000.0,2000000000.0,2000000000.0,2000000000.0,2000000000.0,2000000000.0,2000000000.0,2000000000.0,2283000000.0,2000000000.0,6000000000.0,6000000000.0,6000000000.0,2000000000.0,2000000000.0,2000000000.0,2000000000.0,2000000000.0,2000000000.0,2000000000.0,2000000000.0,2000000000.0,2000000000.0,2000000000.0,2000000000.0,2000000000.0
1. Phải thu dài hạn của khách hàng,,,,0.0,0.0,0.0,0.0,0.0,0.0,0.0,0.0,0.0,0.0,0.0,0.0,0.0,0.0,0.0,0.0,0.0,0.0,0.0,0.0,0.0,0.0,0.0,0.0,0.0,0.0,0.0,0.0,0.0,0.0,0.0,0.0,0.0,0.0,0.0,0.0,0.0,0.0,0.0,0.0,0.0,0.0,0.0,0.0,0.0,0.0,0.0,0.0,0.0,0.0,0.0,0.0,0.0,0.0,0.0,0.0
2. Vốn kinh doanh tại các đơn vị trực thuộc,,,,0.0,0.0,0.0,0.0,0.0,0.0,0.0,0.0,0.0,0.0,0.0,0.0,0.0,0.0,0.0,0.0,0.0,0.0,0.0,0.0,0.0,0.0,0.0,0.0,0.0,0.0,0.0,0.0,0.0,0.0,0.0,0.0,0.0,0.0,0.0,0.0,0.0,0.0,0.0,0.0,0.0,0.0,0.0,0.0,0.0,0.0,0.0,0.0,0.0,0.0,0.0,0.0,0.0,0.0,0.0,0.0
3. Phải thu dài hạn nội bộ,,,,0.0,0.0,0.0,0.0,0.0,0.0,0.0,0.0,0.0,0.0,0.0,0.0,0.0,0.0,0.0,0.0,0.0,0.0,0.0,0.0,0.0,0.0,0.0,0.0,0.0,0.0,0.0,0.0,0.0,0.0,0.0,0.0,0.0,0.0,0.0,0.0,0.0,0.0,0.0,0.0,0.0,0.0,0.0,0.0,0.0,0.0,0.0,0.0,0.0,0.0,0.0,0.0,0.0,0.0,0.0,0.0
4. Phải thu về cho vay dài hạn,,,,0.0,0.0,0.0,0.0,0.0,0.0,0.0,0.0,0.0,0.0,0.0,0.0,0.0,0.0,0.0,0.0,0.0,0.0,0.0,0.0,0.0,0.0,0.0,0.0,0.0,0.0,0.0,0.0,0.0,0.0,0.0,0.0,0.0,0.0,0.0,0.0,0.0,0.0,0.0,0.0,0.0,0.0,0.0,0.0,0.0,0.0,0.0,0.0,0.0,0.0,0.0,0.0,0.0,0.0,0.0,0.0
5. Phải thu dài hạn khác,,,,0.0,0.0,0.0,49652776.0,0.0,88252731.0,180385679.0,95972319.0,190102038.0,0.0,0.0,0.0,0.0,0.0,0.0,0.0,0.0,0.0,0.0,0.0,0.0,0.0,0.0,0.0,0.0,0.0,0.0,0.0,2000000000.0,2000000000.0,2000000000.0,2000000000.0,2000000000.0,2000000000.0,2000000000.0,2000000000.0,2000000000.0,2000000000.0,2283000000.0,2000000000.0,6000000000.0,6000000000.0,6000000000.0,2000000000.0,2000000000.0,2000000000.0,2000000000.0,2000000000.0,2000000000.0,2000000000.0,2000000000.0,2000000000.0,2000000000.0,2000000000.0,2000000000.0,2000000000.0
6. Dự phòng phải thu dài hạn khó đòi,,,,0.0,0.0,0.0,0.0,0.0,0.0,0.0,0.0,0.0,0.0,0.0,0.0,0.0,0.0,0.0,0.0,0.0,0.0,0.0,0.0,0.0,0.0,0.0,0.0,0.0,0.0,0.0,0.0,0.0,0.0,0.0,0.0,0.0,0.0,0.0,0.0,0.0,0.0,0.0,0.0,0.0,0.0,0.0,0.0,0.0,0.0,0.0,0.0,0.0,0.0,0.0,0.0,0.0,0.0,0.0,0.0
II. Tài sản cố định,,35477000000.0,25808000000.0,21866217496.0,20207208842.0,18021176739.0,17013635054.0,15497760596.0,14075199439.0,19984153449.0,19034825504.0,17154161917.0,15757973151.0,14823379222.0,14643828511.0,18153527829.0,18072505800.0,17766503708.0,17534245062.0,19041251697.0,18675532270.0,18315115843.0,18271699420.0,19232419360.0,19132606842.0,18691588082.0,18262880197.0,17834182312.0,63743717757.0,73529466196.0,71237109390.0,68957558279.0,66758487032.0,64668937961.0,62901653477.0,58681443902.0,57960298288.0,55547439591.0,53272536309.0,52024247524.0,49704708828.0,48583106167.0,46212245106.0,46055564748.0,47101691486.0,46814529062.0,46486377310.0,43704113170.0,42075081006.0,40387961563.0,37507799510.0,34627637458.0,34023349493.0,32477186406.0,31161963232.0,29935557457.0,28709151682.0,25086637094.0,24187223145.0
1. Tài sản cố định hữu hình,,31769000000.0,25808000000.0,21866217496.0,20207208842.0,18021176739.0,17013635054.0,15497760596.0,14075199439.0,12692702199.0,11743374254.0,9862710667.0,8466521901.0,7531927972.0,7352377261.0,9950076579.0,9869054550.0,9563052458.0,9330793812.0,10837800447.0,10472081020.0,10111664593.0,10068248170.0,11028968110.0,10929155592.0,10488136832.0,10059428947.0,9630731062.0,55540266507.0,65326014946.0,63033658140.0,60754107029.0,58555035782.0,56465486711.0,54698202227.0,50477992652.0,49756847038.0,47343988341.0,45069085059.0,43820796274.0,41501257578.0,40379654917.0,38008793856.0,37852113498.0,38898240236.0,38611077812.0,38282926060.0,35500661920.0,33871629756.0,32184510313.0,29304348260.0,26424186208.0,25819898243.0,24273735156.0,22958511982.0,21732106207.0,20505700432.0,16883185844.0,15983771895.0
Nguyên giá,,53465000000.0,49370000000.0,50053759729.0,49620739729.0,49079935729.0,49079935729.0,49079935729.0,49091663002.0,49130933002.0,49160933002.0,49160933002.0,49175660275.0,49251810762.0,49322922193.0,29241256753.0,28840978766.0,28443556246.0,27842932354.0,30717539627.0,30494255065.0,29971893985.0,30166893985.0,31417867055.0,31724731069.0,29681963573.0,29681963573.0,29370841716.0,76793486686.0,88810530355.0,88739416855.0,88739416855.0,88739416855.0,88507035903.0,88507035903.0,88507035903.0,90045732348.0,89905850853.0,89905850853.0,90977100763.0,90977100763.0,92181248671.0,92167657762.0,94381042308.0,97913675034.0,100272565944.0,102679235034.0,102679235034.0,103868155943.0,105028961307.0,105028961307.0,105028961307.0,106562269489.0,106562269489.0,106562269489.0,103762009930.0,103762009930.0,84483899739.0,84860349739.0
Giá trị hao mòn lũy kế,,-21696000000.0,,-28187542233.0,-29413530887.0,-31058758990.0,-32066300675.0,-33582175133.0,-35016463563.0,-36438230803.0,-37417558748.0,-39298222335.0,-40709138374.0,-41719882790.0,-41970544932.0,-19291180174.0,-18971924216.0,-18880503788.0,-18512138542.0,-19879739180.0,-20022174045.0,-19860229392.0,-20098645815.0,-20388898945.0,-20795575477.0,-19193826741.0,-19622534626.0,-19740110654.0,-21253220179.0,-23484515409.0,-25705758715.0,-27985309826.0,-30184381073.0,-32041549192.0,-33808833676.0,-38029043251.0,-40288885310.0,-42561862512.0,-44836765794.0,-47156304489.0,-49475843185.0,-51801593754.0,-54158863906.0,-56528928810.0,-59015434798.0,-61661488132.0,-64396308974.0,-67178573114.0,-69996526187.0,-72844450994.0,-75724613047.0,-78604775099.0,-80742371246.0,-82288534333.0,-83603757507.0,-82029903723.0,-83256309498.0,-67600713895.0,-68876577844.0
2. Tài sản cố định thuê tài chính,,0.0,0.0,0.0,0.0,0.0,0.0,0.0,0.0,0.0,0.0,0.0,0.0,0.0,0.0,0.0,0.0,0.0,0.0,0.0,0.0,0.0,0.0,0.0,0.0,0.0,0.0,0.0,0.0,0.0,0.0,0.0,0.0,0.0,0.0,0.0,0.0,0.0,0.0,0.0,0.0,0.0,0.0,0.0,0.0,0.0,0.0,0.0,0.0,0.0,0.0,0.0,0.0,0.0,0.0,0.0,0.0,0.0,0.0
Nguyên giá,,0.0,0.0,0.0,0.0,0.0,0.0,0.0,0.0,0.0,0.0,0.0,0.0,0.0,0.0,0.0,0.0,0.0,0.0,0.0,0.0,0.0,0.0,0.0,0.0,0.0,0.0,0.0,0.0,0.0,0.0,0.0,0.0,0.0,0.0,0.0,0.0,0.0,0.0,0.0,0.0,0.0,0.0,0.0,0.0,0.0,0.0,0.0,0.0,0.0,0.0,0.0,0.0,0.0,0.0,0.0,0.0,0.0,0.0
Giá trị hao mòn lũy kế,,0.0,0.0,0.0,0.0,0.0,0.0,0.0,0.0,0.0,0.0,0.0,0.0,0.0,0.0,0.0,0.0,0.0,0.0,0.0,0.0,0.0,0.0,0.0,0.0,0.0,0.0,0.0,0.0,0.0,0.0,0.0,0.0,0.0,0.0,0.0,0.0,0.0,0.0,0.0,0.0,0.0,0.0,0.0,0.0,0.0,0.0,0.0,0.0,0.0,0.0,0.0,0.0,0.0,0.0,0.0,0.0,0.0,0.0
3. Tài sản cố định vô hình,,3708000000.0,0.0,0.0,0.0,0.0,0.0,0.0,0.0,7291451250.0,7291451250.0,7291451250.0,7291451250.0,7291451250.0,7291451250.0,8203451250.0,8203451250.0,8203451250.0,8203451250.0,8203451250.0,8203451250.0,8203451250.0,8203451250.0,8203451250.0,8203451250.0,8203451250.0,8203451250.0,8203451250.0,8203451250.0,8203451250.0,8203451250.0,8203451250.0,8203451250.0,8203451250.0,8203451250.0,8203451250.0,8203451250.0,8203451250.0,8203451250.0,8203451250.0,8203451250.0,8203451250.0,8203451250.0,8203451250.0,8203451250.0,8203451250.0,8203451250.0,8203451250.0,8203451250.0,8203451250.0,8203451250.0,8203451250.0,8203451250.0,8203451250.0,8203451250.0,8203451250.0,8203451250.0,8203451250.0,8203451250.0
Nguyên giá,,3714000000.0,0.0,0.0,0.0,0.0,0.0,0.0,0.0,7291451250.0,7291451250.0,7291451250.0,7291451250.0,7291451250.0,7291451250.0,8203451250.0,8203451250.0,8203451250.0,8203451250.0,8203451250.0,8203451250.0,8203451250.0,8203451250.0,8203451250.0,8203451250.0,8203451250.0,8203451250.0,8203451250.0,8203451250.0,8203451250.0,8203451250.0,8203451250.0,8203451250.0,8203451250.0,8203451250.0,8203451250.0,8203451250.0,8203451250.0,8203451250.0,8203451250.0,8203451250.0,8203451250.0,8203451250.0,8203451250.0,8203451250.0,8203451250.0,8203451250.0,8203451250.0,8203451250.0,8203451250.0,8203451250.0,8203451250.0,8203451250.0,8203451250.0,8203451250.0,8203451250.0,8203451250.0,8203451250.0,8203451250.0
Giá trị hao mòn lũy kế,,-6000000.0,0.0,0.0,0.0,0.0,0.0,0.0,0.0,0.0,0.0,0.0,0.0,0.0,0.0,0.0,0.0,0.0,0.0,0.0,0.0,0.0,0.0,0.0,0.0,0.0,0.0,0.0,0.0,0.0,0.0,0.0,0.0,0.0,0.0,0.0,0.0,0.0,0.0,0.0,0.0,0.0,0.0,0.0,0.0,0.0,0.0,0.0,0.0,0.0,0.0,0.0,0.0,0.0,0.0,0.0,0.0,0.0,0.0
III. Bất động sản đầu tư,,,,0.0,0.0,0.0,0.0,0.0,0.0,0.0,0.0,0.0,0.0,0.0,0.0,0.0,0.0,0.0,0.0,0.0,0.0,0.0,0.0,0.0,0.0,0.0,0.0,0.0,0.0,0.0,0.0,0.0,0.0,0.0,0.0,0.0,0.0,0.0,0.0,0.0,0.0,0.0,0.0,0.0,0.0,0.0,0.0,0.0,0.0,0.0,0.0,0.0,0.0,0.0,0.0,0.0,0.0,0.0,0.0
Nguyên giá,,,,0.0,0.0,0.0,0.0,0.0,0.0,0.0,0.0,0.0,0.0,0.0,0.0,0.0,0.0,0.0,0.0,0.0,0.0,0.0,0.0,0.0,0.0,0.0,0.0,0.0,0.0,0.0,0.0,0.0,0.0,0.0,0.0,0.0,0.0,0.0,0.0,0.0,0.0,0.0,0.0,0.0,0.0,0.0,0.0,0.0,0.0,0.0,0.0,0.0,0.0,0.0,0.0,0.0,0.0,0.0,0.0
Giá trị hao mòn lũy kế,,,,0.0,0.0,0.0,0.0,0.0,0.0,0.0,0.0,0.0,0.0,0.0,0.0,0.0,0.0,0.0,0.0,0.0,0.0,0.0,0.0,0.0,0.0,0.0,0.0,0.0,0.0,0.0,0.0,0.0,0.0,0.0,0.0,0.0,0.0,0.0,0.0,0.0,0.0,0.0,0.0,0.0,0.0,0.0,0.0,0.0,0.0,0.0,0.0,0.0,0.0,0.0,0.0,0.0,0.0,0.0,0.0
IV. Tài sản dở dang dài hạn,,0.0,0.0,0.0,0.0,0.0,0.0,0.0,0.0,0.0,0.0,0.0,0.0,0.0,0.0,0.0,0.0,0.0,0.0,0.0,0.0,0.0,0.0,0.0,0.0,0.0,0.0,0.0,0.0,0.0,0.0,0.0,0.0,0.0,0.0,575241458.0,0.0,0.0,0.0,0.0,0.0,0.0,0.0,0.0,0.0,0.0,0.0,0.0,0.0,0.0,0.0,0.0,0.0,0.0,0.0,0.0,0.0,0.0,0.0
"1. Chi phí sản xuất, kinh doanh dở dang dài hạn",,0.0,0.0,0.0,0.0,0.0,0.0,0.0,0.0,0.0,0.0,0.0,0.0,0.0,0.0,0.0,0.0,0.0,0.0,0.0,0.0,0.0,0.0,0.0,0.0,0.0,0.0,0.0,0.0,0.0,0.0,0.0,0.0,0.0,0.0,0.0,0.0,0.0,0.0,0.0,0.0,0.0,0.0,0.0,0.0,0.0,0.0,0.0,0.0,0.0,0.0,0.0,0.0,0.0,0.0,0.0,0.0,0.0,0.0
2. chi phí xây dựng cơ bản dở dang,,0.0,0.0,0.0,0.0,0.0,0.0,0.0,0.0,0.0,0.0,0.0,0.0,0.0,0.0,0.0,0.0,0.0,0.0,0.0,0.0,0.0,0.0,0.0,0.0,0.0,0.0,0.0,0.0,0.0,0.0,0.0,0.0,0.0,0.0,575241458.0,0.0,0.0,0.0,0.0,0.0,0.0,0.0,0.0,0.0,0.0,0.0,0.0,0.0,0.0,0.0,0.0,0.0,0.0,0.0,0.0,0.0,0.0,0.0
V. Các khoản đầu tư tài chính dài hạn,,,,32112595000.0,35228455000.0,35228455000.0,37228455000.0,37228455000.0,36773059800.0,35557873100.0,35557873100.0,34623114100.0,34623114100.0,35277445400.0,35277445400.0,36047683138.0,36047683138.0,33954565579.0,33954565579.0,34059258579.0,32434797486.0,32789483263.0,32789483263.0,32722247957.0,32722244728.0,27499312959.0,27499312959.0,27499312959.0,27564919355.0,27564919355.0,27564919355.0,15949909758.0,15949909758.0,15972800491.0,15806038884.0,15806038884.0,15806038884.0,15068647261.0,15068647261.0,15068647261.0,15068647261.0,15068647261.0,14801298665.0,14531924331.0,16531924331.0,16360750059.0,16360750059.0,14625247966.0,14625247966.0,14629321544.0,14278437005.0,14278437005.0,14276411268.0,14269511249.0,14269511249.0,14269511249.0,14269511249.0,14009614698.0,14009614698.0
1. Đầu tư vào công ty con,,,,0.0,0.0,0.0,0.0,0.0,0.0,0.0,0.0,0.0,0.0,0.0,0.0,0.0,0.0,0.0,0.0,0.0,0.0,0.0,0.0,0.0,0.0,0.0,0.0,0.0,0.0,0.0,0.0,0.0,0.0,0.0,0.0,0.0,0.0,0.0,0.0,0.0,0.0,0.0,0.0,0.0,0.0,0.0,0.0,0.0,0.0,0.0,0.0,0.0,0.0,0.0,0.0,0.0,0.0,0.0,0.0
"2. Đầu tư vào công ty liên kết, liên doanh",,,,1040000000.0,1040000000.0,1040000000.0,1040000000.0,1040000000.0,1040000000.0,1040000000.0,1040000000.0,1040000000.0,1040000000.0,1040000000.0,1040000000.0,1040000000.0,1040000000.0,1040000000.0,1040000000.0,1040000000.0,0.0,0.0,0.0,0.0,0.0,0.0,0.0,0.0,0.0,0.0,0.0,0.0,0.0,0.0,0.0,0.0,0.0,0.0,0.0,0.0,0.0,0.0,0.0,0.0,0.0,0.0,0.0,0.0,0.0,0.0,0.0,24188455000.0,0.0,0.0,0.0,0.0,0.0,0.0,0.0
3. Đầu tư khác vào công cụ vốn,,,,31072595000.0,34188455000.0,34188455000.0,36188455000.0,36188455000.0,36188455000.0,36188455000.0,36188455000.0,36188455000.0,36188455000.0,36188455000.0,36188455000.0,36188455000.0,36188455000.0,36188455000.0,36188455000.0,36188455000.0,36188455000.0,36188455000.0,36188455000.0,36188455000.0,36188455000.0,36188455000.0,36188455000.0,36188455000.0,36188455000.0,36188455000.0,36188455000.0,24188455000.0,24188455000.0,24188455000.0,24188455000.0,24188455000.0,24188455000.0,24188455000.0,24188455000.0,24188455000.0,24188455000.0,24188455000.0,24188455000.0,24188455000.0,24188455000.0,24188455000.0,24188455000.0,24188455000.0,24188455000.0,24188455000.0,24188455000.0,-9910017995.0,24188455000.0,24188455000.0,24188455000.0,24188455000.0,24188455000.0,24188455000.0,24188455000.0
4. Dự phòng giảm giá đầu tư tài chính dài hạn,,,,0.0,0.0,0.0,0.0,0.0,-455395200.0,-1670581900.0,-1670581900.0,-2605340900.0,-2605340900.0,-1951009600.0,-1951009600.0,-1180771862.0,-1180771862.0,-3273889421.0,-3273889421.0,-3169196421.0,-3753657514.0,-3398971737.0,-3398971737.0,-3466207043.0,-3466210272.0,-8689142041.0,-8689142041.0,-8689142041.0,-8623535645.0,-8623535645.0,-8623535645.0,-8238545242.0,-8238545242.0,-8215654509.0,-8382416116.0,-8382416116.0,-8382416116.0,-9119807739.0,-9119807739.0,-9119807739.0,-9119807739.0,-9119807739.0,-9387156335.0,-9656530669.0,-9656530669.0,-9827704941.0,-9827704941.0,-9563207034.0,-9563207034.0,-9559133456.0,-9910017995.0,0.0,-9912043732.0,-9918943751.0,-9918943751.0,-9918943751.0,-9918943751.0,-10178840302.0,-10178840302.0
5. Đầu tư nắm giữ đến ngày đáo hạn,,,,0.0,0.0,0.0,0.0,0.0,0.0,0.0,0.0,0.0,0.0,0.0,0.0,0.0,0.0,0.0,0.0,0.0,0.0,0.0,0.0,0.0,0.0,0.0,0.0,0.0,0.0,0.0,0.0,0.0,0.0,0.0,0.0,0.0,0.0,0.0,0.0,0.0,0.0,0.0,0.0,0.0,2000000000.0,2000000000.0,2000000000.0,0.0,0.0,0.0,0.0,0.0,0.0,0.0,0.0,0.0,0.0,0.0,0.0
VI. Tổng tài sản dài hạn khác,,,,259315020.0,232769140.0,4345454.0,4345454.0,0.0,0.0,0.0,0.0,0.0,0.0,0.0,0.0,0.0,0.0,0.0,0.0,68610369.0,0.0,106732500.0,16732500.0,0.0,0.0,0.0,0.0,0.0,1126954404.0,2482366811.0,2347861301.0,2213355791.0,2252011042.0,2061247293.0,1870483545.0,1679719798.0,1546310799.0,1412901800.0,1279492802.0,1338900653.0,1774509472.0,1569335396.0,1500994652.0,1408564793.0,878888991.0,935563137.0,341490978.0,372076620.0,2030446498.0,4910290238.0,4850687836.0,5124325447.0,5986437500.0,5847913885.0,6078410283.0,5862053558.0,5637276439.0,4824482474.0,4588233848.0
1. Chi phí trả trước dài hạn,,,,259315020.0,232769140.0,4345454.0,4345454.0,0.0,0.0,0.0,0.0,0.0,0.0,0.0,0.0,0.0,0.0,0.0,0.0,68610369.0,0.0,106732500.0,16732500.0,0.0,0.0,0.0,0.0,0.0,1126954404.0,2482366811.0,2347861301.0,2213355791.0,2252011042.0,2061247293.0,1870483545.0,1679719798.0,1546310799.0,1412901800.0,1279492802.0,1338900653.0,1774509472.0,1569335396.0,1500994652.0,1120055796.0,537398013.0,594072159.0,0.0,0.0,1658369878.0,4538213618.0,4478611216.0,4773174778.0,5636096231.0,5497572616.0,5728069014.0,5525825590.0,5301048471.0,4488254506.0,4252005880.0
2. Tài sản Thuế thu nhập hoãn lại,,,,0.0,0.0,0.0,0.0,0.0,0.0,0.0,0.0,0.0,0.0,0.0,0.0,0.0,0.0,0.0,0.0,0.0,0.0,0.0,0.0,0.0,0.0,0.0,0.0,0.0,0.0,0.0,0.0,0.0,0.0,0.0,0.0,0.0,0.0,0.0,0.0,0.0,0.0,0.0,0.0,288508997.0,341490978.0,341490978.0,341490978.0,372076620.0,372076620.0,372076620.0,372076620.0,351150669.0,350341269.0,350341269.0,350341269.0,336227968.0,336227968.0,336227968.0,336227968.0
3. Tài sản dài hạn khác,,,,0.0,0.0,0.0,0.0,0.0,0.0,0.0,0.0,0.0,0.0,0.0,0.0,0.0,0.0,0.0,0.0,0.0,0.0,0.0,0.0,0.0,0.0,0.0,0.0,0.0,0.0,0.0,0.0,0.0,0.0,0.0,0.0,0.0,0.0,0.0,0.0,0.0,0.0,0.0,0.0,0.0,0.0,0.0,0.0,0.0,0.0,0.0,0.0,0.0,0.0,0.0,0.0,0.0,0.0,0.0,0.0
VII. Lợi thế thương mại,,,,0.0,0.0,0.0,0.0,0.0,0.0,0.0,0.0,0.0,0.0,0.0,0.0,0.0,0.0,0.0,0.0,0.0,0.0,0.0,0.0,0.0,0.0,0.0,0.0,0.0,0.0,0.0,0.0,0.0,0.0,0.0,0.0,0.0,0.0,0.0,0.0,0.0,0.0,0.0,0.0,0.0,0.0,0.0,0.0,0.0,0.0,0.0,0.0,0.0,0.0,0.0,0.0,0.0,0.0,0.0,0.0
TỔNG CỘNG TÀI SẢN,303943000000.0,319963000000.0,264849000000.0,265548020620.0,285926780029.0,249655332980.0,251421764958.0,233478728906.0,229412809830.0,219133874843.0,190135638398.0,189234498822.0,193246369903.0,181239340975.0,185716221732.0,191300539041.0,203966071485.0,207391810455.0,197357247003.0,207502871408.0,189246045041.0,191722767674.0,200048479868.0,261308846416.0,214042197072.0,199157013454.0,197872379506.0,213147869266.0,219783960176.0,226368576503.0,219402048429.0,198381225640.0,182493817080.0,176988842439.0,185524672186.0,205728880437.0,231446328235.0,205135063420.0,188316003479.0,212163707052.0,178205648290.0,178503150047.0,172641509207.0,189816584076.0,172352294439.0,169856566491.0,149734998744.0,158478156329.0,145838185504.0,148518091582.0,148102880770.0,170433837560.0,151458655100.0,130053088050.0,137403143269.0,154403948496.0,144493119715.0,137775697840.0,142421867089.0
NGUỒN VỐN,,,,,,,,,,,,,,,,,,,,,,,,,,,,,,,,,,,,,,,,0.0,,,,,,,,,,,,,,,,,,,
A. Nợ phải trả,203897000000.0,232879000000.0,188833000000.0,190257652226.0,209848115953.0,175536262289.0,176558629945.0,156480504004.0,152645697916.0,145350104513.0,115364543147.0,111166932226.0,116484472250.0,109164868116.0,112876376976.0,114525445811.0,124234800536.0,132367995583.0,120864960871.0,125112476326.0,106242739212.0,110366906350.0,117800475135.0,177633302813.0,128626558166.0,116388513759.0,115146229314.0,128276641196.0,134058235710.0,144390208103.0,135615211333.0,112938225218.0,96624713482.0,94322953579.0,100431671516.0,119291739620.0,144262712913.0,120826350768.0,103263897779.0,124989149902.0,89950797080.0,93359526066.0,86059141725.0,101757872013.0,83606590732.0,84574946258.0,63911823645.0,74552778915.0,61300462447.0,67142950467.0,66090352752.0,88876766332.0,69631060411.0,49438634791.0,56252194370.0,72978887267.0,62596205899.0,59305682087.0,63488559246.0
I. Nợ ngắn hạn,203897000000.0,232879000000.0,188833000000.0,187508260925.0,209680524651.0,172952906988.0,173988195594.0,154029092415.0,150169313963.0,143010662174.0,113109815960.0,108851176799.0,114146898641.0,106955646022.0,110601700337.0,112421393414.0,122084705695.0,130541245632.0,118987227380.0,123394323407.0,104474980071.0,108760832057.0,116140680668.0,176133768951.0,127102364225.0,111515857316.0,113761295979.0,125703974027.0,131453862365.0,102224094758.0,93995786810.0,89726367185.0,73412855449.0,74001028881.0,84971825818.0,110514479168.0,137485452461.0,120116502748.0,101971265862.0,123696517981.0,89297365163.0,92097559695.0,84843043137.0,100722199808.0,82933985193.0,83902340719.0,63239218106.0,73880173376.0,60636681438.0,67142950467.0,66090352752.0,88876766332.0,69631060411.0,49438634791.0,56252194370.0,72978887267.0,62596205899.0,59305682087.0,63488559246.0
1. Vay và nợ thuê tài chính ngắn hạn,0.0,0.0,0.0,2740295800.0,1632015000.0,0.0,0.0,0.0,0.0,0.0,0.0,0.0,0.0,0.0,0.0,0.0,0.0,0.0,0.0,0.0,0.0,0.0,6959398138.0,41264255446.0,20338335252.0,29236039715.0,33003663492.0,24525104959.0,38632996600.0,11702940662.0,9090583332.0,14642297765.0,4408387613.0,4713207565.0,3614818410.0,16387453485.0,14572635075.0,16003657900.0,4493871900.0,11575477431.0,976300000.0,14425613600.0,7189970000.0,10297750000.0,1299626800.0,299626800.0,0.0,0.0,0.0,0.0,1568875000.0,4496800000.0,0.0,890540000.0,0.0,749520000.0,0.0,0.0,500000000.0
2. Vay và nợ dài hạn đến hạn phải trả,0.0,0.0,0.0,0.0,0.0,0.0,0.0,0.0,0.0,0.0,0.0,0.0,0.0,0.0,0.0,0.0,0.0,0.0,0.0,0.0,0.0,0.0,0.0,0.0,0.0,0.0,0.0,0.0,0.0,0.0,0.0,0.0,0.0,0.0,0.0,0.0,0.0,0.0,0.0,0.0,0.0,0.0,0.0,0.0,0.0,0.0,0.0,0.0,0.0,0.0,0.0,0.0,0.0,0.0,0.0,0.0,0.0,0.0,0.0
3. Phải trả người bán ngắn hạn,113185000000.0,145427000000.0,124010000000.0,119072353571.0,141737174175.0,106903160381.0,111698027939.0,94296345268.0,92755272914.0,84764806105.0,56987250327.0,53587822599.0,61775296093.0,54323422797.0,56876467870.0,61067198397.0,64484079809.0,75810013637.0,65726796921.0,67595789697.0,60073369556.0,58986365705.0,60035470384.0,90931541891.0,72299031751.0,57795175030.0,55040590806.0,69774729104.0,61383975444.0,60606194570.0,52930432057.0,44733293333.0,38597671737.0,31843712497.0,31999025691.0,44828635231.0,49774089279.0,37008361155.0,37713596579.0,49042268146.0,56234350413.0,40613116753.0,39538011864.0,48039735639.0,41617437221.0,41427882098.0,28492728861.0,30840679520.0,27054350020.0,25666858917.0,26400202976.0,31066734133.0,23507704322.0,14331077915.0,14523276715.0,21221253553.0,12701477164.0,16395679703.0,14133768890.0
4. Người mua trả tiền trước,2836000000.0,6529000000.0,1528000000.0,1681894622.0,2367183650.0,1700542995.0,1659533127.0,1562241251.0,1650751784.0,1570162259.0,1865985724.0,1787555434.0,1315614160.0,1340883579.0,3862390848.0,1809593251.0,8512469631.0,5979029045.0,2921159714.0,20830022791.0,11319208216.0,18158069282.0,17882671004.0,8627485794.0,2195906745.0,240714650.0,1469679589.0,2254665215.0,4639927625.0,4853001211.0,5105357626.0,2833688484.0,7483774660.0,10214346551.0,19914920795.0,15367861097.0,20077982419.0,18031420164.0,17498035736.0,16026035197.0,1883016264.0,1937019069.0,1005091558.0,1223492910.0,957755875.0,965768179.0,1822788431.0,797827151.0,1377740086.0,1013857193.0,1059843203.0,1021907079.0,3251356398.0,3046018207.0,3598542066.0,846285410.0,4208785183.0,2385802170.0,1949422051.0
5. Thuế và các khoản phải nộp nhà nước,1809000000.0,634000000.0,188000000.0,764561180.0,550694857.0,752548403.0,135506382.0,350748738.0,482696015.0,35503805.0,139072492.0,665844760.0,67394206.0,30644883.0,26012113.0,1175168370.0,457039494.0,69010074.0,374703891.0,479923510.0,49190324.0,116986897.0,70146967.0,759842782.0,322269734.0,493312429.0,719528913.0,702166651.0,131611163.0,140349921.0,717008580.0,1386216205.0,315579738.0,84551855.0,1022214272.0,1303179997.0,1843608732.0,2303649304.0,1719047186.0,5171986573.0,1877098772.0,3318753632.0,4762180353.0,6877522580.0,5488526324.0,5685519429.0,4445965397.0,7795524308.0,4584344290.0,3986521242.0,6118714905.0,7705109983.0,4045069528.0,5362360735.0,6308943668.0,13633704057.0,9975057516.0,9329238165.0,9927102887.0
6. Phải trả người lao động,4221000000.0,2668000000.0,681000000.0,1423104822.0,1106007374.0,1985910798.0,1717100040.0,2701080226.0,1517068866.0,1783134890.0,1953869868.0,3444984963.0,1788302861.0,2270594740.0,2711571796.0,3975248508.0,2348836328.0,3405975219.0,6404029193.0,4333556910.0,2981345510.0,3163836542.0,3809689411.0,7064988406.0,4781415812.0,4890318333.0,4690949045.0,7949138479.0,3646485312.0,4697182282.0,6275911072.0,6157643168.0,2769266311.0,2294912109.0,5313667378.0,4707912147.0,1278876052.0,678533828.0,1849739255.0,2930851268.0,2387038712.0,1984431474.0,1752222077.0,2019693266.0,810062319.0,1198299801.0,1334227757.0,1922839691.0,573661863.0,1270175153.0,1358640662.0,2001006576.0,1133495524.0,151207196.0,876150986.0,3081186998.0,2905276211.0,5240507182.0,6275573696.0
7. Chi phí phải trả ngắn hạn,38405000000.0,38087000000.0,36998000000.0,36032178668.0,35949683552.0,35775194952.0,35805605366.0,34680388466.0,34253027829.0,34253027829.0,33922351471.0,31004395629.0,30693760914.0,30408148212.0,28914056154.0,25366206520.0,25081505133.0,25143573951.0,24625168026.0,12226166771.0,12237380517.0,10344609449.0,9491649873.0,8921240073.0,8756153509.0,133417197.0,199195738.0,515832804.0,580509338.0,1043339276.0,228338853.0,44481131.0,22142690.0,22925077.0,345499020.0,47612668.0,15338284718.0,17847180923.0,17001677355.0,16996882742.0,4026637779.0,4406873731.0,6265087742.0,7456430839.0,8017654890.0,4793883486.0,3163742202.0,2067006208.0,2432825523.0,3174319063.0,3975254322.0,1946468285.0,2190057852.0,1603951711.0,1488622014.0,3334844885.0,3388647261.0,3710217074.0,3189082994.0
8. Phải trả nội bộ ngắn hạn,17265000000.0,0.0,0.0,0.0,0.0,0.0,0.0,0.0,0.0,0.0,0.0,0.0,0.0,0.0,0.0,0.0,0.0,0.0,0.0,0.0,0.0,0.0,0.0,0.0,0.0,0.0,0.0,0.0,0.0,0.0,0.0,0.0,0.0,0.0,0.0,0.0,0.0,0.0,0.0,0.0,0.0,0.0,1308558065.0,0.0,135530137.0,0.0,0.0,0.0,0.0,0.0,0.0,0.0,0.0,0.0,0.0,0.0,0.0,0.0,0.0
9. Phải trả theo tiến độ kế hoạch hợp đồng xây dựng,0.0,0.0,0.0,0.0,0.0,0.0,0.0,0.0,0.0,0.0,0.0,0.0,0.0,0.0,0.0,0.0,0.0,0.0,0.0,0.0,0.0,0.0,0.0,0.0,0.0,0.0,0.0,0.0,0.0,0.0,0.0,0.0,0.0,0.0,0.0,0.0,0.0,0.0,0.0,0.0,0.0,0.0,0.0,0.0,0.0,0.0,0.0,0.0,0.0,0.0,0.0,0.0,0.0,0.0,0.0,0.0,0.0,0.0,0.0
10. Doanh thu chưa thực hiện ngắn hạn,0.0,0.0,0.0,0.0,0.0,0.0,0.0,0.0,0.0,0.0,0.0,0.0,0.0,0.0,0.0,0.0,0.0,0.0,0.0,0.0,0.0,0.0,0.0,0.0,0.0,8422925.0,65362162.0,8556757.0,65161291.0,8564686.0,70000000.0,215683871.0,129635209.0,210093333.0,141303001.0,217366133.0,88581236.0,232058100.0,75600000.0,55391011.0,353366429.0,339225238.0,197958571.0,114734839.0,334230302.0,370284848.0,385779394.0,82210000.0,227640000.0,56910000.0,143000000.0,108461095.0,74000000.0,188680000.0,308380000.0,287129120.0,348380000.0,124100000.0,591500000.0
11. Phải trả ngắn hạn khác,24032000000.0,37313000000.0,23096000000.0,24588723012.0,25451716793.0,24427414682.0,21912102963.0,20015258032.0,19071981121.0,19561876265.0,17812107125.0,18085924461.0,18435256454.0,17950401476.0,17848079496.0,18902139978.0,21089936910.0,19321341957.0,18491907886.0,17717201979.0,17651024199.0,17509425632.0,17544116341.0,18300876009.0,18235312872.0,17918791414.0,17906160611.0,19397614435.0,21542623033.0,17851182791.0,17800940854.0,18166246299.0,18139580562.0,23073288301.0,21287385658.0,25707450155.0,32914914225.0,26204290378.0,20243905917.0,21579402495.0,21439633676.0,24503908462.0,22534033221.0,24462626152.0,24217520282.0,28601172312.0,23051582298.0,30011082732.0,24037715890.0,31141666418.0,24935652410.0,40078684415.0,35260182021.0,23369904261.0,28726884155.0,29515118478.0,28870337798.0,21575156027.0,26544576962.0
12. Dự phòng phải trả ngắn hạn,0.0,0.0,0.0,0.0,0.0,0.0,0.0,0.0,0.0,0.0,0.0,274648953.0,0.0,0.0,0.0,0.0,0.0,0.0,0.0,0.0,0.0,0.0,0.0,0.0,0.0,0.0,0.0,0.0,200906936.0,200906936.0,782782013.0,1243684506.0,1243684506.0,842781529.0,842781529.0,1676207006.0,1504879476.0,1314449747.0,1027817048.0,143828535.0,143828535.0,130309153.0,56416103.0,0.0,0.0,0.0,0.0,0.0,0.0,288047715.0,28474508.0,0.0,0.0,0.0,0.0,0.0,0.0,0.0,0.0
13. Quỹ khen thưởng phúc lợi,2144000000.0,2221000000.0,2332000000.0,1205149250.0,886049250.0,1408134777.0,1060319777.0,423030434.0,438515434.0,1042151021.0,429178953.0,0.0,71273953.0,631550335.0,363122060.0,125838390.0,110838390.0,812301749.0,443461749.0,211661749.0,163461749.0,481538550.0,347538550.0,263538550.0,173938550.0,799665623.0,666165623.0,576165623.0,629665623.0,1120432423.0,994432423.0,303132423.0,303132423.0,701210064.0,490210064.0,270801249.0,91601249.0,492901249.0,347974886.0,174394583.0,-23905417.0,438308583.0,233513583.0,230213583.0,55641043.0,559903766.0,542403766.0,363003766.0,348403766.0,544594766.0,501694766.0,451594766.0,169194766.0,494894766.0,421394766.0,309844766.0,198244766.0,544981766.0,377531766.0
14. Quỹ bình ổn giá,0.0,0.0,0.0,0.0,0.0,0.0,0.0,0.0,0.0,0.0,0.0,0.0,0.0,0.0,0.0,0.0,0.0,0.0,0.0,0.0,0.0,0.0,0.0,0.0,0.0,0.0,0.0,0.0,0.0,0.0,0.0,0.0,0.0,0.0,0.0,0.0,0.0,0.0,0.0,0.0,0.0,0.0,0.0,0.0,0.0,0.0,0.0,0.0,0.0,0.0,0.0,0.0,0.0,0.0,0.0,0.0,0.0,0.0,0.0
15. Giao dịch mua bán lại trái phiếu chính phủ,0.0,0.0,0.0,0.0,0.0,0.0,0.0,0.0,0.0,0.0,0.0,0.0,0.0,0.0,0.0,0.0,0.0,0.0,0.0,0.0,0.0,0.0,0.0,0.0,0.0,0.0,0.0,0.0,0.0,0.0,0.0,0.0,0.0,0.0,0.0,0.0,0.0,0.0,0.0,0.0,0.0,0.0,0.0,0.0,0.0,0.0,0.0,0.0,0.0,0.0,0.0,0.0,0.0,0.0,0.0,0.0,0.0,0.0,0.0
II. Nợ dài hạn,0.0,0.0,0.0,2749391301.0,167591302.0,2583355301.0,2570434351.0,2451411589.0,2476383953.0,2339442339.0,2254727187.0,2315755427.0,2337573609.0,2209222094.0,2274676639.0,2104052397.0,2150094841.0,1826749951.0,1877733491.0,1718152919.0,1767759141.0,1606074293.0,1659794467.0,1499533862.0,1524193941.0,4872656443.0,1384933335.0,2572667169.0,2604373345.0,42166113345.0,41619424523.0,23211858033.0,23211858033.0,20321924698.0,15459845698.0,8777260452.0,6777260452.0,709848020.0,1292631917.0,1292631921.0,653431917.0,1261966371.0,1216098588.0,1035672205.0,672605539.0,672605539.0,672605539.0,672605539.0,663781009.0,0.0,0.0,0.0,0.0,0.0,0.0,0.0,0.0,0.0,0.0
1. Phải trả người bán dài hạn,0.0,0.0,0.0,0.0,0.0,0.0,0.0,0.0,0.0,0.0,0.0,0.0,0.0,0.0,0.0,0.0,0.0,0.0,0.0,0.0,0.0,0.0,0.0,0.0,0.0,0.0,0.0,0.0,0.0,0.0,0.0,0.0,0.0,0.0,0.0,0.0,0.0,0.0,0.0,0.0,0.0,0.0,0.0,0.0,0.0,0.0,0.0,0.0,0.0,0.0,0.0,0.0,0.0,0.0,0.0,0.0,0.0,0.0,0.0
2. Chi phí phải trả dài hạn,0.0,0.0,0.0,0.0,0.0,0.0,0.0,0.0,0.0,0.0,0.0,0.0,0.0,0.0,0.0,0.0,0.0,0.0,0.0,0.0,0.0,0.0,0.0,0.0,0.0,0.0,0.0,0.0,0.0,0.0,0.0,0.0,0.0,0.0,0.0,0.0,0.0,0.0,0.0,0.0,0.0,0.0,0.0,0.0,0.0,0.0,0.0,0.0,0.0,0.0,0.0,0.0,0.0,0.0,0.0,0.0,0.0,0.0,0.0
3. Phải trả nội bộ về vốn kinh doanh,0.0,0.0,0.0,0.0,0.0,0.0,0.0,0.0,0.0,0.0,0.0,0.0,0.0,0.0,0.0,0.0,0.0,0.0,0.0,0.0,0.0,0.0,0.0,0.0,0.0,0.0,0.0,0.0,0.0,0.0,0.0,0.0,0.0,0.0,0.0,0.0,0.0,0.0,0.0,0.0,0.0,0.0,0.0,0.0,0.0,0.0,0.0,0.0,0.0,0.0,0.0,0.0,0.0,0.0,0.0,0.0,0.0,0.0,0.0
4. Phải trả nội bộ dài hạn,0.0,0.0,0.0,0.0,0.0,0.0,0.0,0.0,0.0,0.0,0.0,0.0,0.0,0.0,0.0,0.0,0.0,0.0,0.0,0.0,0.0,0.0,0.0,0.0,0.0,0.0,0.0,0.0,0.0,0.0,0.0,0.0,0.0,0.0,0.0,0.0,0.0,0.0,0.0,0.0,0.0,0.0,0.0,0.0,0.0,0.0,0.0,0.0,0.0,0.0,0.0,0.0,0.0,0.0,0.0,0.0,0.0,0.0,0.0
5. Phải trả dài hạn khác,0.0,0.0,0.0,2581799999.0,0.0,2556799999.0,0.0,0.0,0.0,0.0,0.0,0.0,0.0,0.0,0.0,0.0,0.0,0.0,0.0,0.0,0.0,0.0,0.0,0.0,0.0,0.0,0.0,0.0,0.0,0.0,0.0,100000000.0,100000000.0,100000000.0,100000000.0,100000000.0,100000000.0,120000000.0,120000000.0,120000000.0,120000000.0,482827500.0,150000000.0,150000000.0,0.0,0.0,0.0,0.0,0.0,0.0,0.0,0.0,0.0,0.0,0.0,0.0,0.0,0.0,0.0
6. Vay và nợ thuê tài chính dài hạn,0.0,0.0,0.0,0.0,0.0,0.0,0.0,0.0,0.0,0.0,0.0,0.0,0.0,0.0,0.0,0.0,0.0,0.0,0.0,0.0,0.0,0.0,0.0,0.0,0.0,0.0,0.0,0.0,0.0,39561740000.0,36897199000.0,19362079000.0,19362079000.0,17862079000.0,13000000000.0,8000000000.0,6000000000.0,0.0,0.0,0.0,0.0,0.0,0.0,0.0,0.0,0.0,0.0,0.0,0.0,0.0,0.0,0.0,0.0,0.0,0.0,0.0,0.0,0.0,0.0
7. Trái phiếu chuyển đổi,0.0,0.0,0.0,0.0,0.0,0.0,0.0,0.0,0.0,0.0,0.0,0.0,0.0,0.0,0.0,0.0,0.0,0.0,0.0,0.0,0.0,0.0,0.0,0.0,0.0,0.0,0.0,0.0,0.0,0.0,0.0,0.0,0.0,0.0,0.0,0.0,0.0,0.0,0.0,0.0,0.0,0.0,0.0,0.0,0.0,0.0,0.0,0.0,0.0,0.0,0.0,0.0,0.0,0.0,0.0,0.0,0.0,0.0,0.0
8. Thuế thu nhập hoãn lại phải trả,0.0,0.0,0.0,0.0,0.0,0.0,0.0,0.0,0.0,0.0,0.0,0.0,0.0,0.0,0.0,0.0,0.0,0.0,0.0,0.0,0.0,0.0,0.0,0.0,0.0,0.0,0.0,0.0,0.0,0.0,0.0,0.0,0.0,0.0,0.0,0.0,0.0,0.0,0.0,0.0,0.0,0.0,0.0,0.0,0.0,0.0,0.0,0.0,0.0,0.0,0.0,0.0,0.0,0.0,0.0,0.0,0.0,0.0,0.0
9. Dự phòng trợ cấp mất việc làm,0.0,0.0,0.0,167591302.0,167591302.0,26555302.0,13634352.0,94950984.0,96286984.0,87696884.0,87696884.0,170543306.0,170543306.0,170543306.0,170543306.0,170543306.0,161996306.0,0.0,0.0,0.0,0.0,0.0,0.0,0.0,0.0,0.0,0.0,0.0,0.0,0.0,0.0,0.0,0.0,0.0,0.0,0.0,0.0,0.0,0.0,0.0,0.0,0.0,0.0,0.0,0.0,0.0,0.0,0.0,0.0,0.0,0.0,0.0,0.0,0.0,0.0,0.0,0.0,0.0,0.0
10. Dự phòng phải trả dài hạn,0.0,0.0,0.0,0.0,0.0,0.0,0.0,0.0,0.0,0.0,0.0,0.0,0.0,0.0,0.0,0.0,0.0,0.0,0.0,0.0,0.0,0.0,0.0,0.0,0.0,3487723108.0,0.0,1072293834.0,1219440010.0,1219440010.0,3337292188.0,2364845698.0,2364845698.0,2359845698.0,2359845698.0,677260452.0,677260452.0,589848020.0,533431917.0,533431917.0,533431917.0,459538867.0,533431917.0,459538867.0,459538867.0,459538867.0,459538867.0,459538867.0,450714337.0,0.0,0.0,0.0,0.0,0.0,0.0,0.0,0.0,0.0,0.0
11. Doanh thu chưa thực hiện dài hạn,0.0,0.0,0.0,0.0,0.0,0.0,2556799999.0,2356460605.0,2380096969.0,2251745455.0,2167030303.0,2145212121.0,2167030303.0,2038678788.0,2104133333.0,1933509091.0,1988098535.0,1826749951.0,1877733491.0,1718152919.0,1767759141.0,1606074293.0,1659794467.0,1499533862.0,1524193941.0,1384933335.0,1384933335.0,1500373335.0,1384933335.0,1384933335.0,1384933335.0,1384933335.0,1384933335.0,0.0,0.0,0.0,0.0,0.0,639200000.0,639200004.0,0.0,319600004.0,532666671.0,426133338.0,213066672.0,213066672.0,213066672.0,213066672.0,213066672.0,0.0,0.0,0.0,0.0,0.0,0.0,0.0,0.0,0.0,0.0
12. Quỹ phát triển khoa học và công nghệ,0.0,0.0,0.0,0.0,0.0,0.0,0.0,0.0,0.0,0.0,0.0,0.0,0.0,0.0,0.0,0.0,0.0,0.0,0.0,0.0,0.0,0.0,0.0,0.0,0.0,0.0,0.0,0.0,0.0,0.0,0.0,0.0,0.0,0.0,0.0,0.0,0.0,0.0,0.0,0.0,0.0,0.0,0.0,0.0,0.0,0.0,0.0,0.0,0.0,0.0,0.0,0.0,0.0,0.0,0.0,0.0,0.0,0.0,0.0
B. Nguồn vốn chủ sở hữu,14682000000.0,12578000000.0,9866000000.0,75290368394.0,76078664076.0,74119070691.0,74863135013.0,76998224902.0,76767111914.0,73783770330.0,74771095251.0,78067566596.0,76761897653.0,72074472859.0,72839844756.0,76775093230.0,79731270949.0,75023814872.0,76492286132.0,82390395082.0,83003305829.0,81355861324.0,82248004733.0,83675543603.0,85415638906.0,82768499695.0,82726150192.0,84871228070.0,85725724466.0,81978368400.0,83786837096.0,85443000422.0,85869103598.0,82665888860.0,85093000670.0,86437140817.0,87183615322.0,84308712652.0,85052105700.0,87174557150.0,88254851210.0,85143623981.0,86582367482.0,88058712063.0,88745703707.0,85281620233.0,85823175099.0,83925377414.0,84537723057.0,81375141115.0,82012528018.0,81557071228.0,81827594689.0,80614453259.0,81150948899.0,81425061229.0,81896913816.0,78470015753.0,78933307843.0
I. Vốn chủ sở hữu,14682000000.0,12578000000.0,9866000000.0,75290368394.0,76078664076.0,74119070691.0,74863135013.0,76998224902.0,76767111914.0,73783770330.0,74771095251.0,78067566596.0,76761897653.0,72074472859.0,72839844756.0,76775093230.0,79731270949.0,75023814872.0,76492286132.0,82390395082.0,83003305829.0,81355861324.0,82248004733.0,83675543603.0,85415638906.0,82768499695.0,82726150192.0,84871228070.0,85725724466.0,81978368400.0,83786837096.0,85443000422.0,85869103598.0,82665888860.0,85093000670.0,86437140817.0,87183615322.0,84308712652.0,85052105700.0,87174557150.0,88254851210.0,85143623981.0,86582367482.0,88058712063.0,88745703707.0,85281620233.0,85823175099.0,83925377414.0,84537723057.0,81375141115.0,82012528018.0,81557071228.0,81827594689.0,80614453259.0,81150948899.0,81425061229.0,81896913816.0,78470015753.0,78933307843.0
1. Vốn đầu tư của chủ sở hữu,0.0,0.0,0.0,40500000000.0,40500000000.0,40500000000.0,40500000000.0,40500000000.0,40500000000.0,40500000000.0,40500000000.0,40500000000.0,40500000000.0,40500000000.0,40500000000.0,40500000000.0,40500000000.0,40500000000.0,40500000000.0,40500000000.0,40500000000.0,40500000000.0,40500000000.0,40500000000.0,40500000000.0,40500000000.0,40500000000.0,40500000000.0,40500000000.0,40500000000.0,40500000000.0,40500000000.0,40500000000.0,40500000000.0,40500000000.0,40500000000.0,40500000000.0,40500000000.0,40500000000.0,40500000000.0,40500000000.0,40500000000.0,40500000000.0,40500000000.0,40500000000.0,40500000000.0,40500000000.0,40500000000.0,40500000000.0,40500000000.0,40500000000.0,40500000000.0,40500000000.0,40500000000.0,40500000000.0,40500000000.0,40500000000.0,40500000000.0,40500000000.0
2. Thặng dư vốn cổ phần,0.0,0.0,0.0,20250000000.0,20250000000.0,20250000000.0,20250000000.0,20250000000.0,20250000000.0,20250000000.0,20250000000.0,20250000000.0,20250000000.0,20250000000.0,20250000000.0,20250000000.0,20250000000.0,20250000000.0,20250000000.0,20250000000.0,20250000000.0,20250000000.0,20250000000.0,20250000000.0,20250000000.0,20250000000.0,20250000000.0,20250000000.0,20250000000.0,20250000000.0,20250000000.0,20250000000.0,20250000000.0,20250000000.0,20250000000.0,20250000000.0,20354652347.0,20354652347.0,20354652347.0,20354652347.0,20354652347.0,20354652347.0,20354652347.0,20354652347.0,20354652347.0,20354652347.0,20354652347.0,20354652347.0,20354652347.0,20354652347.0,20354652347.0,20354652347.0,20354652347.0,20354652347.0,20354652347.0,20354652347.0,20354652347.0,20354652347.0,20354652347.0
3. Quyền chọn chuyển đổi trái phiếu,0.0,0.0,0.0,0.0,0.0,0.0,0.0,0.0,0.0,0.0,0.0,0.0,0.0,0.0,0.0,0.0,0.0,0.0,0.0,0.0,0.0,0.0,0.0,0.0,0.0,0.0,0.0,0.0,0.0,0.0,0.0,0.0,0.0,0.0,0.0,0.0,0.0,0.0,0.0,0.0,0.0,0.0,0.0,0.0,0.0,0.0,0.0,0.0,0.0,0.0,0.0,0.0,0.0,0.0,0.0,0.0,0.0,0.0,0.0
4. Vốn khác của chủ sở hữu,0.0,0.0,0.0,0.0,0.0,0.0,0.0,0.0,0.0,0.0,0.0,0.0,0.0,0.0,0.0,3000000000.0,3000000000.0,3000000000.0,3000000000.0,3000000000.0,3000000000.0,3000000000.0,3000000000.0,3000000000.0,3000000000.0,3000000000.0,3000000000.0,3000000000.0,3000000000.0,3000000000.0,3000000000.0,3000000000.0,3000000000.0,3000000000.0,3000000000.0,3000000000.0,3000000000.0,3000000000.0,3000000000.0,3000000000.0,3000000000.0,3000000000.0,3000000000.0,3000000000.0,3000000000.0,3000000000.0,3000000000.0,3000000000.0,3000000000.0,3000000000.0,3000000000.0,3000000000.0,3000000000.0,3000000000.0,3000000000.0,3000000000.0,3000000000.0,3000000000.0,3000000000.0
5. Cổ phiếu quỹ,0.0,0.0,0.0,-1223100000.0,-1223100000.0,-1223100000.0,-1223100000.0,-1223100000.0,-1223100000.0,-1223100000.0,-1223100000.0,-1223100000.0,-1223100000.0,-1223100000.0,-1223100000.0,-1223100000.0,-1223100000.0,-1223100000.0,-1223100000.0,-1223100000.0,-1223100000.0,-1223100000.0,-1223100000.0,-1223100000.0,-1223100000.0,-1223100000.0,-1223100000.0,-1223100000.0,-1223100000.0,-1223100000.0,-1223100000.0,-1223100000.0,-1223100000.0,-1223100000.0,-1223100000.0,-573800000.0,-573800000.0,-573800000.0,-573800000.0,-573800000.0,-573800000.0,-573800000.0,-573800000.0,-573800000.0,-573800000.0,-573800000.0,-573800000.0,-573800000.0,-573800000.0,-573800000.0,-573800000.0,-573800000.0,-573800000.0,-573800000.0,-573800000.0,-573800000.0,-573800000.0,-573800000.0,-573800000.0
6. Chênh lệch đánh giá lại tài sản,0.0,0.0,0.0,0.0,0.0,0.0,0.0,0.0,0.0,0.0,0.0,0.0,0.0,0.0,0.0,0.0,0.0,0.0,0.0,0.0,0.0,0.0,0.0,0.0,0.0,0.0,0.0,0.0,0.0,0.0,0.0,0.0,0.0,0.0,0.0,0.0,0.0,0.0,0.0,0.0,0.0,0.0,0.0,0.0,0.0,0.0,0.0,0.0,0.0,0.0,0.0,0.0,0.0,0.0,0.0,0.0,0.0,0.0,0.0
7. Chênh lệch tỷ giá hối đoái,0.0,0.0,0.0,0.0,0.0,0.0,0.0,610483819.0,72955686.0,72955686.0,72955686.0,1597098738.0,0.0,0.0,0.0,55005.0,0.0,0.0,0.0,0.0,0.0,0.0,0.0,0.0,0.0,0.0,0.0,0.0,0.0,0.0,0.0,0.0,0.0,0.0,0.0,0.0,0.0,0.0,0.0,0.0,0.0,0.0,0.0,0.0,0.0,0.0,0.0,0.0,0.0,0.0,0.0,0.0,0.0,0.0,0.0,0.0,0.0,0.0,0.0
8. Quỹ đầu tư phát triển,4769000000.0,6368000000.0,7511000000.0,7511229430.0,7511229430.0,7875481533.0,7875481533.0,7875481533.0,7875481533.0,8081755022.0,8081755022.0,8081755022.0,8081755022.0,8154723439.0,8154723439.0,5154723439.0,5154723439.0,5248745826.0,5248745826.0,5248745826.0,5248745826.0,5865518956.0,5865518956.0,5865518956.0,8281212494.0,8642975684.0,8642975684.0,8642975684.0,8642975684.0,8642975684.0,8642975684.0,8642975684.0,8642975684.0,8642975684.0,8642975684.0,8642975684.0,8642975684.0,8642975684.0,8642975684.0,8642975684.0,8642975684.0,8642975684.0,8642975684.0,8642975684.0,8642975684.0,8642975684.0,8642975684.0,8642975684.0,8642975684.0,8642975684.0,8642975684.0,8642975684.0,8642975684.0,8642975684.0,8642975684.0,8642975684.0,8642975684.0,8642975684.0,8642975684.0
9. Quỹ dự phòng tài chính,647000000.0,1090000000.0,1294000000.0,1293720612.0,1293720612.0,1499816642.0,1499816642.0,1499816642.0,1499816642.0,1741804593.0,1741804593.0,1741804593.0,1741804593.0,1998525395.0,1998525395.0,1998525395.0,1998525395.0,2250479908.0,2250479908.0,2250479908.0,2250479908.0,2415693538.0,2415693538.0,2415693538.0,0.0,0.0,0.0,0.0,0.0,0.0,0.0,0.0,0.0,0.0,0.0,0.0,0.0,0.0,0.0,0.0,0.0,0.0,0.0,0.0,0.0,0.0,0.0,0.0,0.0,0.0,0.0,0.0,0.0,0.0,0.0,0.0,0.0,0.0,0.0
10. Quỹ khác thuộc vốn chủ sở hữu,0.0,0.0,0.0,0.0,0.0,0.0,0.0,0.0,0.0,0.0,0.0,0.0,0.0,0.0,0.0,0.0,0.0,0.0,0.0,0.0,0.0,0.0,0.0,0.0,0.0,0.0,0.0,0.0,0.0,0.0,0.0,0.0,0.0,0.0,0.0,0.0,0.0,0.0,0.0,0.0,0.0,0.0,0.0,0.0,0.0,0.0,0.0,0.0,0.0,0.0,0.0,0.0,0.0,0.0,0.0,0.0,0.0,0.0,0.0
11. Lợi nhuận sau thuế chưa phân phối,9266000000.0,5120000000.0,1061000000.0,6958518352.0,7746814034.0,5216872516.0,5960936838.0,7485542908.0,7791958053.0,4360355029.0,5347679950.0,7120008243.0,7411438038.0,2394324025.0,3159695922.0,7094889391.0,10051122115.0,4997689138.0,6466160398.0,12364269348.0,12977180095.0,10547748830.0,11439892239.0,12867431109.0,14607526412.0,11598624011.0,11556274508.0,13701352386.0,14555848782.0,10808492716.0,12616961412.0,14273124738.0,14699227914.0,11496013176.0,13923124986.0,14617965133.0,15259787291.0,12384884621.0,13128277669.0,15250729119.0,16331023179.0,13219795950.0,14658539451.0,16134884032.0,16821875676.0,13357792202.0,13899347068.0,12001549383.0,12613895026.0,9451313084.0,10088699987.0,9633243197.0,9903766658.0,8690625228.0,9227120868.0,9501233198.0,9973085785.0,6546187722.0,7009479812.0
LNST chưa phân phối lũy kế đến cuối kỳ trước,,,,,,,,,,,,,,,,,,,,,,,,,,9322800775.0,9322800775.0,9322800775.0,13730149989.0,10014183189.0,10014183189.0,10014183189.0,14273124738.0,10283901697.0,10283901697.0,10283901697.0,14451096411.0,10432096411.0,10432096411.0,10432096411.0,15244281579.0,10760892579.0,10760892579.0,10802892449.0,16112870024.0,11553393681.0,11551148946.0,11551148946.0,12001549383.0,7623758383.0,7623758383.0,7623758383.0,9649039099.0,7371584904.0,7371584904.0,7371584904.0,9527681542.0,4767744542.0,4767744542.0
LNST chưa phân phối kỳ này,,,,,,,,,,,,,,,,,,,,,,,,,,2275823236.0,2233473733.0,4378551611.0,825698793.0,794309527.0,2602778223.0,4258941549.0,426103176.0,1212111479.0,3639223289.0,4334063436.0,808690880.0,1952788210.0,2696181258.0,4818632708.0,1086741600.0,2458903371.0,3897646872.0,5331991583.0,709005652.0,1804398521.0,2348198122.0,450400437.0,612345643.0,1827554701.0,2464941604.0,2009484814.0,254727559.0,1319040324.0,1855535964.0,2129648294.0,445404243.0,1778443180.0,2241735270.0
12. Nguồn vốn đầu tư xây dựng cơ bản,0.0,0.0,0.0,0.0,0.0,0.0,0.0,0.0,0.0,0.0,0.0,0.0,0.0,0.0,0.0,0.0,0.0,0.0,0.0,0.0,0.0,0.0,0.0,0.0,0.0,0.0,0.0,0.0,0.0,0.0,0.0,0.0,0.0,0.0,0.0,0.0,0.0,0.0,0.0,0.0,0.0,0.0,0.0,0.0,0.0,0.0,0.0,0.0,0.0,0.0,0.0,0.0,0.0,0.0,0.0,0.0,0.0,0.0,0.0
13. Quỹ hỗ trợ sắp xếp doanh nghiệp,0.0,0.0,0.0,0.0,0.0,0.0,0.0,0.0,0.0,0.0,0.0,0.0,0.0,0.0,0.0,0.0,0.0,0.0,0.0,0.0,0.0,0.0,0.0,0.0,0.0,0.0,0.0,0.0,0.0,0.0,0.0,0.0,0.0,0.0,0.0,0.0,0.0,0.0,0.0,0.0,0.0,0.0,0.0,0.0,0.0,0.0,0.0,0.0,0.0,0.0,0.0,0.0,0.0,0.0,0.0,0.0,0.0,0.0,0.0
14. Lợi ích của cổ đông không kiểm soát,0.0,0.0,0.0,0.0,0.0,0.0,0.0,0.0,0.0,0.0,0.0,0.0,0.0,0.0,0.0,0.0,0.0,0.0,0.0,0.0,0.0,0.0,0.0,0.0,0.0,0.0,0.0,0.0,0.0,0.0,0.0,0.0,0.0,0.0,0.0,0.0,0.0,0.0,0.0,0.0,0.0,0.0,0.0,0.0,0.0,0.0,0.0,0.0,0.0,0.0,0.0,0.0,0.0,0.0,0.0,0.0,0.0,0.0,0.0
II. Nguồn kinh phí và quỹ khác,0.0,0.0,0.0,0.0,0.0,0.0,0.0,0.0,0.0,0.0,0.0,0.0,0.0,0.0,0.0,0.0,0.0,0.0,0.0,0.0,0.0,0.0,0.0,0.0,0.0,0.0,0.0,0.0,0.0,0.0,0.0,0.0,0.0,0.0,0.0,0.0,0.0,0.0,0.0,0.0,0.0,0.0,0.0,0.0,0.0,0.0,0.0,0.0,0.0,0.0,0.0,0.0,0.0,0.0,0.0,0.0,0.0,0.0,0.0
1. Nguồn kinh phí ,0.0,0.0,0.0,0.0,0.0,0.0,0.0,0.0,0.0,0.0,0.0,0.0,0.0,0.0,0.0,0.0,0.0,0.0,0.0,0.0,0.0,0.0,0.0,0.0,0.0,0.0,0.0,0.0,0.0,0.0,0.0,0.0,0.0,0.0,0.0,0.0,0.0,0.0,0.0,0.0,0.0,0.0,0.0,0.0,0.0,0.0,0.0,0.0,0.0,0.0,0.0,0.0,0.0,0.0,0.0,0.0,0.0,0.0,0.0
2. Nguồn kinh phí đã hình thành tài sản cố định,0.0,0.0,0.0,0.0,0.0,0.0,0.0,0.0,0.0,0.0,0.0,0.0,0.0,0.0,0.0,0.0,0.0,0.0,0.0,0.0,0.0,0.0,0.0,0.0,0.0,0.0,0.0,0.0,0.0,0.0,0.0,0.0,0.0,0.0,0.0,0.0,0.0,0.0,0.0,0.0,0.0,0.0,0.0,0.0,0.0,0.0,0.0,0.0,0.0,0.0,0.0,0.0,0.0,0.0,0.0,0.0,0.0,0.0,0.0
3. Quỹ dự phòng trợ cấp mất việc làm,0.0,0.0,0.0,0.0,0.0,0.0,0.0,0.0,0.0,0.0,0.0,0.0,0.0,0.0,0.0,0.0,0.0,0.0,0.0,0.0,0.0,0.0,0.0,0.0,0.0,0.0,0.0,0.0,0.0,0.0,0.0,0.0,0.0,0.0,0.0,0.0,0.0,0.0,0.0,0.0,0.0,0.0,0.0,0.0,0.0,0.0,0.0,0.0,0.0,0.0,0.0,0.0,0.0,0.0,0.0,0.0,0.0,0.0,0.0
TỔNG CỘNG NGUỒN VỐN,218579000000.0,245457000000.0,198699000000.0,265548020620.0,285926780029.0,249655332980.0,251421764958.0,233478728906.0,229412809830.0,219133874843.0,190135638398.0,189234498822.0,193246369903.0,181239340975.0,185716221732.0,191300539041.0,203966071485.0,207391810455.0,197357247003.0,207502871408.0,189246045041.0,191722767674.0,200048479868.0,261308846416.0,214042197072.0,199157013454.0,197872379506.0,213147869266.0,219783960176.0,226368576503.0,219402048429.0,198381225640.0,182493817080.0,176988842439.0,185524672186.0,205728880437.0,231446328235.0,205135063420.0,188316003479.0,212163707052.0,178205648290.0,178503150047.0,172641509207.0,189816584076.0,172352294439.0,169856566491.0,149734998744.0,158478156329.0,145838185504.0,148518091582.0,148102880770.0,170433837560.0,151458655100.0,130053088050.0,137403143269.0,154403948496.0,144493119715.0,137775697840.0,142421867089.0
