Item,Q4 2005,Q4 2006,Q1 2007,Q2 2007,Q3 2007,Q4 2007,Q1 2008,Q2 2008,Q3 2008,Q4 2008,Q1 2009,Q2 2009,Q3 2009,Q4 2009,Q1 2010,Q2 2010,Q3 2010,Q4 2010,Q1 2011,Q2 2011,Q3 2011,Q4 2011,Q1 2012,Q2 2012,Q3 2012,Q4 2012,Q1 2013,Q2 2013,Q3 2013,Q4 2013,Q1 2014,Q2 2014,Q3 2014,Q4 2014,Q1 2015,Q2 2015,Q3 2015,Q4 2015,Q1 2016,Q2 2016,Q3 2016,Q4 2016,Q1 2017,Q2 2017,Q3 2017,Q4 2017,Q1 2018,Q2 2018,Q3 2018,Q4 2018,Q1 2019,Q2 2019,Q3 2019,Q4 2019,Q1 2020,Q2 2020,Q3 2020,Q4 2020,Q1 2021,Q2 2021,Q3 2021,Q4 2021,Q1 2022,Q2 2022,Q3 2022,Q4 2022,Q1 2023,Q2 2023,Q3 2023
TÀI SẢN,,,,,,,,,,,,,,,,,,,,,,,,,,,,,,,,,,,,,,,,,,,,,,,,,,,,,,,,,,,,,,,,,,,,,
A. Tài sản lưu động và đầu tư ngắn hạn,231493368255.0,433597000932.0,437120865887.0,452015589712.0,525359106997.0,402964684657.0,394370639749.0,299710695225.0,282068988372.0,301839267400.0,348707250367.0,320510702383.0,320898897019.0,374849396167.0,400139671625.0,387912632363.0,417152167835.0,412817728663.0,420648705222.0,397131570280.0,370182519859.0,549183745867.0,423528702001.0,415250433509.0,463581373532.0,455470404884.0,346174789671.0,364725430062.0,412522742068.0,420092503686.0,442374840701.0,453435619507.0,493175714884.0,582612456267.0,703645714811.0,879746887509.0,1034586003034.0,1204657798316.0,1106736264320.0,959621727321.0,817790873986.0,832768632947.0,818312550775.0,1037680365356.0,1698033092842.0,1582747541480.0,1531955777568.0,1326055527552.0,1391638132222.0,1165960771759.0,1162876230069.0,903871853945.0,877226346498.0,1092831387904.0,1065243655435.0,931384708769.0,1071365308573.0,985660532382.0,930919791317.0,764056129607.0,768337973088.0,1150127787330.0,1035326174862.0,986057433844.0,961129256088.0,1094165014391.0,1112321591394.0,1020180234627.0,996429755805.0
I. Tiền và các khoản tương đương tiền,16820071927.0,63465511662.0,12308515184.0,16443431981.0,70697665330.0,40730366456.0,23570129419.0,15969447198.0,4977850683.0,14957501912.0,78165161294.0,84693074369.0,67953182277.0,81173502826.0,54530734054.0,39199661627.0,35350246511.0,90943948377.0,98570436863.0,60916205158.0,32841743118.0,20546447930.0,85053760431.0,47152795934.0,59185654080.0,61605403884.0,35034281758.0,28220080837.0,42986959339.0,56816303651.0,58280063114.0,50206629567.0,51377447596.0,59702657888.0,57608298252.0,73344592326.0,119600565206.0,175746676020.0,150251408197.0,173339217617.0,135952520805.0,180027021209.0,89393580073.0,88287085918.0,126099765453.0,164567258370.0,84613530173.0,167934649513.0,127644798284.0,130935470431.0,161728415231.0,50805324599.0,72108809356.0,68949329210.0,43564274725.0,79674310731.0,136096631800.0,188153308358.0,256541342371.0,70609641891.0,46659284698.0,179086810431.0,129086459105.0,124231653772.0,97848425137.0,202153522721.0,149295528788.0,92173892674.0,67297626092.0
1. Tiền,,,,,,,,,,,,34393074369.0,,,20430734054.0,18864009354.0,12863704911.0,13432897947.0,14751982852.0,12712096047.0,14320819501.0,15546447930.0,85053760431.0,35325124268.0,59185654080.0,61605403884.0,10927079664.0,16087960444.0,17446808043.0,34179517173.0,12349313028.0,20642981883.0,24506266496.0,21283324555.0,30417719079.0,39233755241.0,86489728121.0,107935838935.0,77990571112.0,101528380532.0,67141683720.0,115003827897.0,31575386761.0,44521721995.0,74339765453.0,98107258370.0,40133530173.0,137014649513.0,97402798284.0,93193470431.0,130686415231.0,35149324599.0,58737809356.0,55576879895.0,29452271645.0,65253740465.0,121673419562.0,123726666689.0,232169230702.0,48233869668.0,46659284698.0,127084347417.0,127083996091.0,119214607303.0,91823833965.0,194111816594.0,141263498500.0,86143552418.0,60221021606.0
2. Các khoản tương đương tiền,,,,,,,,,,,,50300000000.0,,,34100000000.0,20335652273.0,22486541600.0,77511050430.0,83818454011.0,48204109111.0,18520923617.0,5000000000.0,0.0,11827671666.0,0.0,0.0,24107202094.0,12132120393.0,25540151296.0,22636786478.0,45930750086.0,29563647684.0,26871181100.0,38419333333.0,27190579173.0,34110837085.0,33110837085.0,67810837085.0,72260837085.0,71810837085.0,68810837085.0,65023193312.0,57818193312.0,43765363923.0,51760000000.0,66460000000.0,44480000000.0,30920000000.0,30242000000.0,37742000000.0,31042000000.0,15656000000.0,13371000000.0,13372449315.0,14112003080.0,14420570266.0,14423212238.0,64426641669.0,24372111669.0,22375772223.0,0.0,52002463014.0,2002463014.0,5017046469.0,6024591172.0,8041706127.0,8032030288.0,6030340256.0,7076604486.0
II. Các khoản đầu tư tài chính ngắn hạn,0.0,0.0,0.0,0.0,0.0,0.0,0.0,0.0,1700000000.0,4172900000.0,25000000.0,25000000.0,25000000.0,25000000.0,25000000.0,25000000.0,25000000.0,25000000.0,25000000.0,25000000.0,25000000.0,25000000.0,25000000.0,25000000.0,25000000.0,25000000.0,29400000.0,29400000.0,29400000.0,29400000.0,19040000.0,30520000.0,30520000.0,42560000.0,42560000.0,42560000.0,42560000.0,66920000.0,66920000.0,66920000.0,66920000.0,66920000.0,72900000.0,72900000.0,72900000.0,72900000.0,72900000.0,72900000.0,72900000.0,72900000.0,60200000.0,48720000.0,48720000.0,48720000.0,54600000.0,57400000.0,57400000.0,57400000.0,61600000.0,72900000.0,72900000.0,72900000.0,50072900000.0,72900000.0,72900000.0,72900000.0,72900000.0,1098491790.0,72900000.0
1. Chứng khoán kinh doanh,0.0,0.0,0.0,0.0,0.0,0.0,0.0,0.0,,,,72900000.0,,,72900000.0,72900000.0,72900000.0,72900000.0,72900000.0,72900000.0,72900000.0,72900000.0,72900000.0,72900000.0,72900000.0,72900000.0,72900000.0,72900000.0,72900000.0,72900000.0,72900000.0,72900000.0,72900000.0,72900000.0,72900000.0,72900000.0,72900000.0,72900000.0,72900000.0,72900000.0,72900000.0,72900000.0,72900000.0,72900000.0,72900000.0,72900000.0,72900000.0,72900000.0,72900000.0,72900000.0,72900000.0,72900000.0,72900000.0,72900000.0,72900000.0,72900000.0,72900000.0,72900000.0,72900000.0,72900000.0,72900000.0,72900000.0,72900000.0,72900000.0,72900000.0,72900000.0,72900000.0,72900000.0,72900000.0
2. Dự phòng giảm giá chứng khoán kinh doanh,0.0,0.0,0.0,0.0,0.0,0.0,0.0,0.0,,,,-47900000.0,,,-47900000.0,-47900000.0,-47900000.0,-47900000.0,-47900000.0,-47900000.0,-47900000.0,-47900000.0,-47900000.0,-47900000.0,-47900000.0,-47900000.0,-43500000.0,-43500000.0,-43500000.0,-43500000.0,-53860000.0,-42380000.0,-42380000.0,-30340000.0,-30340000.0,-30340000.0,-30340000.0,-5980000.0,-5980000.0,-5980000.0,-5980000.0,-5980000.0,0.0,0.0,0.0,0.0,0.0,0.0,0.0,0.0,-12700000.0,-24180000.0,-24180000.0,-24180000.0,-18300000.0,-15500000.0,-15500000.0,-15500000.0,-11300000.0,0.0,0.0,0.0,0.0,0.0,0.0,0.0,0.0,0.0,0.0
3. Đầu tư nắm giữ đến ngày đáo hạn,0.0,0.0,0.0,0.0,0.0,0.0,0.0,0.0,,,,0.0,,,0.0,0.0,0.0,0.0,0.0,0.0,0.0,0.0,0.0,0.0,0.0,0.0,0.0,0.0,0.0,0.0,0.0,0.0,0.0,0.0,0.0,0.0,0.0,0.0,0.0,0.0,0.0,0.0,0.0,0.0,0.0,0.0,0.0,0.0,0.0,0.0,0.0,0.0,0.0,0.0,0.0,0.0,0.0,0.0,0.0,0.0,0.0,0.0,50000000000.0,0.0,0.0,0.0,0.0,1025591790.0,0.0
III. Các khoản phải thu ngắn hạn,148743178232.0,194152365150.0,204643405063.0,187606632568.0,202936265277.0,164127829897.0,167978312961.0,149444061860.0,141582201703.0,164212958600.0,142578736415.0,115171518137.0,106647437059.0,153629725050.0,184494314412.0,169775426425.0,197551497333.0,206220452058.0,150906470149.0,148858605459.0,138591830074.0,410639210628.0,207305166949.0,208076535328.0,229042326624.0,212548618701.0,185850817512.0,210193429617.0,238864260774.0,234437083849.0,239841941797.0,250889519380.0,263127376540.0,329307674468.0,387767113323.0,506726388125.0,579945142237.0,673298299651.0,653913950898.0,493512172001.0,416920649903.0,399065314191.0,390521470680.0,661693930677.0,1293404066706.0,1154856134235.0,1094423961222.0,768093532116.0,919288469297.0,688830979080.0,700809359933.0,547403064334.0,487649141894.0,747621076762.0,765075715346.0,603668653330.0,658988916914.0,587511207562.0,418095756422.0,378326364606.0,445911211441.0,691869966449.0,578174544755.0,524728504957.0,480640368181.0,544258481318.0,534602155898.0,529698255195.0,454974431330.0
1. Phải thu ngắn hạn của khách hàng,,,,,,,,,,,,108630664175.0,,,176266149102.0,164036796474.0,184574426053.0,181737978470.0,122248752109.0,116564830012.0,111365517265.0,353422100174.0,192031673227.0,193594692189.0,209016203367.0,201423847496.0,119520606751.0,152519215646.0,156734834645.0,158980489089.0,180391336852.0,160826148551.0,192665599387.0,244577595662.0,284186670545.0,414328319167.0,484571517174.0,580890772440.0,556812311820.0,394999659674.0,309810369876.0,295102488649.0,249441062055.0,533460317075.0,1155423640610.0,833779752429.0,958050995016.0,619406728943.0,784167903723.0,565025052087.0,583160211997.0,431980473908.0,342011551273.0,627116867348.0,625232219819.0,455755555949.0,535864913408.0,555792216584.0,381015626172.0,328539130730.0,385132465154.0,628689514596.0,516873026229.0,454627049660.0,425302262592.0,482226612406.0,471516197364.0,474775165627.0,384811550929.0
2. Trả trước cho người bán,,,,,,,,,,,,2239187941.0,,,3130876207.0,3516369954.0,11182475414.0,23866575021.0,27224461363.0,30028104770.0,25932591995.0,5349322974.0,13235122305.0,15562356361.0,16882244018.0,7702210618.0,14450121623.0,12464389423.0,10456152895.0,7207101501.0,4197704015.0,8773228090.0,8771749382.0,6771786109.0,35913815121.0,17626814660.0,16223696577.0,8959820040.0,10391536028.0,11537364170.0,19267707813.0,3969637041.0,21111618150.0,25733555693.0,9409960230.0,22751281716.0,26617621768.0,42266536959.0,15038482281.0,7042129673.0,11821914362.0,7455250659.0,20423239034.0,12065713061.0,27054801816.0,33232662799.0,8076951944.0,11043182304.0,16360743752.0,23832522493.0,35526716874.0,27040718321.0,25043270024.0,30562845792.0,16982291961.0,21869403377.0,17916439743.0,12357609767.0,26802993455.0
3. Phải thu nội bộ ngắn hạn,,,,,,,,,,,,0.0,,,0.0,0.0,0.0,0.0,0.0,0.0,0.0,0.0,0.0,0.0,0.0,0.0,0.0,0.0,0.0,0.0,0.0,0.0,0.0,0.0,0.0,0.0,0.0,0.0,0.0,0.0,0.0,0.0,0.0,0.0,0.0,0.0,0.0,0.0,0.0,0.0,0.0,0.0,0.0,0.0,0.0,0.0,0.0,0.0,0.0,0.0,0.0,0.0,0.0,0.0,0.0,0.0,0.0,0.0,0.0
4. Phải thu theo tiến độ hợp đồng xây dựng,,,,,,,,,,,,0.0,,,0.0,0.0,0.0,0.0,0.0,0.0,0.0,0.0,0.0,0.0,0.0,0.0,0.0,0.0,0.0,0.0,0.0,0.0,0.0,0.0,0.0,0.0,0.0,0.0,0.0,0.0,0.0,0.0,0.0,0.0,0.0,0.0,0.0,0.0,0.0,0.0,0.0,0.0,0.0,0.0,0.0,0.0,0.0,0.0,0.0,0.0,0.0,0.0,0.0,0.0,0.0,0.0,0.0,0.0,0.0
5. Phải thu về cho vay ngắn hạn,,,,,,,,,,,,0.0,,,0.0,0.0,0.0,0.0,0.0,0.0,0.0,0.0,0.0,0.0,0.0,0.0,0.0,0.0,0.0,0.0,0.0,0.0,0.0,0.0,0.0,0.0,0.0,0.0,0.0,0.0,0.0,0.0,0.0,0.0,0.0,0.0,0.0,0.0,0.0,0.0,0.0,0.0,0.0,0.0,0.0,0.0,0.0,0.0,0.0,0.0,0.0,0.0,0.0,0.0,0.0,0.0,0.0,0.0,0.0
6. Phải thu ngắn hạn khác,,,,,,,,,,,,6766776960.0,,,6385615234.0,3510586128.0,3432921997.0,4373714725.0,4896647965.0,5459842078.0,4453549115.0,58034250146.0,6130385208.0,4597057830.0,8548221891.0,9393232480.0,58538384693.0,51679083400.0,78211683936.0,73839945984.0,60480165624.0,86809486063.0,67147274495.0,84877370689.0,74585705649.0,82967013985.0,87032216666.0,95647105465.0,98789097994.0,98822954905.0,99250107922.0,111205348719.0,131126241372.0,114127790175.0,140305616132.0,312564579231.0,124050000579.0,120872925615.0,134560299894.0,131184236604.0,120249684142.0,122092393260.0,139433462936.0,121833817702.0,126184015060.0,127988875564.0,128355492544.0,33934988846.0,33978566670.0,39213891555.0,38511209585.0,49139271304.0,49257786274.0,52400320277.0,51217524400.0,52974176307.0,57981229563.0,55252190573.0,55996597718.0
7. Dự phòng phải thu ngắn hạn khó đòi,,,,,,,,,,,,-2465110939.0,,,-1288326131.0,-1288326131.0,-1638326131.0,-3757816158.0,-3463391288.0,-3194171401.0,-3159828301.0,-6166462666.0,-4092013791.0,-5677571052.0,-5404342652.0,-5970671893.0,-6658295555.0,-6469258852.0,-6538410702.0,-5590452725.0,-5227264694.0,-5519343324.0,-5457246724.0,-6919077992.0,-6919077992.0,-8195759687.0,-7882288180.0,-12199398294.0,-12078994944.0,-11847806748.0,-11407535708.0,-11212160218.0,-11157450897.0,-11627732266.0,-11735150266.0,-14239479141.0,-14294656141.0,-14452659401.0,-14478216601.0,-14420439284.0,-14422450568.0,-14125053493.0,-14219111349.0,-13395321349.0,-13395321349.0,-13308440982.0,-13308440982.0,-13259180172.0,-13259180172.0,-13259180172.0,-13259180172.0,-12999537772.0,-12999537772.0,-12861710772.0,-12861710772.0,-12811710772.0,-12811710772.0,-12686710772.0,-12636710772.0
IV. Tổng hàng tồn kho,62817966868.0,171235902782.0,211090992405.0,240329822171.0,246204135847.0,192044765266.0,200169631540.0,129268730307.0,130844925926.0,116056267626.0,124588269986.0,115001786659.0,130792399749.0,130999347787.0,148886876073.0,167184659920.0,167653192809.0,112064545825.0,161897206766.0,177233730631.0,186133397133.0,110582280019.0,118984196059.0,144628817652.0,112696414264.0,101938748554.0,108259438463.0,108512195148.0,114163328399.0,111274646673.0,125672922549.0,131513866887.0,158662293459.0,174122152013.0,223247687023.0,277130795352.0,312074386681.0,332707590179.0,280191254805.0,272110062767.0,244454877071.0,233689921989.0,310388851023.0,266796622069.0,265872180084.0,241589095829.0,303574347333.0,342695676387.0,304441500266.0,300938881439.0,252179845063.0,259975573305.0,269935285084.0,234852976941.0,217618021508.0,207513399304.0,233216802804.0,186889576041.0,228031097395.0,281221878059.0,251133661133.0,260017868408.0,259123787555.0,314229682424.0,354315618764.0,330349333676.0,405108368143.0,377478046943.0,447380978700.0
1. Hàng tồn kho,,,,,,,,,,,,119609349958.0,,,152309879234.0,170524364675.0,172096929171.0,116234925002.0,165764995503.0,180586340032.0,189633822060.0,113932501364.0,122360753967.0,147809477150.0,115298689013.0,105283433075.0,111663870671.0,111959201249.0,118110334501.0,116797990828.0,132122451350.0,140204900725.0,166824214021.0,181642508456.0,230768043466.0,285876460777.0,322816204377.0,348175854071.0,296095197815.0,289894306455.0,262239120759.0,252574633172.0,328290177110.0,282742019343.0,284714307372.0,261506981294.0,323094070730.0,361491225383.0,325232188269.0,318251757183.0,267010980362.0,276504102109.0,286587628051.0,254458874431.0,238229157516.0,229480956074.0,255184359574.0,207736817294.0,248322232768.0,300579151354.0,270490934428.0,278259732495.0,277742567958.0,333807444420.0,372330706811.0,347106138920.0,422702404621.0,394565575976.0,464430312006.0
2. Dự phòng giảm giá hàng tồn kho,,,,,,,,,,,,-4607563299.0,,,-3423003161.0,-3339704755.0,-4443736362.0,-4170379177.0,-3867788737.0,-3352609401.0,-3500424927.0,-3350221345.0,-3376557908.0,-3180659498.0,-2602274749.0,-3344684521.0,-3404432208.0,-3447006101.0,-3947006102.0,-5523344155.0,-6449528801.0,-8691033838.0,-8161920562.0,-7520356443.0,-7520356443.0,-8745665425.0,-10741817696.0,-15468263892.0,-15903943010.0,-17784243688.0,-17784243688.0,-18884711183.0,-17901326087.0,-15945397274.0,-18842127288.0,-19917885465.0,-19519723397.0,-18795548996.0,-20790688003.0,-17312875744.0,-14831135299.0,-16528528804.0,-16652342967.0,-19605897490.0,-20611136008.0,-21967556770.0,-21967556770.0,-20847241253.0,-20291135373.0,-19357273295.0,-19357273295.0,-18241864087.0,-18618780403.0,-19577761996.0,-18015088047.0,-16756805244.0,-17594036478.0,-17087529033.0,-17049333306.0
V. Tài sản ngắn hạn khác,3112151228.0,4743221338.0,9077953235.0,7635702992.0,5521040543.0,6061723038.0,2652565829.0,5028455860.0,2964010060.0,2439639262.0,3350082672.0,5619323218.0,15480877934.0,9021820504.0,12202747086.0,11727884391.0,16572231182.0,3563782403.0,9249591444.0,10098029032.0,12590549534.0,7390807290.0,12160578562.0,15367284595.0,62631978564.0,79352633745.0,17000851938.0,17770324460.0,16478793556.0,17535069513.0,18560873241.0,20795083673.0,19978077289.0,19437411898.0,34980056213.0,22502551706.0,22923348910.0,22838312466.0,22312730420.0,20593354936.0,20395906207.0,19919455558.0,27935748999.0,20829826692.0,12584180599.0,21662153046.0,49271038840.0,47258769536.0,40190464375.0,45182540809.0,48098409842.0,45639171707.0,47484390164.0,41359284991.0,38931043856.0,40470945404.0,43005557055.0,23049040421.0,28189995129.0,33825345051.0,24560915816.0,19080242042.0,18868483447.0,22794692691.0,28251944006.0,17330776676.0,23242638565.0,19731548025.0,26703819683.0
1. Chi phí trả trước ngắn hạn,,,,,,,,,,,,540655330.0,,,7070378626.0,3901746206.0,1834310683.0,1362991371.0,1707971157.0,2678556871.0,3447870853.0,4093227613.0,4849472410.0,4544490040.0,53781800356.0,66552569923.0,1914500513.0,1690740087.0,1144204606.0,110666978.0,416873851.0,166573878.0,2324017070.0,1066044389.0,3867604316.0,1271388345.0,1302100436.0,1189274054.0,1002240422.0,1478671809.0,1355291827.0,1519070943.0,2931610924.0,379534852.0,1949710068.0,2066932192.0,2702775102.0,194241848.0,1200485297.0,1197743490.0,2731791032.0,1019458935.0,1110569470.0,1139477150.0,672170687.0,1524253375.0,621618577.0,349500133.0,777617973.0,5577236804.0,1983392300.0,636290592.0,416228615.0,1590365617.0,1639322546.0,939307379.0,1848801734.0,2419950701.0,2324305869.0
2. Thuế giá trị gia tăng được khấu trừ,,,,,,,,,,,,900758644.0,,,2325020430.0,4898911407.0,5717034101.0,134544994.0,4012968302.0,3790160955.0,5521336348.0,204296776.0,3744513323.0,6799813923.0,5449768391.0,10081122254.0,11729007992.0,11698785002.0,11118594236.0,11777665214.0,10479311693.0,13708304929.0,13377961223.0,14358567947.0,25457423238.0,21219050071.0,21618506657.0,21587534079.0,21256499333.0,18922511303.0,19040614380.0,18400384615.0,24996377279.0,20432722818.0,10634470531.0,19595220854.0,46565263738.0,47016308371.0,38989979078.0,43944408116.0,45188106653.0,44564603690.0,46282881695.0,38842845707.0,37709405296.0,38651799759.0,42045413806.0,21263279750.0,27361245307.0,28132581309.0,22459147516.0,18360576281.0,18360576281.0,21114496349.0,23687758004.0,16391469297.0,21307261117.0,17248289372.0,24242196190.0
3. Thuế và các khoản phải thu Nhà nước,,,,,,,,,,,,677312864.0,,,4575459.0,503639153.0,38890009.0,1707153.0,407618835.0,381920177.0,433980767.0,1913820.0,8358851.0,73994203.0,39578448.0,2354689.0,2114863.0,108949939.0,231969632.0,2821567730.0,3564839047.0,2326248185.0,52487136.0,0.0,8963208.0,12113290.0,2741817.0,61504333.0,53990665.0,192171824.0,0.0,0.0,7760796.0,17569022.0,0.0,0.0,3000000.0,48219317.0,0.0,40389203.0,178512157.0,55109082.0,90938999.0,1376962134.0,549467873.0,294892270.0,338524672.0,1436260538.0,51131849.0,115526938.0,118376000.0,83375169.0,91678551.0,89830725.0,2924863456.0,0.0,86575714.0,63307952.0,137317624.0
4. Giao dịch mua bán lại trái phiếu chính phủ,,,,,,,,,,,,0.0,,,0.0,0.0,0.0,0.0,0.0,0.0,0.0,0.0,0.0,0.0,0.0,0.0,0.0,0.0,0.0,0.0,0.0,0.0,0.0,0.0,0.0,0.0,0.0,0.0,0.0,0.0,0.0,0.0,0.0,0.0,0.0,0.0,0.0,0.0,0.0,0.0,0.0,0.0,0.0,0.0,0.0,0.0,0.0,0.0,0.0,0.0,0.0,0.0,0.0,0.0,0.0,0.0,0.0,0.0,0.0
5. Tài sản ngắn hạn khác,,,,,,,,,,,,3500596380.0,,,2802772571.0,2423587625.0,8981996389.0,2064538885.0,3121033150.0,3247391029.0,3187361566.0,3091369081.0,3558233978.0,3948986429.0,3360831369.0,2716586879.0,3355228570.0,4271849432.0,3984025082.0,2825169591.0,4099848650.0,4593956681.0,4223611860.0,4012799562.0,5646065451.0,0.0,0.0,0.0,0.0,0.0,0.0,0.0,0.0,0.0,0.0,0.0,0.0,0.0,0.0,0.0,0.0,0.0,0.0,0.0,0.0,0.0,0.0,0.0,0.0,0.0,0.0,0.0,0.0,0.0,0.0,0.0,0.0,0.0,0.0
B. Tài sản cố định và đầu tư dài hạn,90940459653.0,95091433120.0,102345810583.0,99590409518.0,99904499863.0,103815833266.0,114278351524.0,114944328613.0,107416527276.0,129191188333.0,101194985344.0,98110216002.0,95340142789.0,91888194558.0,90244965821.0,91716091216.0,91361214961.0,99076158653.0,96270929747.0,95005427053.0,93275216695.0,93570807162.0,150373311884.0,175120963801.0,179321316450.0,208476186949.0,213772998446.0,214686581556.0,216171742220.0,214048183215.0,215953889118.0,216813202677.0,217795444645.0,225662095089.0,228674770107.0,239011780277.0,244780877021.0,248534149650.0,252318678445.0,260402902052.0,260822688875.0,263503610637.0,264885460497.0,270034865669.0,273841491775.0,282480638961.0,528696910041.0,537588562435.0,554005771801.0,1183454904846.0,1197366835301.0,1183272180967.0,1180827863640.0,1210839479951.0,1195746284774.0,1187723321309.0,1184461628671.0,1168541360534.0,1158623573989.0,1163446789144.0,1157740430878.0,1278352921308.0,1277939225854.0,1268512912797.0,1263343042458.0,1251986685281.0,1239622816855.0,1230750264922.0,1224966518145.0
I. Các khoản phải thu dài hạn,0.0,0.0,0.0,0.0,0.0,67548000.0,0.0,0.0,0.0,0.0,0.0,0.0,0.0,0.0,0.0,0.0,0.0,0.0,0.0,0.0,-561078350.0,0.0,-861449525.0,0.0,0.0,0.0,0.0,0.0,0.0,0.0,0.0,0.0,0.0,0.0,0.0,599119153.0,294202554.0,328202554.0,328202554.0,328202554.0,328202554.0,345613802.0,345613802.0,345613802.0,345613802.0,396195102.0,25113195102.0,25113195102.0,25113195102.0,25082403805.0,25082403805.0,25082403805.0,25082403805.0,25093782456.0,25093782456.0,25093782456.0,25093782456.0,25107028974.0,25107028974.0,25107028974.0,25107028974.0,25061027747.0,25061027747.0,25049198612.0,25072604154.0,25087184208.0,25136660722.0,25162728845.0,25249308347.0
1. Phải thu dài hạn của khách hàng,0.0,0.0,0.0,0.0,0.0,,0.0,0.0,0.0,0.0,0.0,0.0,0.0,0.0,0.0,0.0,0.0,0.0,0.0,0.0,0.0,0.0,0.0,0.0,0.0,0.0,0.0,0.0,0.0,0.0,0.0,0.0,0.0,0.0,0.0,0.0,0.0,0.0,0.0,0.0,0.0,0.0,0.0,0.0,0.0,0.0,0.0,0.0,0.0,0.0,0.0,0.0,0.0,0.0,0.0,0.0,0.0,0.0,0.0,0.0,0.0,0.0,0.0,0.0,0.0,0.0,0.0,0.0,0.0
2. Vốn kinh doanh tại các đơn vị trực thuộc,0.0,0.0,0.0,0.0,0.0,,0.0,0.0,0.0,0.0,0.0,0.0,0.0,0.0,0.0,0.0,0.0,0.0,0.0,0.0,0.0,0.0,0.0,0.0,0.0,0.0,0.0,0.0,0.0,0.0,0.0,0.0,0.0,0.0,0.0,0.0,0.0,0.0,0.0,0.0,0.0,0.0,0.0,0.0,0.0,0.0,0.0,0.0,0.0,0.0,0.0,0.0,0.0,0.0,0.0,0.0,0.0,0.0,0.0,0.0,0.0,0.0,0.0,0.0,0.0,0.0,0.0,0.0,0.0
3. Phải thu dài hạn nội bộ,0.0,0.0,0.0,0.0,0.0,,0.0,0.0,0.0,0.0,0.0,0.0,0.0,0.0,0.0,0.0,0.0,0.0,0.0,0.0,0.0,0.0,0.0,0.0,0.0,0.0,0.0,0.0,0.0,0.0,0.0,0.0,0.0,0.0,0.0,0.0,0.0,0.0,0.0,0.0,0.0,0.0,0.0,0.0,0.0,0.0,0.0,0.0,0.0,0.0,0.0,0.0,0.0,0.0,0.0,0.0,0.0,0.0,0.0,0.0,0.0,0.0,0.0,0.0,0.0,0.0,0.0,0.0,0.0
4. Phải thu về cho vay dài hạn,0.0,0.0,0.0,0.0,0.0,,0.0,0.0,0.0,0.0,0.0,0.0,0.0,0.0,0.0,0.0,0.0,0.0,0.0,0.0,0.0,0.0,0.0,0.0,0.0,0.0,0.0,0.0,0.0,0.0,0.0,0.0,0.0,0.0,0.0,0.0,0.0,0.0,0.0,0.0,0.0,0.0,0.0,0.0,0.0,0.0,0.0,0.0,0.0,0.0,0.0,0.0,0.0,0.0,0.0,0.0,0.0,0.0,0.0,0.0,0.0,0.0,0.0,0.0,112000000.0,112000000.0,0.0,0.0,0.0
5. Phải thu dài hạn khác,0.0,0.0,0.0,0.0,0.0,,0.0,0.0,0.0,0.0,0.0,0.0,0.0,0.0,0.0,0.0,0.0,0.0,0.0,0.0,0.0,0.0,0.0,0.0,0.0,0.0,0.0,0.0,0.0,0.0,0.0,0.0,0.0,0.0,0.0,599119153.0,294202554.0,328202554.0,328202554.0,328202554.0,328202554.0,345613802.0,345613802.0,345613802.0,345613802.0,396195102.0,25113195102.0,25113195102.0,25113195102.0,25082403805.0,25082403805.0,25082403805.0,25082403805.0,25093782456.0,25093782456.0,25093782456.0,25093782456.0,25107028974.0,25107028974.0,25107028974.0,25107028974.0,25061027747.0,25061027747.0,25049198612.0,24960604154.0,24975184208.0,25136660722.0,25162728845.0,25249308347.0
6. Dự phòng phải thu dài hạn khó đòi,0.0,0.0,0.0,0.0,0.0,,0.0,0.0,0.0,0.0,0.0,0.0,0.0,0.0,0.0,0.0,0.0,0.0,0.0,0.0,-561078350.0,0.0,-861449525.0,0.0,0.0,0.0,0.0,0.0,0.0,0.0,0.0,0.0,0.0,0.0,0.0,0.0,0.0,0.0,0.0,0.0,0.0,0.0,0.0,0.0,0.0,0.0,0.0,0.0,0.0,0.0,0.0,0.0,0.0,0.0,0.0,0.0,0.0,0.0,0.0,0.0,0.0,0.0,0.0,0.0,0.0,0.0,0.0,0.0,0.0
II. Tài sản cố định,60526132119.0,63970249528.0,68350351981.0,66028999112.0,63741070557.0,60218830565.0,57690720314.0,55874716330.0,68837351072.0,73442434160.0,77837219302.0,74995041296.0,72113103250.0,69014731824.0,67284830798.0,66153184866.0,63698617949.0,61353856591.0,59011682721.0,57633458193.0,56103811556.0,54726575975.0,52591301400.0,48122090381.0,63134482509.0,60549593436.0,67145338104.0,64308002628.0,62030882643.0,63150163151.0,63424089004.0,62529771157.0,62898609341.0,73062442985.0,75136034043.0,75548548333.0,81321141413.0,82335396228.0,84966669914.0,88472248423.0,91367168300.0,89846749241.0,93998772163.0,91522105336.0,90025534398.0,89383446093.0,87298157861.0,86887455663.0,88077144112.0,95501400222.0,92188638143.0,88770134389.0,85250115878.0,81761070891.0,401323692190.0,393481721973.0,385761311148.0,377443038741.0,386447905043.0,379077630283.0,372189248356.0,365909967037.0,365617334498.0,350834496105.0,346039985619.0,332832805226.0,328163182902.0,320520142074.0,313142956923.0
1. Tài sản cố định hữu hình,57449146880.0,60694776361.0,60987239306.0,58892741243.0,56831667494.0,53536282309.0,51817072982.0,50087344906.0,63177315375.0,60223679773.0,65512941328.0,62928623928.0,59933317193.0,60974183821.0,59628982504.0,58882036281.0,56800059072.0,59121675038.0,56800118573.0,55438539228.0,54314310876.0,52940158626.0,50807967382.0,46312837381.0,61327469510.0,58733669900.0,65332654568.0,62525629628.0,60248509643.0,61367790151.0,61641716004.0,60747398157.0,60862014788.0,71050186016.0,73148114658.0,73584966532.0,79381897196.0,80365489596.0,83026100867.0,86520402023.0,89446780986.0,87957821013.0,92023178036.0,89588708930.0,88112858443.0,87512967859.0,85239041699.0,84869048586.0,86099446108.0,93559411302.0,90239403767.0,86835131827.0,76543600545.0,73408980473.0,393268835976.0,385724099963.0,378322508120.0,370323054305.0,379586739589.0,346882916156.0,340740956521.0,113842946375.0,113531454246.0,108165684413.0,108409187520.0,102627519211.0,102401394031.0,99221935124.0,96308331894.0
Nguyên giá,125716670255.0,141635989302.0,,,,,,,,,,168527222550.0,,,172818902451.0,173730056452.0,173068316384.0,175765139008.0,175825196099.0,176810125675.0,178166586191.0,177605805184.0,177708695184.0,171401417398.0,183495720365.0,182018469996.0,191321205815.0,185418351164.0,185611929977.0,181848666380.0,184728053379.0,175825588178.0,177357451096.0,190499847751.0,195423924923.0,198803993301.0,206268283538.0,210166140649.0,214979021238.0,222856544758.0,226941567676.0,228458408119.0,235223877948.0,236970567096.0,231926816747.0,233547813345.0,234490247527.0,237089792297.0,241497641006.0,252493510004.0,252783410004.0,259567761578.0,239884225594.0,239884225594.0,576452911064.0,583820466456.0,569460111589.0,566971579027.0,599077460167.0,567102164766.0,568641267531.0,292303008908.0,303498158192.0,296641270741.0,300552737075.0,270539015493.0,273761399408.0,301268305349.0,275229478432.0
Giá trị hao mòn lũy kế,-68267523375.0,-80941212941.0,,,,,,,,,,-105598598622.0,,,-113189919947.0,-114848020171.0,-116268257312.0,-116643463970.0,-119025077526.0,-121371586447.0,-123852275315.0,-124665646558.0,-126900727802.0,-125088580017.0,-122168250855.0,-123284800096.0,-125988551247.0,-122892721536.0,-125363420334.0,-120480876229.0,-123086337375.0,-115078190021.0,-116495436308.0,-119449661735.0,-122275810265.0,-125219026769.0,-126886386342.0,-129800651053.0,-131952920371.0,-136336142735.0,-137494786690.0,-140500587106.0,-143200699912.0,-147381858166.0,-143813958304.0,-146034845486.0,-149251205828.0,-152220743711.0,-155398194898.0,-158934098702.0,-162544006237.0,-172732629751.0,-163340625049.0,-166475245121.0,-183184075088.0,-198096366493.0,-191137603469.0,-196648524722.0,-219490720578.0,-220219248610.0,-227900311010.0,-178460062533.0,-189966703946.0,-188475586328.0,-192143549555.0,-167911496282.0,-171360005377.0,-202046370225.0,-178921146538.0
2. Tài sản cố định thuê tài chính,1885452239.0,1928810663.0,6016450171.0,1346662504.0,5562740559.0,5335885752.0,4447387828.0,4440708920.0,5439059045.0,11813119661.0,10900518248.0,10655781642.0,10776025331.0,6197991781.0,5827287071.0,5456582361.0,5085877651.0,429458658.0,415896806.0,402334954.0,0.0,0.0,0.0,0.0,0.0,0.0,0.0,0.0,0.0,0.0,0.0,0.0,0.0,0.0,0.0,0.0,0.0,0.0,0.0,0.0,0.0,0.0,0.0,0.0,0.0,0.0,0.0,0.0,0.0,0.0,0.0,0.0,6800203063.0,6467888283.0,6171286944.0,5874685605.0,5577976758.0,5281268301.0,4984559454.0,30398403180.0,29611969522.0,250250686983.0,250286592033.0,240806546201.0,235788521242.0,228382997792.0,223930154506.0,219477311220.0,215024467934.0
Nguyên giá,2178096884.0,2641018157.0,,,,,,,,,,12685197936.0,,,7685331234.0,7685331234.0,7685331234.0,542474091.0,542474091.0,542474091.0,0.0,0.0,0.0,0.0,0.0,0.0,0.0,0.0,0.0,0.0,0.0,0.0,0.0,0.0,0.0,0.0,0.0,0.0,0.0,0.0,0.0,0.0,0.0,0.0,0.0,0.0,0.0,0.0,0.0,0.0,0.0,0.0,7096996012.0,7096996012.0,7096996012.0,7096996012.0,7096996012.0,7096996402.0,7096996012.0,32807548975.0,32807548975.0,258676014163.0,258676014163.0,258676014163.0,251579017761.0,251579017761.0,251579017761.0,251579017761.0,251579017761.0
Giá trị hao mòn lũy kế,-292644645.0,-712207494.0,,,,,,,,,,-2029416294.0,,,-1858044163.0,-2228748873.0,-2599453583.0,-113015433.0,-126577285.0,-140139137.0,0.0,0.0,0.0,0.0,0.0,0.0,0.0,0.0,0.0,0.0,0.0,0.0,0.0,0.0,0.0,0.0,0.0,0.0,0.0,0.0,0.0,0.0,0.0,0.0,0.0,0.0,0.0,0.0,0.0,0.0,0.0,0.0,-296792949.0,-629107729.0,-925709068.0,-1222310407.0,-1519019254.0,-1815728101.0,-2112436558.0,-2409145795.0,-3195579453.0,-8425327180.0,-8389422130.0,-17869467962.0,-15790496519.0,-23196019969.0,-27648863255.0,-32101706541.0,-36554549827.0
3. Tài sản cố định vô hình,1191533000.0,1346662504.0,1346662504.0,5789595365.0,1346662504.0,1346662504.0,1426259504.0,1346662504.0,220976652.0,1405634726.0,1423759726.0,1410635726.0,1403760726.0,1842556222.0,1828561223.0,1814566224.0,1812681226.0,1802722895.0,1795667342.0,1792584011.0,1789500680.0,1786417349.0,1783334018.0,1809253000.0,1807012999.0,1815923536.0,1812683536.0,1782373000.0,1782373000.0,1782373000.0,1782373000.0,1782373000.0,2036594553.0,2012256969.0,1987919385.0,1963581801.0,1939244217.0,1969906632.0,1940569047.0,1951846400.0,1920387314.0,1888928228.0,1975594127.0,1933396406.0,1912675955.0,1870478234.0,2059116162.0,2018407077.0,1977698004.0,1941988920.0,1949234376.0,1935002562.0,1906312270.0,1884202135.0,1883569270.0,1882936405.0,1860826270.0,1838716135.0,1876606000.0,1796310947.0,1836322313.0,1816333679.0,1799288219.0,1862265491.0,1842276857.0,1822288223.0,1831634365.0,1820895730.0,1810157095.0
Nguyên giá,1191533000.0,1346662504.0,,,,,,,,,,1454162504.0,,,1901873000.0,1901873000.0,1901873000.0,1901873000.0,1901873000.0,1901873000.0,1901873000.0,1901873000.0,1901873000.0,1928753000.0,1928753000.0,1940753000.0,1940753000.0,1901873000.0,1901873000.0,1901873000.0,1901873000.0,1901873000.0,2173852000.0,2173852000.0,2173852000.0,2173852000.0,2173852000.0,2233852000.0,2233852000.0,2276282000.0,2276282000.0,2276282000.0,2276282000.0,2276282000.0,2276282000.0,2276282000.0,2461282000.0,2461282000.0,2461282000.0,2461282000.0,2461282000.0,2461282000.0,2461282000.0,2461282000.0,2378782000.0,2378782000.0,2378782000.0,2378782000.0,2378782000.0,2378782000.0,2378782000.0,2378782000.0,2378782000.0,2378782000.0,2378782000.0,2378782000.0,2378782000.0,2378782000.0,2378782000.0
Giá trị hao mòn lũy kế,0.0,0.0,,,,,,,,,,-43526778.0,,,-73311777.0,-87306776.0,-89191774.0,-99150105.0,-106205658.0,-109288989.0,-112372320.0,-115455651.0,-118538982.0,-119500000.0,-121740001.0,-124829464.0,-128069464.0,-119500000.0,-119500000.0,-119500000.0,-119500000.0,-119500000.0,-137257447.0,-161595031.0,-185932615.0,-210270199.0,-234607783.0,-263945368.0,-293282953.0,-324435600.0,-355894686.0,-387353772.0,-300687873.0,-342885594.0,-363606045.0,-405803766.0,-402165838.0,-442874923.0,-483583996.0,-519293080.0,-512047624.0,-526279438.0,-554969730.0,-577079865.0,-495212730.0,-495845595.0,-517955730.0,-540065865.0,-502176000.0,-582471053.0,-542459687.0,-562448321.0,-579493781.0,-516516509.0,-536505143.0,-556493777.0,-547147635.0,-557886270.0,-568624905.0
III. Bất động sản đầu tư,0.0,0.0,0.0,0.0,0.0,0.0,0.0,0.0,0.0,0.0,0.0,0.0,0.0,0.0,0.0,0.0,0.0,0.0,0.0,0.0,0.0,0.0,0.0,0.0,0.0,0.0,0.0,0.0,0.0,0.0,0.0,0.0,0.0,0.0,0.0,0.0,0.0,0.0,0.0,0.0,0.0,0.0,0.0,0.0,0.0,0.0,0.0,0.0,0.0,0.0,0.0,0.0,0.0,0.0,0.0,0.0,0.0,0.0,0.0,0.0,0.0,0.0,0.0,2243380012.0,2204138347.0,2164896682.0,2125655017.0,2086413352.0,2047171687.0
Nguyên giá,0.0,0.0,0.0,0.0,0.0,0.0,0.0,0.0,0.0,0.0,0.0,0.0,0.0,0.0,0.0,0.0,0.0,0.0,0.0,0.0,0.0,0.0,0.0,0.0,0.0,0.0,0.0,0.0,0.0,0.0,0.0,0.0,0.0,0.0,0.0,0.0,0.0,0.0,0.0,0.0,0.0,0.0,0.0,0.0,0.0,0.0,0.0,0.0,0.0,0.0,0.0,0.0,0.0,0.0,0.0,0.0,0.0,0.0,0.0,0.0,0.0,0.0,0.0,2355197659.0,2355197659.0,2355197659.0,2355197659.0,2355197659.0,2355197659.0
Giá trị hao mòn lũy kế,0.0,0.0,0.0,0.0,0.0,0.0,0.0,0.0,0.0,0.0,0.0,0.0,0.0,0.0,0.0,0.0,0.0,0.0,0.0,0.0,0.0,0.0,0.0,0.0,0.0,0.0,0.0,0.0,0.0,0.0,0.0,0.0,0.0,0.0,0.0,0.0,0.0,0.0,0.0,0.0,0.0,0.0,0.0,0.0,0.0,0.0,0.0,0.0,0.0,0.0,0.0,0.0,0.0,0.0,0.0,0.0,0.0,0.0,0.0,0.0,0.0,0.0,0.0,-111817647.0,-151059312.0,-190300977.0,-229542642.0,-268784307.0,-308025972.0
IV. Tài sản dở dang dài hạn,99782500.0,2237916962.0,195735909.0,181724789.0,3361303706.0,10041889905.0,18204161366.0,21428833736.0,116247813.0,169084625.0,103756800.0,103786800.0,183809500.0,80045041.0,91854982.0,92175689.0,146885037.0,756398325.0,1807865989.0,2866377701.0,4245357434.0,5301482087.0,64549079180.0,73723423920.0,63630123806.0,42499096951.0,36592589602.0,39880187565.0,45008798266.0,43162357895.0,44318407939.0,45920214647.0,46856683336.0,44519601057.0,45046522238.0,58410727975.0,60432857429.0,64288109981.0,64837453205.0,72660676292.0,70130899131.0,74422953456.0,73972357755.0,78563271853.0,82881680675.0,97299351221.0,324691600537.0,334769497903.0,349000825136.0,971546377135.0,992331018109.0,999695424596.0,1001396888659.0,1035367257019.0,701278443844.0,702475948845.0,707235791592.0,699960728981.0,681788554830.0,694920457221.0,696623587398.0,811466322209.0,811466322209.0,814895274010.0,815296490915.0,816657232146.0,813074853834.0,814829307713.0,817008066374.0
"1. Chi phí sản xuất, kinh doanh dở dang dài hạn",,,,,,,,,,,,,,,,,,,,,,,,,,,,,,,,,,,,0.0,0.0,0.0,0.0,0.0,0.0,0.0,0.0,0.0,0.0,0.0,0.0,0.0,0.0,0.0,0.0,0.0,0.0,0.0,0.0,0.0,0.0,0.0,0.0,0.0,0.0,0.0,0.0,0.0,0.0,0.0,0.0,0.0,0.0
2. chi phí xây dựng cơ bản dở dang,,,,,,,,,,,,,,,,,,,,,,,,,,,,,,,,,,,,58410727975.0,60432857429.0,64288109981.0,64837453205.0,72660676292.0,70130899131.0,74422953456.0,73972357755.0,78563271853.0,82881680675.0,97299351221.0,324691600537.0,334769497903.0,349000825136.0,971546377135.0,992331018109.0,999695424596.0,1001396888659.0,1035367257019.0,701278443844.0,702475948845.0,707235791592.0,699960728981.0,681788554830.0,694920457221.0,696623587398.0,811466322209.0,811466322209.0,814895274010.0,815296490915.0,816657232146.0,813074853834.0,814829307713.0,817008066374.0
V. Các khoản đầu tư tài chính dài hạn,15774368267.0,15774368267.0,20579168267.0,20579168267.0,20579168267.0,22134616232.0,27739806308.0,27739806308.0,27739806308.0,45263908986.0,13263908986.0,13263908986.0,13263908986.0,13263908986.0,13263908986.0,15980232041.0,15970232041.0,20432124498.0,18994503383.0,20432124498.0,20432124498.0,21915812644.0,22534245054.0,22534245054.0,22534245054.0,21947137574.0,21415256099.0,21415256099.0,21415256099.0,21220092218.0,21870350160.0,19705806769.0,19705806769.0,19255958291.0,19172801066.0,19138519828.0,18938519828.0,18838519828.0,18683111774.0,18433111774.0,18333111774.0,18133111774.0,17952862532.0,17652862532.0,14936539477.0,14736539477.0,13583611853.0,13382431025.0,13382431025.0,13382431025.0,13578888541.0,13578888541.0,13578888541.0,13578888541.0,13578888541.0,13578888541.0,13578888541.0,13578888541.0,13578888541.0,13578888541.0,13578888541.0,13578888541.0,13578888541.0,13578888541.0,13578888541.0,13578888541.0,13578888541.0,13578888541.0,13578888541.0
1. Đầu tư vào công ty con,,,,,,,,,,,,0.0,,,0.0,0.0,0.0,0.0,0.0,0.0,0.0,0.0,0.0,0.0,0.0,0.0,0.0,0.0,0.0,0.0,0.0,0.0,0.0,0.0,0.0,0.0,0.0,0.0,0.0,0.0,0.0,0.0,0.0,0.0,0.0,0.0,0.0,0.0,0.0,0.0,0.0,0.0,0.0,0.0,0.0,0.0,0.0,0.0,0.0,0.0,0.0,0.0,0.0,0.0,0.0,0.0,0.0,0.0,0.0
"2. Đầu tư vào công ty liên kết, liên doanh",,,,,,,,,,,,13253908986.0,,,13253908986.0,15970232041.0,15970232041.0,20432124498.0,20432124498.0,20432124498.0,20432124498.0,21915812644.0,22534245054.0,22534245054.0,22534245054.0,21947137574.0,21415256099.0,21415256099.0,21415256099.0,21220092218.0,21870350160.0,19705806769.0,19705806769.0,19255958291.0,19172801066.0,19138519828.0,18938519828.0,18838519828.0,18683111774.0,18433111774.0,18333111774.0,18133111774.0,17952862532.0,17652862532.0,14936539477.0,14736539477.0,13583611853.0,13382431025.0,13382431025.0,13382431025.0,13578888541.0,13578888541.0,13578888541.0,13578888541.0,13578888541.0,13578888541.0,13578888541.0,13578888541.0,13578888541.0,13578888541.0,13578888541.0,13578888541.0,13578888541.0,13578888541.0,13578888541.0,13578888541.0,13578888541.0,13578888541.0,13578888541.0
3. Đầu tư khác vào công cụ vốn,,,,,,,,,,,,10000000.0,,,10000000.0,10000000.0,0.0,0.0,0.0,0.0,0.0,0.0,0.0,0.0,0.0,0.0,0.0,0.0,0.0,0.0,0.0,0.0,0.0,0.0,0.0,0.0,0.0,0.0,0.0,0.0,0.0,0.0,0.0,0.0,0.0,0.0,0.0,0.0,0.0,0.0,0.0,0.0,0.0,0.0,0.0,0.0,0.0,0.0,0.0,0.0,0.0,0.0,0.0,0.0,0.0,0.0,0.0,0.0,0.0
4. Dự phòng giảm giá đầu tư tài chính dài hạn,,,,,,,,,,,,0.0,,,0.0,0.0,0.0,0.0,-1437621115.0,0.0,0.0,0.0,0.0,0.0,0.0,0.0,0.0,0.0,0.0,0.0,0.0,0.0,0.0,0.0,0.0,0.0,0.0,0.0,0.0,0.0,0.0,0.0,0.0,0.0,0.0,0.0,0.0,0.0,0.0,0.0,0.0,0.0,0.0,0.0,0.0,0.0,0.0,0.0,0.0,0.0,0.0,0.0,0.0,0.0,0.0,0.0,0.0,0.0,0.0
5. Đầu tư nắm giữ đến ngày đáo hạn,,,,,,,,,,,,0.0,,,0.0,0.0,0.0,0.0,0.0,0.0,0.0,0.0,0.0,0.0,0.0,0.0,0.0,0.0,0.0,0.0,0.0,0.0,0.0,0.0,0.0,0.0,0.0,0.0,0.0,0.0,0.0,0.0,0.0,0.0,0.0,0.0,0.0,0.0,0.0,0.0,0.0,0.0,0.0,0.0,0.0,0.0,0.0,0.0,0.0,0.0,0.0,0.0,0.0,0.0,0.0,0.0,0.0,0.0,0.0
VI. Tổng tài sản dài hạn khác,14540176767.0,13108898363.0,13220554426.0,12800517350.0,12222957333.0,11352948564.0,10643663536.0,9900972239.0,10723122083.0,10315760562.0,9990100256.0,9747478920.0,9779321053.0,9529508707.0,9604371055.0,9490498620.0,11545479934.0,16533779239.0,16456877654.0,14073466661.0,13055001557.0,11626936456.0,11560135775.0,30741204446.0,30022465081.0,83480358988.0,88619814641.0,89083135264.0,87716805212.0,86515569951.0,86341042015.0,88657410104.0,88334345199.0,88824092756.0,89319412760.0,85314864988.0,83794155797.0,82743921059.0,83503240998.0,80508663009.0,80663307116.0,80755182364.0,78615854245.0,81951012146.0,85652123423.0,80665107068.0,78010344688.0,77435982742.0,78432176426.0,77942292659.0,74185886703.0,56145329636.0,55519566757.0,55038481044.0,54471477743.0,53092979494.0,52791854934.0,52451675297.0,51701196601.0,50762784125.0,50241677609.0,62336715774.0,62215652859.0,61911675517.0,61150934882.0,61665678478.0,57543575839.0,54572784397.0,53940126273.0
1. Chi phí trả trước dài hạn,14540176767.0,,,,,,,,,,,9698090952.0,,,9604371055.0,9490498620.0,11545479934.0,16533779239.0,16456877654.0,14073466661.0,13055001557.0,11626936456.0,11560135775.0,30741204446.0,30022465081.0,83480358988.0,88619814641.0,89083135264.0,87716805212.0,86515569951.0,86341042015.0,88498410104.0,88175345199.0,88665092756.0,89025210206.0,85314864988.0,83794155797.0,82743921059.0,83503240998.0,80508663009.0,80663307116.0,80755182364.0,78615854245.0,81951012146.0,85652123423.0,80665107068.0,78010344688.0,77435982742.0,78432176426.0,77942292659.0,74185886703.0,56145329636.0,55519566757.0,55038481044.0,54471477743.0,53092979494.0,52791854934.0,52451675297.0,51701196601.0,50762784125.0,50241677609.0,62336715774.0,62215652859.0,61911675517.0,61150934882.0,61665678478.0,57543575839.0,54572784397.0,53940126273.0
2. Tài sản Thuế thu nhập hoãn lại,0.0,,,,,,,,,,,0.0,,,0.0,0.0,0.0,0.0,0.0,0.0,0.0,0.0,0.0,0.0,0.0,0.0,0.0,0.0,0.0,0.0,0.0,0.0,0.0,0.0,0.0,0.0,0.0,0.0,0.0,0.0,0.0,0.0,0.0,0.0,0.0,0.0,0.0,0.0,0.0,0.0,0.0,0.0,0.0,0.0,0.0,0.0,0.0,0.0,0.0,0.0,0.0,0.0,0.0,0.0,0.0,0.0,0.0,0.0,0.0
3. Tài sản dài hạn khác,0.0,,,,,,,,,,,49387968.0,,,0.0,0.0,0.0,0.0,0.0,0.0,0.0,0.0,0.0,0.0,0.0,0.0,0.0,0.0,0.0,0.0,0.0,159000000.0,159000000.0,159000000.0,294202554.0,0.0,0.0,0.0,0.0,0.0,0.0,0.0,0.0,0.0,0.0,0.0,0.0,0.0,0.0,0.0,0.0,0.0,0.0,0.0,0.0,0.0,0.0,0.0,0.0,0.0,0.0,0.0,0.0,0.0,0.0,0.0,0.0,0.0,0.0
VII. Lợi thế thương mại,0.0,0.0,0.0,0.0,0.0,0.0,0.0,0.0,0.0,0.0,0.0,0.0,0.0,0.0,0.0,0.0,0.0,0.0,0.0,0.0,0.0,0.0,0.0,0.0,0.0,0.0,0.0,0.0,0.0,0.0,0.0,0.0,0.0,0.0,0.0,0.0,0.0,0.0,0.0,0.0,0.0,0.0,0.0,0.0,0.0,0.0,0.0,0.0,0.0,0.0,0.0,0.0,0.0,0.0,0.0,0.0,0.0,0.0,0.0,0.0,0.0,0.0,0.0,0.0,0.0,0.0,0.0,0.0,0.0
TỔNG CỘNG TÀI SẢN,322433827908.0,528688434052.0,539466676470.0,551605999230.0,625263606860.0,506780517923.0,508648991273.0,414655023838.0,389485515648.0,431030455733.0,449902235711.0,418620918385.0,416239039808.0,466737590725.0,490384637446.0,479628723579.0,508513382796.0,511893887316.0,516919634969.0,492136997333.0,463457736554.0,642754553029.0,573902013885.0,590371397310.0,642902689982.0,663946591833.0,559947788117.0,579412011618.0,628694484288.0,634140686901.0,658328729819.0,670248822184.0,710971159529.0,808274551356.0,932320484918.0,1118758667786.0,1279366880055.0,1453191947966.0,1359054942765.0,1220024629373.0,1078613562861.0,1096272243584.0,1083198011272.0,1307715231025.0,1971874584617.0,1865228180441.0,2060652687609.0,1863644089987.0,1945643904023.0,2349415676605.0,2360243065370.0,2087144034912.0,2058054210138.0,2303670867855.0,2260989940209.0,2119108030078.0,2255826937244.0,2154201892916.0,2089543365306.0,1927502918751.0,1926078403966.0,2428480708638.0,2313265400716.0,2254570346641.0,2224472298546.0,2346151699672.0,2351944408249.0,2250930499549.0,2221396273950.0
NGUỒN VỐN,,,,,,,,,,,,,,,,,,,,,,,,,,,,,,,,,,,,,,,,,,,,,,,,,,,,,,,,,,,,,,,,,,,,,
A. Nợ phải trả,175325979742.0,309090627951.0,340335285093.0,342759143773.0,411702735101.0,212806072187.0,214447481427.0,134664451377.0,108973770376.0,139962492405.0,159276900041.0,138841322130.0,133710089661.0,174031153736.0,193996352081.0,196501101117.0,221571340120.0,212593072984.0,218563369401.0,207825440116.0,180755599910.0,348035857103.0,281219269346.0,305190995235.0,355616059029.0,371742554841.0,268073914535.0,292685010372.0,340596290763.0,338420524927.0,361211383869.0,377840481830.0,420580060604.0,510865927290.0,630918306254.0,818828015856.0,971427641044.0,1139403494654.0,1036981962295.0,911555677607.0,765909906476.0,779385386088.0,785509418460.0,1000559390586.0,1654647725006.0,1536368030488.0,1755501601761.0,1551540289603.0,1627999704633.0,2023032400727.0,2047107952003.0,1773224142968.0,1743496009406.0,1979251901679.0,1936343470366.0,1806411267811.0,1940650196090.0,1820903356401.0,1774544184803.0,1609939740917.0,1608130065015.0,2100330577156.0,1985097387549.0,1924704341726.0,1903756592508.0,2015721071332.0,2029798757260.0,1928377649478.0,1910768702227.0
I. Nợ ngắn hạn,166819914464.0,290357904135.0,320011358485.0,322141375048.0,391500310684.0,200714435852.0,207466007963.0,127917691935.0,102949772350.0,127958513153.0,145432604128.0,126807924453.0,122966405130.0,167629755290.0,187948638218.0,193023487468.0,215454203986.0,207027121997.0,212912015820.0,203280570808.0,173717009900.0,319087566366.0,239371879809.0,267023353548.0,292108431967.0,173430968674.0,105262334977.0,130952656074.0,154530501953.0,176760288521.0,201935252466.0,193402990833.0,256709355980.0,320780088958.0,455834278693.0,600634538358.0,744228777826.0,882105441141.0,771484285733.0,625531658323.0,474685366187.0,489946157774.0,491808782529.0,699088233930.0,1333330795065.0,1067672473828.0,1272283649927.0,1076845095952.0,1138788781798.0,982143260649.0,1000083416787.0,747701242355.0,710742565113.0,968332261425.0,924608486863.0,828433885029.0,962055757620.0,966833850828.0,947980053047.0,798130382157.0,778922726441.0,1029690953211.0,980939810679.0,914579521292.0,897845691608.0,995665972492.0,1049845567117.0,968233514846.0,942866586722.0
1. Vay và nợ thuê tài chính ngắn hạn,,,,,,,,,,,,79950325857.0,,,136082461270.0,141819348887.0,161130170346.0,137771466814.0,154565972662.0,149582011050.0,122546934025.0,147287817218.0,54869377297.0,65502659302.0,60622474433.0,68563113640.0,61038046513.0,62430200106.0,83432449071.0,102857056260.0,115958180772.0,115349767742.0,148956813509.0,193222370003.0,274468233578.0,391643574560.0,519827240777.0,555396453956.0,531981727159.0,448075340498.0,315971175420.0,264582655123.0,280408733702.0,331912534791.0,422997825776.0,536103855471.0,623463250187.0,663929678803.0,589162336601.0,613716198391.0,600028754279.0,486928092544.0,412724980806.0,480956967290.0,442918294295.0,456229810286.0,467208214547.0,556949504614.0,603368678907.0,502876680970.0,465316580193.0,487944965927.0,541691178376.0,479157423641.0,556145781242.0,684756436234.0,654717158155.0,597038873522.0,614349632160.0
2. Vay và nợ dài hạn đến hạn phải trả,,,,,,,,,,,,0.0,,,0.0,0.0,0.0,0.0,0.0,0.0,0.0,0.0,0.0,0.0,0.0,0.0,0.0,0.0,0.0,0.0,0.0,0.0,0.0,0.0,0.0,0.0,0.0,0.0,0.0,0.0,0.0,0.0,0.0,0.0,0.0,0.0,0.0,0.0,0.0,0.0,0.0,0.0,0.0,0.0,0.0,0.0,0.0,0.0,0.0,0.0,0.0,0.0,0.0,0.0,0.0,0.0,0.0,0.0,0.0
3. Phải trả người bán ngắn hạn,,,,,,,,,,,,41130284187.0,,,39461149410.0,33730850910.0,39255128951.0,54064290992.0,33888239590.0,25097663750.0,36063278696.0,114178074537.0,43756848476.0,40458797118.0,63703305998.0,71239356926.0,14026748146.0,43917058677.0,43281474969.0,49234831769.0,55539407199.0,42167130700.0,67636437445.0,90162371848.0,132450487795.0,164078393860.0,175035101211.0,274313299412.0,169134250770.0,130648341127.0,114027032589.0,179734855733.0,153661963973.0,303942237482.0,842398469764.0,453365226680.0,556049071272.0,348010694030.0,457403038643.0,288309905739.0,316461054625.0,197765255909.0,210053587995.0,386231490883.0,427964979908.0,289085523324.0,420202771226.0,347771238062.0,275640030420.0,218393509532.0,242595345937.0,470916615822.0,359112145955.0,357093627709.0,272651523728.0,238940846999.0,336473220571.0,313074058271.0,270767952779.0
4. Người mua trả tiền trước,,,,,,,,,,,,1792334547.0,,,1640156987.0,824336618.0,1393780985.0,1482697991.0,16677882488.0,12917797252.0,1697549259.0,2776504413.0,9358559441.0,874166819.0,13971272345.0,1502734471.0,1926549407.0,105016727.0,767827213.0,1028474375.0,3694485651.0,9743712214.0,10718806653.0,12367158004.0,14022973749.0,13929411445.0,12749882012.0,5319561004.0,3499073911.0,1233279887.0,4166176519.0,1704406729.0,15448658199.0,5780626727.0,5051630055.0,10225150953.0,3024720950.0,2503067961.0,2562024278.0,265954575.0,1086589201.0,2093729087.0,14874727718.0,317633657.0,282420258.0,8131640935.0,2728163816.0,7541962732.0,2949388202.0,23285217482.0,27095385408.0,5805820582.0,3962922894.0,20188458565.0,4926675768.0,21698450675.0,15608651385.0,3698775382.0,24367955779.0
5. Thuế và các khoản phải nộp nhà nước,,,,,,,,,,,,744452235.0,,,4095700253.0,1003058252.0,968680457.0,4470297681.0,200258089.0,1601361866.0,789592812.0,7684628156.0,1363305569.0,421107837.0,1026543592.0,2642374856.0,653297412.0,1703676233.0,765147021.0,999684728.0,253710415.0,743760501.0,316804438.0,1697976665.0,1156307244.0,2940022126.0,2267311816.0,2552967635.0,8865127143.0,2367967176.0,2240989186.0,2618301922.0,1907460324.0,3935828180.0,4825422846.0,4620921755.0,1509514476.0,2462609488.0,4536488944.0,10561855588.0,9199748899.0,7891027155.0,3434675447.0,8615413205.0,668028895.0,1447810416.0,2469343405.0,833969367.0,2253010789.0,1237685931.0,317046370.0,3979045495.0,4656495301.0,1180922879.0,2314990635.0,2923708459.0,1578785071.0,1832525874.0,954968379.0
6. Phải trả người lao động,,,,,,,,,,,,118278114.0,,,922946319.0,1067960206.0,1326457209.0,1001606420.0,242151087.0,1050797403.0,1001744935.0,866529115.0,350731684.0,1020820930.0,1281882525.0,1052011986.0,550749488.0,656247652.0,1048860229.0,929261126.0,1936676667.0,2270708707.0,1710622199.0,4554502837.0,3515512077.0,3835032081.0,3890258732.0,7253848211.0,4656691970.0,4756712108.0,3504543066.0,7420593075.0,5935811189.0,5218588880.0,5805637374.0,10678661840.0,4488343610.0,6411130300.0,6579625013.0,10030556511.0,5266986639.0,6263525342.0,6404723593.0,9947998343.0,5719992638.0,5728126963.0,6015203116.0,9136142524.0,6004802632.0,4623721442.0,5492604348.0,8806994328.0,8745551531.0,4964449070.0,5163138941.0,6351738650.0,2527968603.0,2179779024.0,804188854.0
7. Chi phí phải trả ngắn hạn,,,,,,,,,,,,892085821.0,,,1391335182.0,830794737.0,1865490894.0,3423878154.0,2516670640.0,4117906861.0,3832523906.0,41343517657.0,38542915897.0,38159772730.0,31158277380.0,21500144507.0,21902770929.0,16516508748.0,15729941588.0,12101759760.0,10492660779.0,6417726469.0,4002328393.0,5493962456.0,9331725919.0,10130632249.0,11242449785.0,10128521028.0,13134867134.0,9629375374.0,7337905873.0,5750534574.0,6922297064.0,15294782515.0,19250745427.0,19137004510.0,13194519668.0,18013252819.0,21789915535.0,8319770112.0,7923320245.0,9184619884.0,11312778838.0,21433504201.0,10834426680.0,9957736146.0,11652482055.0,13820456503.0,13018443459.0,14623481289.0,16003505619.0,23830230978.0,23614445730.0,20571819047.0,23082452440.0,20990253865.0,17985613345.0,15230404667.0,14284497009.0
8. Phải trả nội bộ ngắn hạn,,,,,,,,,,,,0.0,,,0.0,0.0,0.0,0.0,0.0,0.0,0.0,0.0,0.0,0.0,0.0,0.0,0.0,0.0,0.0,0.0,0.0,0.0,0.0,0.0,0.0,0.0,0.0,0.0,0.0,0.0,0.0,0.0,0.0,0.0,0.0,0.0,0.0,0.0,0.0,0.0,0.0,0.0,0.0,0.0,0.0,0.0,0.0,0.0,0.0,0.0,0.0,0.0,0.0,0.0,0.0,0.0,0.0,0.0,0.0
9. Phải trả theo tiến độ kế hoạch hợp đồng xây dựng,,,,,,,,,,,,0.0,,,0.0,0.0,0.0,0.0,0.0,0.0,0.0,0.0,0.0,0.0,0.0,0.0,0.0,0.0,0.0,0.0,0.0,0.0,0.0,0.0,0.0,0.0,0.0,0.0,0.0,0.0,0.0,0.0,0.0,0.0,0.0,0.0,0.0,0.0,0.0,0.0,0.0,0.0,0.0,0.0,0.0,0.0,0.0,0.0,0.0,0.0,0.0,0.0,0.0,0.0,0.0,0.0,0.0,0.0,0.0
10. Doanh thu chưa thực hiện ngắn hạn,,,,,,,,,,,,0.0,,,0.0,0.0,0.0,0.0,0.0,0.0,0.0,0.0,0.0,0.0,0.0,0.0,0.0,0.0,0.0,0.0,0.0,0.0,0.0,0.0,0.0,0.0,0.0,0.0,3390028093.0,988753000.0,3374146729.0,3606557015.0,2040752889.0,0.0,3392880629.0,3264511564.0,2040752895.0,222500000.0,3197500000.0,3210994892.0,2412994892.0,14120830.0,1315664583.0,1864983333.0,2066102083.0,14120833.0,1770995984.0,1754030302.0,1563320870.0,0.0,310383200.0,401975534.0,60850642.0,142254586.0,503193145.0,496125257.0,387280476.0,113420086.0,1307419898.0
11. Phải trả ngắn hạn khác,,,,,,,,,,,,741841900.0,,,3468169415.0,10173563613.0,8090830950.0,2844683862.0,3412703542.0,6708395507.0,5973551422.0,3179173256.0,89332760070.0,116821686836.0,116733254245.0,4168390039.0,2432310933.0,2265084276.0,5897429043.0,6113681589.0,9161386922.0,11736541175.0,15158756800.0,10639669177.0,15339072266.0,11418945328.0,6547408378.0,3323092966.0,16307161817.0,10036443937.0,6536863660.0,3164708111.0,3015602381.0,6610463089.0,6715933033.0,7013823215.0,26647645674.0,4284041162.0,26968158007.0,28191599109.0,23888464781.0,6607274465.0,22065010629.0,30693186793.0,2249545813.0,17942319897.0,11556247477.0,5379909756.0,21746768646.0,13259637914.0,2116114231.0,9848212329.0,9840930274.0,7839502767.0,9154891366.0,7335466592.0,5433762050.0,12925835426.0,7657950343.0
12. Dự phòng phải trả ngắn hạn,,,,,,,,,,,,0.0,,,0.0,1942295273.0,0.0,584709093.0,0.0,297429731.0,0.0,0.0,0.0,32440461.0,0.0,0.0,87869900.0,677078813.0,1156592577.0,1057912321.0,4693884834.0,4102257675.0,7987079826.0,2481800078.0,5414268175.0,1361338109.0,11532641515.0,23060483784.0,20059344591.0,11623933511.0,11934021440.0,16141533787.0,11952853179.0,17136346976.0,14072933846.0,14947390925.0,27979062777.0,17945242971.0,16087789859.0,9385645014.0,17553462610.0,16931808915.0,16382155573.0,16209823789.0,25522023862.0,30957618179.0,30321157944.0,16503858918.0,15919986542.0,15481425017.0,16466464657.0,15240194526.0,26338392286.0,20522313030.0,21670294345.0,10720195763.0,11195616565.0,19236331698.0,6115810625.0
13. Quỹ khen thưởng phúc lợi,0.0,,2891442336.0,8293073566.0,7723068980.0,7410537980.0,3167200574.0,5293283817.0,4300141812.0,3517926588.0,1232194800.0,1438321792.0,1277585792.0,835674527.0,886719382.0,1631278972.0,1423664194.0,1383490990.0,1408137722.0,1907207388.0,1811834845.0,1771322014.0,1797381375.0,3731901515.0,3611421449.0,2762842249.0,2643992249.0,2681784842.0,2450780242.0,2437626593.0,204859227.0,871385650.0,221706717.0,160277890.0,135697890.0,1297188600.0,1136483600.0,757213145.0,456013145.0,6171511705.0,5592511705.0,5222011705.0,10514649629.0,9256825290.0,8819316315.0,8315926915.0,13886768418.0,13062878418.0,10501904918.0,10150780718.0,16262040616.0,14021788224.0,12174259931.0,12061259931.0,6382672431.0,8939178050.0,8131178050.0,7142778050.0,5515622580.0,4349022580.0,3209296478.0,2916897690.0,2916897690.0,2918749998.0,2232749998.0,1452749998.0,3937510896.0,2903510896.0,2256210896.0
14. Quỹ bình ổn giá,,,,,,,,,,,,0.0,,,0.0,0.0,0.0,0.0,0.0,0.0,0.0,0.0,0.0,0.0,0.0,0.0,0.0,0.0,0.0,0.0,0.0,0.0,0.0,0.0,0.0,0.0,0.0,0.0,0.0,0.0,0.0,0.0,0.0,0.0,0.0,0.0,0.0,0.0,0.0,0.0,0.0,0.0,0.0,0.0,0.0,0.0,0.0,0.0,0.0,0.0,0.0,0.0,0.0,0.0,0.0,0.0,0.0,0.0,0.0
15. Giao dịch mua bán lại trái phiếu chính phủ,,,,,,,,,,,,0.0,,,0.0,0.0,0.0,0.0,0.0,0.0,0.0,0.0,0.0,0.0,0.0,0.0,0.0,0.0,0.0,0.0,0.0,0.0,0.0,0.0,0.0,0.0,0.0,0.0,0.0,0.0,0.0,0.0,0.0,0.0,0.0,0.0,0.0,0.0,0.0,0.0,0.0,0.0,0.0,0.0,0.0,0.0,0.0,0.0,0.0,0.0,0.0,0.0,0.0,0.0,0.0,0.0,0.0,0.0,0.0
II. Nợ dài hạn,8506065278.0,18732723816.0,20323926608.0,20617768725.0,20202424417.0,12091636335.0,6981473464.0,6746759442.0,6023998026.0,12003979252.0,13844295913.0,12033397677.0,10743684531.0,6401398446.0,6047713863.0,3477613649.0,6117136134.0,5565950987.0,5651353581.0,4544869308.0,7038590010.0,28948290737.0,41847389537.0,38167641687.0,63507627062.0,198311586167.0,162811579558.0,161732354298.0,186065788810.0,161660236406.0,159276131403.0,184437490997.0,163870704624.0,190085838332.0,175084027561.0,218193477498.0,227198863218.0,257298053513.0,265497676562.0,286024019284.0,291224540289.0,289439228314.0,293700635931.0,301471156656.0,321316929941.0,468695556660.0,483217951834.0,474695193651.0,489210922835.0,1040889140078.0,1047024535216.0,1025522900613.0,1032753444293.0,1010919640254.0,1011734983503.0,977977382782.0,978594438470.0,854069505573.0,826564131756.0,811809358760.0,829207338574.0,1070639623945.0,1004157576870.0,1010124820434.0,1005910900900.0,1020055098840.0,979953190143.0,960144134632.0,967902115505.0
1. Phải trả người bán dài hạn,,,,,,,,,,,,0.0,,,0.0,0.0,0.0,0.0,0.0,0.0,0.0,0.0,0.0,0.0,0.0,0.0,0.0,0.0,0.0,0.0,0.0,0.0,0.0,0.0,0.0,0.0,0.0,0.0,0.0,0.0,0.0,0.0,0.0,0.0,0.0,0.0,0.0,0.0,0.0,0.0,0.0,0.0,0.0,0.0,0.0,0.0,0.0,0.0,0.0,0.0,0.0,0.0,0.0,0.0,0.0,0.0,0.0,0.0,0.0
2. Chi phí phải trả dài hạn,,,,,,,,,,,,0.0,,,0.0,0.0,0.0,0.0,0.0,0.0,0.0,0.0,0.0,0.0,0.0,0.0,0.0,0.0,0.0,0.0,0.0,0.0,0.0,0.0,0.0,0.0,0.0,0.0,0.0,0.0,0.0,0.0,0.0,0.0,0.0,0.0,0.0,0.0,0.0,0.0,0.0,0.0,0.0,0.0,0.0,0.0,0.0,0.0,0.0,0.0,0.0,0.0,0.0,0.0,0.0,0.0,0.0,0.0,0.0
3. Phải trả nội bộ về vốn kinh doanh,,,,,,,,,,,,0.0,,,0.0,0.0,0.0,0.0,0.0,0.0,0.0,0.0,0.0,0.0,0.0,0.0,0.0,0.0,0.0,0.0,0.0,0.0,0.0,0.0,0.0,0.0,0.0,0.0,0.0,0.0,0.0,0.0,0.0,0.0,0.0,0.0,0.0,0.0,0.0,0.0,0.0,0.0,0.0,0.0,0.0,0.0,0.0,0.0,0.0,0.0,0.0,0.0,0.0,0.0,0.0,0.0,0.0,0.0,0.0
4. Phải trả nội bộ dài hạn,,,,,,,,,,,,0.0,,,0.0,0.0,0.0,0.0,0.0,0.0,0.0,0.0,0.0,0.0,0.0,0.0,0.0,0.0,0.0,0.0,0.0,0.0,0.0,0.0,0.0,0.0,0.0,0.0,0.0,0.0,0.0,0.0,0.0,0.0,0.0,0.0,0.0,0.0,0.0,0.0,0.0,0.0,0.0,0.0,0.0,0.0,0.0,0.0,0.0,0.0,0.0,0.0,0.0,0.0,0.0,0.0,0.0,0.0,0.0
5. Phải trả dài hạn khác,,,,,,,,,,,,4655549241.0,,,0.0,0.0,0.0,0.0,0.0,0.0,0.0,0.0,0.0,85000000.0,0.0,140747967415.0,151213689314.0,147128181546.0,148959916474.0,150603331866.0,151902239593.0,153374110316.0,154536903943.0,155912187061.0,156595487061.0,169899983356.0,170409983356.0,174299710552.0,174608596356.0,178916914876.0,179751346126.0,183956720126.0,184627452626.0,188963510325.0,189701823825.0,189701823825.0,221263995846.0,225644825645.0,228325825645.0,833377044995.0,834602044995.0,836103044995.0,836713044995.0,837813044995.0,838373044995.0,839593044995.0,842625255495.0,706309744995.0,707133044995.0,707933044995.0,708183044995.0,846933044995.0,846959609995.0,850899609995.0,851633044995.0,853393044995.0,853843044995.0,857313044995.0,859193044995.0
6. Vay và nợ thuê tài chính dài hạn,,,,,,,,,,,,6814919030.0,,,201805755.0,201805755.0,201805755.0,0.0,0.0,0.0,2481000000.0,18943691311.0,32899772142.0,27788310630.0,27788310630.0,17088310630.0,0.0,0.0,0.0,0.0,0.0,0.0,770420000.0,4611518200.0,5346800000.0,13371959000.0,13985723000.0,14841306560.0,10140777848.0,14131882448.0,17668852448.0,14071782448.0,14845667736.0,13586057736.0,20354410479.0,170775864305.0,168567870268.0,146774259932.0,149296187932.0,107544783260.0,127956233596.0,107374623260.0,116852487253.0,93926487913.0,106241595456.0,74353052085.0,74352052085.0,73893756685.0,49658786997.0,34995769908.0,52880261475.0,152880261475.0,99134049026.0,101733342137.0,101733342137.0,101733342137.0,69871840722.0,66209196942.0,66209196941.0
7. Trái phiếu chuyển đổi,,,,,,,,,,,,0.0,,,0.0,0.0,0.0,0.0,0.0,0.0,0.0,0.0,0.0,0.0,0.0,0.0,0.0,0.0,0.0,0.0,0.0,0.0,0.0,0.0,0.0,0.0,0.0,0.0,0.0,0.0,0.0,0.0,0.0,0.0,0.0,0.0,0.0,0.0,0.0,0.0,0.0,0.0,0.0,0.0,0.0,0.0,0.0,0.0,0.0,0.0,0.0,0.0,0.0,0.0,0.0,0.0,0.0,0.0,0.0
8. Thuế thu nhập hoãn lại phải trả,,,,,,,,,,,,0.0,,,0.0,0.0,0.0,0.0,0.0,0.0,0.0,0.0,0.0,0.0,0.0,0.0,0.0,0.0,0.0,0.0,0.0,0.0,0.0,0.0,0.0,0.0,0.0,0.0,0.0,0.0,0.0,0.0,0.0,0.0,0.0,0.0,0.0,0.0,0.0,0.0,0.0,0.0,0.0,0.0,0.0,0.0,0.0,0.0,0.0,0.0,0.0,0.0,0.0,0.0,0.0,0.0,0.0,0.0,0.0
9. Dự phòng trợ cấp mất việc làm,,,,,,,,,,,,562929406.0,,,300692301.0,254564198.0,147872908.0,412134550.0,407701615.0,234855508.0,177935689.0,472802064.0,469023597.0,474290478.0,460130569.0,0.0,0.0,0.0,0.0,0.0,0.0,0.0,0.0,0.0,0.0,0.0,0.0,0.0,0.0,0.0,0.0,0.0,0.0,0.0,0.0,0.0,0.0,0.0,0.0,0.0,0.0,0.0,0.0,0.0,0.0,0.0,0.0,0.0,0.0,0.0,0.0,0.0,0.0,0.0,0.0,0.0,0.0,0.0,0.0
10. Dự phòng phải trả dài hạn,,,,,,,,,,,,0.0,,,5545215807.0,3021243696.0,0.0,5153816437.0,5243651966.0,4310013800.0,4379654321.0,9531797362.0,7763577158.0,8991473939.0,9324809284.0,10403899874.0,11597890244.0,11036664312.0,12429643262.0,11056904540.0,7373891810.0,8563380681.0,8563380681.0,13565363070.0,13141740500.0,34921535142.0,42803156862.0,62640930585.0,80748302358.0,91142888625.0,93227258384.0,90939892410.0,93862932240.0,97514255267.0,107071112314.0,108172035204.0,93386085720.0,101127108074.0,111588909258.0,99967311823.0,84466256625.0,80896232358.0,79187912045.0,79180107346.0,67120343052.0,62882285702.0,61617130890.0,73866003893.0,69772299764.0,67731543857.0,66995032104.0,70826317475.0,58063917849.0,57491868302.0,52544513768.0,64928711708.0,56238304426.0,36621892695.0,42499873569.0
11. Doanh thu chưa thực hiện dài hạn,,,,,,,,,,,,0.0,,,0.0,0.0,5767457471.0,0.0,0.0,0.0,0.0,0.0,715016640.0,828566640.0,25934376579.0,30071408248.0,0.0,3567508440.0,24676229074.0,0.0,0.0,22500000000.0,0.0,15996770001.0,0.0,0.0,0.0,5516105816.0,0.0,1832333335.0,577083331.0,470833330.0,364583329.0,1407333328.0,4189583323.0,45833326.0,0.0,1149000000.0,0.0,0.0,0.0,1149000000.0,0.0,0.0,0.0,1149000000.0,0.0,0.0,0.0,1149000000.0,1149000000.0,0.0,0.0,0.0,0.0,0.0,0.0,0.0,0.0
12. Quỹ phát triển khoa học và công nghệ,,,,,,,,,,,,0.0,,,0.0,0.0,0.0,0.0,0.0,0.0,0.0,0.0,0.0,0.0,0.0,0.0,0.0,0.0,0.0,0.0,0.0,0.0,0.0,0.0,0.0,0.0,0.0,0.0,0.0,0.0,0.0,0.0,0.0,0.0,0.0,0.0,0.0,0.0,0.0,0.0,0.0,0.0,0.0,0.0,0.0,0.0,0.0,0.0,0.0,0.0,0.0,0.0,0.0,0.0,0.0,0.0,0.0,0.0,0.0
B. Nguồn vốn chủ sở hữu,147107848166.0,219597806101.0,199131391377.0,208846855457.0,213560871759.0,293974445736.0,294201509846.0,279990572461.0,280511745272.0,291067963328.0,290625335670.0,279779596255.0,282528950147.0,292706436989.0,296388285365.0,283127622462.0,286942042676.0,299300814332.0,298356265568.0,284311557217.0,282702136644.0,294718695926.0,292682744539.0,285180402075.0,287286630953.0,292204036992.0,291873873582.0,286727001246.0,288098193525.0,295720161974.0,297117345950.0,292408340354.0,290391098925.0,297408624066.0,301402178664.0,299930651930.0,307939239011.0,313788453312.0,322072980470.0,308468951766.0,312703656385.0,316886857496.0,297688592812.0,307155840439.0,317226859611.0,328860149953.0,305151085848.0,312103800384.0,317644199390.0,326383275878.0,313135113367.0,313919891944.0,314558200732.0,324418966176.0,324646469843.0,312696762267.0,315176741154.0,333298536515.0,314999180503.0,317563177834.0,317948338951.0,328150131482.0,328168013167.0,329866004915.0,320715706038.0,330430628340.0,322145650989.0,322552850071.0,310627571723.0
I. Vốn chủ sở hữu,147107848166.0,219597806101.0,199131391377.0,208846855457.0,213337271759.0,293960445736.0,294194567846.0,279990572461.0,280505745272.0,291090463328.0,290648335670.0,279780096255.0,282529450147.0,292707936989.0,296273335365.0,283216845666.0,286927265880.0,299320814332.0,298356265568.0,284131557217.0,282522136644.0,294780695926.0,292709744539.0,285207402075.0,287286630953.0,292232036992.0,291873873582.0,286727001246.0,288101193525.0,295736161974.0,297117345950.0,292408340354.0,290391098925.0,297408624066.0,301402178664.0,299930651930.0,307939239011.0,313888453312.0,322072980470.0,308468951766.0,312703656385.0,316926086496.0,297688592812.0,307155840439.0,317226859611.0,324589143513.0,300880079408.0,307832793944.0,313373192950.0,323668472968.0,310420310457.0,313762039403.0,314400348191.0,324261113636.0,324630711943.0,312696762267.0,315176741154.0,333298536515.0,314999180503.0,317563177834.0,317948338951.0,328150131482.0,328168013167.0,329866004915.0,320715706038.0,330430628340.0,322145650989.0,322552850071.0,310627571723.0
1. Vốn đầu tư của chủ sở hữu,120000000000.0,149986000000.0,149986000000.0,149986000000.0,149986000000.0,179916300000.0,179916300000.0,179916300000.0,194300060000.0,194300060000.0,194300060000.0,194300060000.0,194300060000.0,194300060000.0,194300060000.0,194300060000.0,194300060000.0,194300060000.0,194300060000.0,194300060000.0,194300060000.0,194300060000.0,194300060000.0,194300060000.0,194300060000.0,194300060000.0,194300060000.0,194300060000.0,194300060000.0,194300060000.0,194300060000.0,194300060000.0,194300060000.0,194300060000.0,194300060000.0,194300060000.0,194300060000.0,194300060000.0,194300060000.0,194300060000.0,194300060000.0,194300060000.0,194300060000.0,194300060000.0,194300060000.0,194300060000.0,194300060000.0,194300060000.0,194300060000.0,194300060000.0,194300060000.0,194300060000.0,194300060000.0,194300060000.0,194300060000.0,194300060000.0,194300060000.0,194300060000.0,194300060000.0,194300060000.0,194300060000.0,194300060000.0,194300060000.0,194300060000.0,194300060000.0,194300060000.0,194300060000.0,194300060000.0,194300060000.0
2. Thặng dư vốn cổ phần,0.0,0.0,0.0,0.0,0.0,44895450000.0,44895450000.0,44895450000.0,44895450000.0,44895450000.0,44895450000.0,44895450000.0,44895450000.0,44895450000.0,44895450000.0,44895450000.0,45084139829.0,45084139829.0,45084139829.0,45084139829.0,45084139829.0,45084139829.0,45084139829.0,45084139829.0,45084139829.0,45084139829.0,45084139829.0,45084139829.0,45084139829.0,45084139829.0,45084139829.0,45084139829.0,45084139829.0,45934610806.0,45934846208.0,45934846208.0,45934846208.0,45934846208.0,45934846208.0,45934846208.0,45934846208.0,45934846208.0,45934846208.0,45934846208.0,45934846208.0,45934846208.0,45934846208.0,45934846208.0,45934846208.0,45934846208.0,45934846208.0,45934846208.0,45934846208.0,45934846208.0,45934846208.0,45934846208.0,45934846208.0,45934846208.0,45934846208.0,45934846208.0,45934846208.0,45934846208.0,45934846208.0,45934846208.0,45934846208.0,45934846208.0,45934846208.0,45934846208.0,45934846208.0
3. Quyền chọn chuyển đổi trái phiếu,0.0,0.0,0.0,0.0,0.0,0.0,0.0,0.0,0.0,0.0,0.0,0.0,0.0,0.0,0.0,0.0,0.0,0.0,0.0,0.0,0.0,0.0,0.0,0.0,0.0,0.0,0.0,0.0,0.0,0.0,0.0,0.0,0.0,0.0,0.0,0.0,0.0,0.0,0.0,0.0,0.0,0.0,0.0,0.0,0.0,0.0,0.0,0.0,0.0,0.0,0.0,0.0,0.0,0.0,0.0,0.0,0.0,0.0,0.0,0.0,0.0,0.0,0.0,0.0,0.0,0.0,0.0,0.0,0.0
4. Vốn khác của chủ sở hữu,0.0,0.0,311178479.0,806739329.0,773487629.0,0.0,767887629.0,0.0,0.0,0.0,803119629.0,0.0,643540079.0,0.0,0.0,0.0,0.0,0.0,0.0,0.0,0.0,0.0,0.0,0.0,0.0,0.0,0.0,0.0,0.0,0.0,0.0,0.0,0.0,0.0,0.0,0.0,0.0,0.0,0.0,0.0,0.0,0.0,0.0,0.0,0.0,0.0,0.0,0.0,0.0,0.0,0.0,0.0,0.0,0.0,0.0,0.0,0.0,0.0,0.0,0.0,0.0,0.0,0.0,0.0,0.0,0.0,0.0,0.0,0.0
5. Cổ phiếu quỹ,-27295000.0,-27295000.0,-27295000.0,-27295000.0,-27295000.0,-27295000.0,-27295000.0,-27295000.0,-27295000.0,-1328410941.0,-1328410941.0,-1328410941.0,-1328410941.0,-1328410941.0,-1328410941.0,-1328410941.0,-1241960941.0,-1241960941.0,-1241960941.0,-1241960941.0,-1241960941.0,-1241960941.0,-1241960941.0,-1241960941.0,-1241960941.0,-1241960941.0,-1241960941.0,-1241960941.0,-1241960941.0,-1241960941.0,-1241960941.0,-1241960941.0,-1241960941.0,-518708.0,0.0,0.0,0.0,0.0,0.0,0.0,0.0,0.0,0.0,0.0,0.0,0.0,0.0,0.0,0.0,0.0,0.0,0.0,0.0,0.0,0.0,0.0,0.0,0.0,0.0,0.0,0.0,0.0,0.0,0.0,0.0,0.0,0.0,0.0,0.0
6. Chênh lệch đánh giá lại tài sản,0.0,0.0,0.0,0.0,0.0,0.0,0.0,0.0,0.0,0.0,0.0,0.0,0.0,0.0,0.0,0.0,0.0,0.0,0.0,0.0,0.0,0.0,0.0,0.0,0.0,0.0,0.0,0.0,0.0,0.0,0.0,0.0,0.0,0.0,0.0,0.0,0.0,0.0,0.0,0.0,0.0,0.0,0.0,0.0,0.0,0.0,0.0,0.0,0.0,0.0,0.0,0.0,0.0,0.0,0.0,0.0,0.0,0.0,0.0,0.0,0.0,0.0,0.0,0.0,0.0,0.0,0.0,0.0,0.0
7. Chênh lệch tỷ giá hối đoái,0.0,0.0,0.0,0.0,0.0,0.0,0.0,0.0,0.0,0.0,0.0,0.0,0.0,-865460002.0,11962562.0,0.0,0.0,5594499253.0,4461892457.0,5899513572.0,5899513572.0,8413778935.0,8714895301.0,8756547930.0,8756439116.0,8470837422.0,7751302798.0,7751302798.0,7751302798.0,7751302798.0,8251269866.0,8265080673.0,8265080673.0,8265080673.0,8181923448.0,8473076981.0,8473076981.0,8473076981.0,8617668927.0,8617668927.0,8617668927.0,8617668927.0,8688236486.0,8688236486.0,8688236486.0,8688236486.0,7346145451.0,7294964623.0,7294964623.0,7294964623.0,7141422139.0,7141422139.0,7141422139.0,7141422139.0,7141422139.0,7141422139.0,7141422139.0,7141422139.0,7141422139.0,7141422139.0,7141422139.0,7141422139.0,7141422139.0,7141422139.0,7141422139.0,7141422139.0,7141422139.0,7141422139.0,7141422139.0
8. Quỹ đầu tư phát triển,0.0,0.0,0.0,0.0,0.0,0.0,0.0,0.0,0.0,0.0,0.0,30532063692.0,0.0,0.0,30599658544.0,32635579684.0,32293799476.0,27789514000.0,27789514000.0,30301832916.0,30301832916.0,30301832916.0,27789514000.0,28341060722.0,28341060722.0,28341060722.0,28341060722.0,28341060722.0,28341060722.0,30853379638.0,30853379638.0,30853379638.0,28341060722.0,28341060722.0,36041305736.0,36041305736.0,36041305736.0,36041305736.0,36041305736.0,36041305736.0,36041305736.0,36041305736.0,36041305736.0,36041305736.0,36041305736.0,36041305736.0,36041305736.0,36041305736.0,36041305736.0,36041305736.0,36041305736.0,36041305736.0,36041305736.0,36041305736.0,36041305736.0,36041305736.0,36041305736.0,36041305736.0,36041305736.0,36041305736.0,36041305736.0,36041305736.0,36041305736.0,36041305736.0,36041305736.0,36041305736.0,36041305736.0,36041305736.0,36041305736.0
9. Quỹ dự phòng tài chính,0.0,0.0,0.0,0.0,0.0,0.0,0.0,0.0,0.0,0.0,0.0,6117359771.0,0.0,0.0,6070391800.0,6497963888.0,6497963888.0,6497963888.0,6578496670.0,7071753777.0,7071753777.0,7071753777.0,7113084138.0,7548914173.0,7548914173.0,7548914173.0,7548914173.0,7619021031.0,7619021031.0,7619021031.0,7700245014.0,7700245014.0,7700245014.0,7700245014.0,0.0,0.0,0.0,0.0,0.0,0.0,0.0,0.0,0.0,0.0,0.0,0.0,0.0,0.0,0.0,0.0,0.0,0.0,0.0,0.0,0.0,0.0,0.0,0.0,0.0,0.0,0.0,0.0,0.0,0.0,0.0,0.0,0.0,0.0,0.0
10. Quỹ khác thuộc vốn chủ sở hữu,1168384877.0,19077924466.0,14871051851.0,35272107339.0,34961853089.0,35735340718.0,34961853089.0,44566348162.0,35310649496.0,34612425061.0,33590182090.0,690119629.0,36649423463.0,37066815485.0,516954845.0,0.0,0.0,0.0,0.0,0.0,0.0,0.0,0.0,0.0,0.0,0.0,0.0,0.0,0.0,0.0,0.0,0.0,0.0,0.0,0.0,0.0,0.0,0.0,0.0,0.0,0.0,0.0,0.0,0.0,0.0,0.0,0.0,0.0,0.0,0.0,0.0,0.0,0.0,0.0,0.0,0.0,0.0,0.0,0.0,0.0,0.0,0.0,0.0,0.0,0.0,0.0,0.0,0.0,0.0
11. Lợi nhuận sau thuế chưa phân phối,25966758289.0,50561176635.0,33990456047.0,22809303789.0,27643226041.0,33440650018.0,33680372128.0,10639769299.0,6026880776.0,18610939208.0,18387934892.0,4573454104.0,7369387546.0,18639482447.0,21207268555.0,6216203035.0,9993263628.0,21296598303.0,21384123553.0,2716218064.0,1106797491.0,10851091410.0,10950012212.0,2418640362.0,4497978054.0,9728985787.0,10090357001.0,4873377807.0,6247570086.0,11370219619.0,12170212544.0,7447396141.0,7942473628.0,12868085559.0,16944043272.0,15181363005.0,23189950086.0,29139164387.0,37179099599.0,23575070895.0,27809775514.0,32032205625.0,12724144382.0,22191392009.0,32262411181.0,39624695083.0,17257722013.0,24261617377.0,29802016383.0,40097296401.0,27002676374.0,30344405320.0,30982714108.0,40843479553.0,41213077860.0,29279128184.0,31759107071.0,49880902432.0,31581546420.0,34145543751.0,34530704868.0,44732497399.0,44750379084.0,46448370832.0,37298071955.0,47012994257.0,38728016906.0,39135215988.0,27209937640.0
LNST chưa phân phối lũy kế đến cuối kỳ trước,,,,,,,,,,,,,,,,,,,,,,,,,,,,,,,,,,,,1200890902.0,,,,6687320340.0,,,,7897552084.0,,,,12470482178.0,,,40211269630.0,22675967532.0,,,553958379.0,26721468317.0,,,,31495117549.0,,,31470922684.0,41874004776.0,,,,38168596126.0,27209937640.0
LNST chưa phân phối kỳ này,,,,,,,,,,,,,,,,,,,,,,,,,,,,,,,,,,,,13980472103.0,,,,16887750555.0,,,,14293839925.0,,,,11791135199.0,,,-13208593256.0,7668437788.0,,,40659119481.0,2557659867.0,,,,2650426202.0,,,13279456400.0,4574366056.0,,,,966619862.0,0.0
12. Nguồn vốn đầu tư xây dựng cơ bản,0.0,0.0,0.0,0.0,0.0,0.0,0.0,0.0,0.0,0.0,0.0,0.0,0.0,0.0,0.0,0.0,0.0,0.0,0.0,0.0,0.0,0.0,0.0,0.0,0.0,0.0,0.0,0.0,0.0,0.0,0.0,0.0,0.0,0.0,0.0,0.0,0.0,0.0,0.0,0.0,0.0,0.0,0.0,0.0,0.0,0.0,0.0,0.0,0.0,0.0,0.0,0.0,0.0,0.0,0.0,0.0,0.0,0.0,0.0,0.0,0.0,0.0,0.0,0.0,0.0,0.0,0.0,0.0,0.0
13. Quỹ hỗ trợ sắp xếp doanh nghiệp,0.0,0.0,0.0,0.0,0.0,0.0,0.0,0.0,0.0,0.0,0.0,0.0,0.0,0.0,0.0,0.0,0.0,0.0,0.0,0.0,0.0,0.0,0.0,0.0,0.0,0.0,0.0,0.0,0.0,0.0,0.0,0.0,0.0,0.0,0.0,0.0,0.0,0.0,0.0,0.0,0.0,0.0,0.0,0.0,0.0,0.0,0.0,0.0,0.0,0.0,0.0,0.0,0.0,0.0,0.0,0.0,0.0,0.0,0.0,0.0,0.0,0.0,0.0,0.0,0.0,0.0,0.0,0.0,0.0
14. Lợi ích của cổ đông không kiểm soát,0.0,0.0,0.0,0.0,0.0,0.0,0.0,0.0,0.0,0.0,0.0,0.0,0.0,0.0,0.0,0.0,0.0,0.0,0.0,0.0,0.0,0.0,0.0,0.0,0.0,0.0,0.0,0.0,0.0,0.0,0.0,0.0,0.0,0.0,0.0,0.0,0.0,0.0,0.0,0.0,0.0,0.0,0.0,0.0,0.0,0.0,0.0,0.0,0.0,0.0,0.0,0.0,0.0,0.0,0.0,0.0,0.0,0.0,0.0,0.0,0.0,0.0,0.0,0.0,0.0,0.0,0.0,0.0,0.0
II. Nguồn kinh phí và quỹ khác,0.0,0.0,0.0,0.0,223600000.0,14000000.0,6942000.0,0.0,6000000.0,-22500000.0,-23000000.0,-500000.0,-500000.0,-1500000.0,114950000.0,-89223204.0,14776796.0,-20000000.0,0.0,180000000.0,180000000.0,-62000000.0,-27000000.0,-27000000.0,0.0,-28000000.0,0.0,0.0,-3000000.0,-16000000.0,0.0,0.0,0.0,0.0,0.0,0.0,0.0,-100000000.0,0.0,0.0,0.0,-39229000.0,0.0,0.0,0.0,4271006440.0,4271006440.0,4271006440.0,4271006440.0,2714802910.0,2714802910.0,157852541.0,157852541.0,157852540.0,15757900.0,0.0,0.0,0.0,0.0,0.0,0.0,0.0,0.0,0.0,0.0,0.0,0.0,0.0,0.0
1. Nguồn kinh phí ,0.0,0.0,0.0,0.0,223600000.0,14000000.0,6942000.0,0.0,6000000.0,-22500000.0,-23000000.0,-500000.0,-500000.0,-1500000.0,114950000.0,-89223204.0,14776796.0,-20000000.0,0.0,180000000.0,180000000.0,-62000000.0,-27000000.0,-27000000.0,0.0,-28000000.0,0.0,0.0,-3000000.0,-16000000.0,0.0,0.0,0.0,0.0,0.0,0.0,0.0,-100000000.0,0.0,0.0,0.0,-39229000.0,0.0,0.0,0.0,4271006440.0,4271006440.0,4271006440.0,4271006440.0,2714802910.0,2714802910.0,157852541.0,157852541.0,157852540.0,15757900.0,0.0,0.0,0.0,0.0,0.0,0.0,0.0,0.0,0.0,0.0,0.0,0.0,0.0,0.0
2. Nguồn kinh phí đã hình thành tài sản cố định,0.0,0.0,0.0,0.0,0.0,0.0,0.0,0.0,0.0,0.0,0.0,0.0,0.0,0.0,0.0,0.0,0.0,0.0,0.0,0.0,0.0,0.0,0.0,0.0,0.0,0.0,0.0,0.0,0.0,0.0,0.0,0.0,0.0,0.0,0.0,0.0,0.0,0.0,0.0,0.0,0.0,0.0,0.0,0.0,0.0,0.0,0.0,0.0,0.0,0.0,0.0,0.0,0.0,0.0,0.0,0.0,0.0,0.0,0.0,0.0,0.0,0.0,0.0,0.0,0.0,0.0,0.0,0.0,0.0
3. Quỹ dự phòng trợ cấp mất việc làm,0.0,0.0,0.0,0.0,0.0,0.0,0.0,0.0,0.0,0.0,0.0,0.0,0.0,0.0,0.0,0.0,0.0,0.0,0.0,0.0,0.0,0.0,0.0,0.0,0.0,0.0,0.0,0.0,0.0,0.0,0.0,0.0,0.0,0.0,0.0,0.0,0.0,0.0,0.0,0.0,0.0,0.0,0.0,0.0,0.0,0.0,0.0,0.0,0.0,0.0,0.0,0.0,0.0,0.0,0.0,0.0,0.0,0.0,0.0,0.0,0.0,0.0,0.0,0.0,0.0,0.0,0.0,0.0,0.0
TỔNG CỘNG NGUỒN VỐN,322433827908.0,528688434052.0,539466676470.0,551605999230.0,625263606860.0,506780517923.0,508648991273.0,414655023838.0,389485515648.0,431030455733.0,449902235711.0,418620918385.0,416239039808.0,466737590725.0,490384637446.0,479628723579.0,508513382796.0,511893887316.0,516919634969.0,492136997333.0,463457736554.0,642754553029.0,573902013885.0,590371397310.0,642902689982.0,663946591833.0,559947788117.0,579412011618.0,628694484288.0,634140686901.0,658328729819.0,670248822184.0,710971159529.0,808274551356.0,932320484918.0,1118758667786.0,1279366880055.0,1453191947966.0,1359054942765.0,1220024629373.0,1078613562861.0,1096272243584.0,1083198011272.0,1307715231025.0,1971874584617.0,1865228180441.0,2060652687609.0,1863644089987.0,1945643904023.0,2349415676605.0,2360243065370.0,2087144034912.0,2058054210138.0,2303670867855.0,2260989940209.0,2119108030078.0,2255826937244.0,2154201892916.0,2089543365306.0,1927502918751.0,1926078403966.0,2428480708638.0,2313265400716.0,2254570346641.0,2224472298546.0,2346151699672.0,2351944408249.0,2250930499549.0,2221396273950.0
