Item,Q4 2007,Q4 2008,Q2 2009,Q4 2009,Q4 2010,Q2 2011,Q3 2011,Q4 2011,Q1 2012,Q2 2012,Q3 2012,Q4 2012,Q1 2013,Q2 2013,Q3 2013,Q4 2013,Q1 2014,Q2 2014,Q3 2014,Q4 2014,Q1 2015,Q2 2015,Q3 2015,Q4 2015,Q1 2016,Q2 2016,Q3 2016,Q4 2016,Q1 2017,Q2 2017,Q3 2017,Q4 2017,Q1 2018,Q2 2018,Q3 2018,Q4 2018,Q1 2019,Q2 2019,Q3 2019,Q4 2019,Q1 2020,Q2 2020,Q3 2020,Q4 2020,Q1 2021,Q2 2021,Q3 2021,Q4 2021,Q1 2022,Q2 2022,Q3 2022,Q4 2022,Q1 2023
TÀI SẢN,,,,,,,,,,,,,,,,,,,,,,,,,,,,,,,,,,,,,,,,,,,,,,,,,,,,,
A. Tài sản lưu động và đầu tư ngắn hạn,258426890714.0,278849211237.0,,406557069030.0,406083387103.0,400329657468.0,465851154613.0,421098785135.0,407430699989.0,382292822440.0,353744229843.0,353507521357.0,366687850853.0,367403823312.0,330554738785.0,341197513178.0,355535135947.0,349270307897.0,332512406510.0,347884954750.0,373725452570.0,370625570723.0,439825678654.0,557351570568.0,506319776998.0,539152419814.0,612542174173.0,700526501394.0,478327602711.0,425416198280.0,417864464897.0,430765214010.0,405585806589.0,410553459584.0,377674795499.0,404091909993.0,369373974493.0,336453834058.0,415331373597.0,417475696352.0,410426216179.0,441660708611.0,470083646974.0,502023534720.0,499666117556.0,458149113256.0,438063384077.0,515562158585.0,556982708978.0,512071370615.0,479558511974.0,511500942971.0,488642833269.0
I. Tiền và các khoản tương đương tiền,15360407463.0,28773001298.0,,48543842439.0,49229141377.0,31080981336.0,20855034896.0,50634165251.0,36024398149.0,52522392452.0,42035764800.0,60669474210.0,94175014557.0,84159499837.0,41895259617.0,31983951008.0,39284505806.0,28641949249.0,32208878526.0,46491524295.0,49750626502.0,53215432972.0,57064777107.0,65539774160.0,95920825329.0,57278241073.0,50003799613.0,111597710877.0,99730087152.0,123122338601.0,98617104911.0,132240947426.0,109995345231.0,133813375951.0,129260381017.0,98192833992.0,78529235789.0,55331816023.0,62845534397.0,54108806202.0,19039766039.0,35987930703.0,37785133265.0,38524681196.0,41680571665.0,44964375965.0,78245075702.0,78857025468.0,71487869936.0,86988471845.0,41236266154.0,57770868586.0,68909675557.0
1. Tiền,,,,38354879312.0,33994868784.0,19444836671.0,20202034896.0,37530030146.0,16447666360.0,33541593429.0,20378959169.0,33370165457.0,22813969014.0,25948743366.0,19625076543.0,16445951008.0,16336505806.0,9673949249.0,12340878526.0,33129524295.0,37388626502.0,32726228082.0,35599972295.0,43533851412.0,73052687994.0,32390027029.0,21175803310.0,92675714574.0,33083898130.0,30456149579.0,32636414709.0,64503303203.0,15630126007.0,68653284601.0,23757628786.0,35297216493.0,36019151217.0,17544073522.0,28945700707.0,33208972512.0,11939766039.0,29087930703.0,32885133265.0,34424681196.0,22880571665.0,27164375965.0,69645075702.0,71857025468.0,54487869936.0,40977761658.0,20209294437.0,27197753812.0,38850489874.0
2. Các khoản tương đương tiền,,,,10188963127.0,15234272593.0,11636144665.0,653000000.0,13104135105.0,19576731789.0,18980799023.0,21656805631.0,27299308753.0,71361045543.0,58210756471.0,22270183074.0,15538000000.0,22948000000.0,18968000000.0,19868000000.0,13362000000.0,12362000000.0,20489204890.0,21464804812.0,22005922748.0,22868137335.0,24888214044.0,28827996303.0,18921996303.0,66646189022.0,92666189022.0,65980690202.0,67737644223.0,94365219224.0,65160091350.0,105502752231.0,62895617499.0,42510084572.0,37787742501.0,33899833690.0,20899833690.0,7100000000.0,6900000000.0,4900000000.0,4100000000.0,18800000000.0,17800000000.0,8600000000.0,7000000000.0,17000000000.0,46010710187.0,21026971717.0,30573114774.0,30059185683.0
II. Các khoản đầu tư tài chính ngắn hạn,2491553400.0,7645038224.0,,3269583047.0,11223403986.0,4415283846.0,13709823412.0,10483795927.0,15934913268.0,10156560646.0,3924724759.0,14022755892.0,3598986651.0,37159473372.0,53865178142.0,70985678259.0,54995765119.0,62829576921.0,54353878382.0,63118800787.0,58247928476.0,30470904527.0,24343864637.0,30216102804.0,35549252190.0,40552211751.0,40582651542.0,31806040826.0,32320052028.0,50553095332.0,43302572019.0,36835412657.0,32490195367.0,28677797510.0,36690068176.0,31085704822.0,30935074783.0,44848385268.0,74767511584.0,83946763038.0,73035957385.0,76620904833.0,75902917970.0,84996869484.0,74014000000.0,59544000000.0,61324000000.0,76874000000.0,84874000000.0,78004000000.0,68104000000.0,59899000000.0,65675000000.0
1. Chứng khoán kinh doanh,,,,3269583047.0,11223403986.0,4415283846.0,13709823412.0,10483795927.0,15934913268.0,10156560646.0,3924724759.0,14022755892.0,3598986651.0,37159473372.0,54665178142.0,71785678259.0,55795765119.0,63629576921.0,55153878382.0,63918800787.0,59047928476.0,0.0,0.0,0.0,0.0,0.0,0.0,0.0,0.0,0.0,0.0,0.0,0.0,0.0,0.0,0.0,0.0,0.0,0.0,0.0,0.0,0.0,0.0,0.0,0.0,0.0,0.0,0.0,0.0,0.0,0.0,0.0,0.0
2. Dự phòng giảm giá chứng khoán kinh doanh,,,,0.0,0.0,0.0,0.0,0.0,0.0,0.0,0.0,0.0,0.0,0.0,-800000000.0,-800000000.0,-800000000.0,-800000000.0,-800000000.0,-800000000.0,-800000000.0,0.0,0.0,0.0,0.0,0.0,0.0,0.0,0.0,0.0,0.0,0.0,0.0,0.0,0.0,0.0,0.0,0.0,0.0,0.0,0.0,0.0,0.0,0.0,0.0,0.0,0.0,0.0,0.0,0.0,0.0,0.0,0.0
3. Đầu tư nắm giữ đến ngày đáo hạn,,,,0.0,0.0,0.0,0.0,0.0,0.0,0.0,0.0,0.0,0.0,0.0,0.0,0.0,0.0,0.0,0.0,0.0,0.0,30470904527.0,24343864637.0,30216102804.0,35549252190.0,40552211751.0,40582651542.0,31806040826.0,32320052028.0,50553095332.0,43302572019.0,36835412657.0,32490195367.0,28677797510.0,36690068176.0,31085704822.0,30935074783.0,44848385268.0,74767511584.0,83946763038.0,73035957385.0,76620904833.0,75902917970.0,84996869484.0,74014000000.0,59544000000.0,61324000000.0,76874000000.0,84874000000.0,78004000000.0,68104000000.0,59899000000.0,65675000000.0
III. Các khoản phải thu ngắn hạn,126857621101.0,131822267743.0,131059169152.0,244916810838.0,215244507818.0,181810891606.0,173911705644.0,192584150704.0,157559418729.0,129935751243.0,141523749803.0,127900416076.0,136980468758.0,112577595412.0,117458646412.0,136278365221.0,132735619944.0,116549602991.0,103214273172.0,98433734546.0,152678011715.0,149687513632.0,188092500678.0,260891476041.0,187323192734.0,151642212398.0,233819047923.0,411516781126.0,257974569196.0,159784997444.0,200655733684.0,166577539055.0,193884983526.0,156103071436.0,131101815719.0,195774191416.0,205949109819.0,173190253281.0,182074651712.0,176994776533.0,231683103686.0,225211836792.0,200395044656.0,236053125830.0,290381590588.0,240265779720.0,179007422131.0,273251530587.0,326861522063.0,233233851805.0,281680112421.0,339607969384.0,294271775744.0
1. Phải thu ngắn hạn của khách hàng,,,105863938248.0,220309402711.0,195179467719.0,130843162502.0,112140074028.0,170867316744.0,131155249935.0,98999321854.0,127611601430.0,102342807056.0,87351890501.0,86469400564.0,105861546993.0,110805004130.0,131532554237.0,103136513478.0,100846429629.0,89542463537.0,142665359081.0,129278787697.0,142389655027.0,234858466247.0,147894548667.0,127059416010.0,215883277284.0,405624103127.0,260876782329.0,162579820624.0,199237966469.0,148878683945.0,179691361651.0,150248883778.0,118338017586.0,181416741603.0,196964267630.0,170840260148.0,154949698947.0,164811886199.0,223897716788.0,202739893889.0,175707971062.0,228042602797.0,296509125001.0,254894441148.0,187385600346.0,192216590984.0,244576497785.0,183826753700.0,273047298329.0,349411106667.0,298699368353.0
2. Trả trước cho người bán,,,18806134427.0,22084183694.0,19340940588.0,46246557264.0,56154039732.0,20351219451.0,21396025053.0,29418548347.0,12309473026.0,24389859295.0,8728544938.0,24979681134.0,9163881912.0,5587677943.0,4434996482.0,6458162196.0,6916769260.0,15195934094.0,19893952953.0,24767498449.0,48586988137.0,28687842288.0,40790873631.0,23613645232.0,17404772703.0,6456567290.0,5210278133.0,6536876603.0,9594152510.0,7049544322.0,13552539049.0,8395410583.0,16410999687.0,14429227662.0,15053037967.0,11275222672.0,24877806927.0,17202286667.0,18343944794.0,34393393300.0,34069394755.0,30468507720.0,20980276421.0,14580041922.0,18941471159.0,74079216425.0,72421182462.0,17576159128.0,15708500083.0,4938140629.0,5362773049.0
3. Phải thu nội bộ ngắn hạn,,,0.0,0.0,0.0,0.0,0.0,0.0,0.0,0.0,0.0,0.0,0.0,0.0,0.0,0.0,0.0,0.0,0.0,0.0,0.0,0.0,0.0,0.0,0.0,0.0,0.0,0.0,0.0,0.0,0.0,0.0,0.0,0.0,0.0,0.0,0.0,0.0,0.0,0.0,0.0,0.0,0.0,0.0,0.0,0.0,0.0,0.0,0.0,0.0,0.0,0.0,0.0
4. Phải thu theo tiến độ hợp đồng xây dựng,,,0.0,0.0,0.0,0.0,0.0,0.0,0.0,0.0,0.0,0.0,0.0,0.0,0.0,0.0,0.0,0.0,0.0,0.0,0.0,0.0,0.0,0.0,0.0,0.0,0.0,0.0,0.0,0.0,0.0,0.0,0.0,0.0,0.0,0.0,0.0,0.0,0.0,0.0,0.0,0.0,0.0,0.0,0.0,0.0,0.0,0.0,0.0,0.0,0.0,0.0,0.0
5. Phải thu về cho vay ngắn hạn,,,0.0,0.0,0.0,0.0,0.0,0.0,0.0,0.0,0.0,0.0,0.0,0.0,0.0,0.0,0.0,0.0,0.0,0.0,0.0,800000000.0,300000000.0,300000000.0,300000000.0,300000000.0,0.0,0.0,0.0,0.0,0.0,0.0,0.0,0.0,0.0,0.0,0.0,0.0,0.0,0.0,0.0,0.0,0.0,0.0,0.0,0.0,2000000000.0,0.0,355000000.0,355000000.0,355000000.0,120000000.0,0.0
6. Phải thu ngắn hạn khác,,,7641708215.0,3697999013.0,2331643760.0,6695030945.0,7512845184.0,3653561989.0,7296091221.0,4060755814.0,4905264757.0,4390608109.0,43179995992.0,4521348979.0,5136743473.0,24169250913.0,6462132472.0,17757869329.0,5103484747.0,4298027020.0,5272415238.0,9642273202.0,10489550269.0,10297300356.0,11388810301.0,12498478921.0,11195042256.0,10305965029.0,9623234845.0,8527276230.0,8904247797.0,27729943880.0,18409610799.0,14825345705.0,14611769656.0,17962782426.0,14572555847.0,11934581471.0,23718588114.0,16793110885.0,14852926316.0,13817923968.0,16587236536.0,10154699785.0,10598190890.0,8497298374.0,8440719393.0,38559651069.0,36224814321.0,58011665824.0,19105040856.0,14174448935.0,28815758653.0
7. Dự phòng phải thu ngắn hạn khó đòi,,,-1252611738.0,-1174774580.0,-1607544249.0,-1973859105.0,-1895253300.0,-2287947480.0,-2287947480.0,-2542874772.0,-3302589410.0,-3222858384.0,-2279962673.0,-3392835265.0,-2703525966.0,-4283567765.0,-9694063247.0,-10802942012.0,-9652410464.0,-10602690105.0,-15153715557.0,-14801045716.0,-13673692755.0,-13252132850.0,-13051039865.0,-11829327765.0,-10664044320.0,-10869854320.0,-17735726111.0,-17858976013.0,-17080633092.0,-17080633092.0,-17768527973.0,-17366568630.0,-18258971210.0,-18034560275.0,-20640751625.0,-20859811010.0,-21471442276.0,-21812507218.0,-25411484212.0,-25739374365.0,-25969557697.0,-32612684472.0,-37706001724.0,-37706001724.0,-37760368767.0,-31603927891.0,-26715972505.0,-26535726847.0,-26535726847.0,-29035726847.0,-38606124311.0
IV. Tổng hàng tồn kho,98168124893.0,91571392321.0,,94901109023.0,105080854418.0,145181713439.0,211791313663.0,128834912742.0,161581665709.0,161945018244.0,145355485958.0,125948043752.0,110184439457.0,116369644921.0,103347527688.0,83409002587.0,53965752607.0,65062981110.0,67209992999.0,67721750312.0,41261429159.0,69886156531.0,103976221479.0,134511954190.0,121090424074.0,213558413725.0,219506815600.0,124595040168.0,69553225228.0,72293404666.0,68475385546.0,85603501786.0,64121046030.0,83283343261.0,71309478782.0,71156731616.0,48210299897.0,53713209549.0,83375601696.0,89390886048.0,76805800353.0,90929264252.0,139441784356.0,127659690792.0,84006797535.0,99639559718.0,107043626300.0,80020886488.0,67668084242.0,107044740303.0,83690114194.0,51817500743.0,55378244800.0
1. Hàng tồn kho,,,,99744334811.0,110478009549.0,150571020170.0,217096950868.0,135760109131.0,168061814914.0,168573601468.0,153484208771.0,134076242388.0,125924206737.0,130443556054.0,116009296093.0,94873637045.0,63256461994.0,73137032514.0,75793911340.0,75344432339.0,50550923326.0,80233523093.0,114160330972.0,145741493331.0,134623301795.0,227039329874.0,232927494631.0,137978351826.0,85309205852.0,87982047121.0,81902539031.0,98785692821.0,79107359578.0,98257467455.0,83535379278.0,81842978230.0,61710726521.0,67146834841.0,96794920723.0,102796311470.0,91265678927.0,105324753018.0,153263911031.0,139466824098.0,95054373903.0,110679436146.0,118196581206.0,89776320208.0,77115969205.0,116483684426.0,93263443149.0,61785385793.0,65416025160.0
2. Dự phòng giảm giá hàng tồn kho,,,,-4843225788.0,-5397155131.0,-5389306731.0,-5305637205.0,-6925196389.0,-6480149205.0,-6628583224.0,-8128722813.0,-8128198636.0,-15739767280.0,-14073911133.0,-12661768405.0,-11464634458.0,-9290709387.0,-8074051404.0,-8583918341.0,-7622682027.0,-9289494167.0,-10347366562.0,-10184109493.0,-11229539141.0,-13532877721.0,-13480916149.0,-13420679031.0,-13383311658.0,-15755980624.0,-15688642455.0,-13427153485.0,-13182191035.0,-14986313548.0,-14974124194.0,-12225900496.0,-10686246614.0,-13500426624.0,-13433625292.0,-13419319027.0,-13405425422.0,-14459878574.0,-14395488766.0,-13822126675.0,-11807133306.0,-11047576368.0,-11039876428.0,-11152954906.0,-9755433720.0,-9447884963.0,-9438944123.0,-9573328955.0,-9967885050.0,-10037780360.0
V. Tài sản ngắn hạn khác,15549183857.0,19037511651.0,,14925723683.0,25305479504.0,37840787241.0,45583276998.0,38561760511.0,36330304134.0,27733099855.0,20904504523.0,24966831427.0,21748941430.0,17137609770.0,13988126926.0,18540516103.0,74553492471.0,76186197626.0,75525383431.0,72119144810.0,71787456718.0,67365563061.0,66348314753.0,66192263373.0,66436082671.0,76121340867.0,68629859495.0,21010928397.0,18749669107.0,19662362237.0,6813668737.0,9507813086.0,5094236435.0,8675871426.0,9313051805.0,7882448147.0,5750254205.0,9370169937.0,12268074208.0,13034464531.0,9861588716.0,12910772031.0,16558766727.0,14789167418.0,9583157768.0,13735397853.0,12443259944.0,6558716042.0,6091232737.0,6800306662.0,4848019205.0,2405604258.0,4408137168.0
1. Chi phí trả trước ngắn hạn,,,,2691066809.0,2828285011.0,2918677265.0,4624940124.0,4521024757.0,4323523987.0,4698211457.0,2583014492.0,3853482809.0,4247038459.0,4871723841.0,3400345302.0,5028151793.0,2844341471.0,3726425522.0,1936178050.0,3077472698.0,2334225011.0,2705269173.0,2433454228.0,3378063124.0,2341322361.0,3049057644.0,2405224205.0,3133591501.0,2364664472.0,2671876802.0,2564647495.0,4958391528.0,3207865865.0,4002650651.0,3915569797.0,4823285484.0,3025817570.0,4460125935.0,4021698578.0,5055380992.0,3405525511.0,4813815309.0,3977088166.0,4793651641.0,3641538929.0,5069113511.0,3485478353.0,4571508638.0,410479545.0,951367055.0,683662584.0,508507262.0,318711110.0
2. Thuế giá trị gia tăng được khấu trừ,,,,159912862.0,7199363886.0,6479503692.0,12459119145.0,6440015606.0,8696622964.0,7598854599.0,6139802168.0,5456747392.0,3862798150.0,3401335895.0,3735686706.0,2875688907.0,2416649714.0,4207286710.0,4287728757.0,3822354057.0,3851254382.0,6859302218.0,6539964324.0,5020268220.0,5862078404.0,9084428844.0,6512595154.0,4902332785.0,3403220795.0,4013654955.0,3966710809.0,4517560387.0,1648495148.0,4371012340.0,4663028748.0,3026834483.0,2720478866.0,4763016691.0,8122770185.0,7979083539.0,6456063205.0,8096956722.0,12577189601.0,9654730573.0,5897080838.0,8575727288.0,8957781591.0,1896210166.0,2535330671.0,5757942369.0,4164356621.0,1897096996.0,4089426058.0
3. Thuế và các khoản phải thu Nhà nước,,,,43149153.0,0.0,680998.0,8360879.0,12016278.0,34739942.0,31861171.0,31861171.0,31745670.0,1325722601.0,88227572.0,708839404.0,684340471.0,607329897.0,612515535.0,633342907.0,681887061.0,700049892.0,707398641.0,281303172.0,700339000.0,1139088877.0,6894261350.0,2618447107.0,31861171.0,38640900.0,33687540.0,282310433.0,31861171.0,237875422.0,302208435.0,734453260.0,32328180.0,3957769.0,147027311.0,123605445.0,0.0,0.0,0.0,4488960.0,340785204.0,44538001.0,90557054.0,0.0,90997238.0,3145422521.0,90997238.0,0.0,0.0,0.0
4. Giao dịch mua bán lại trái phiếu chính phủ,,,,0.0,0.0,0.0,0.0,0.0,0.0,0.0,0.0,0.0,0.0,0.0,0.0,0.0,0.0,0.0,0.0,0.0,0.0,0.0,0.0,0.0,0.0,0.0,0.0,0.0,0.0,0.0,0.0,0.0,0.0,0.0,0.0,0.0,0.0,0.0,0.0,0.0,0.0,0.0,0.0,0.0,0.0,0.0,0.0,0.0,0.0,0.0,0.0,0.0,0.0
5. Tài sản ngắn hạn khác,,,,12031594859.0,15277830607.0,28441925286.0,28490856850.0,27588703870.0,23275417241.0,15404172628.0,12149826692.0,15624855556.0,12313382220.0,8776322462.0,6143255514.0,9952334932.0,68685171389.0,67639969859.0,68668133717.0,64537430994.0,64901927433.0,57093593029.0,57093593029.0,57093593029.0,57093593029.0,57093593029.0,57093593029.0,12943142940.0,12943142940.0,12943142940.0,0.0,0.0,0.0,0.0,0.0,0.0,0.0,0.0,0.0,0.0,0.0,0.0,0.0,0.0,0.0,0.0,0.0,0.0,0.0,0.0,0.0,0.0,0.0
B. Tài sản cố định và đầu tư dài hạn,23301233855.0,87209347868.0,,96744338740.0,205811252324.0,245413894262.0,297938010398.0,341608665825.0,337520864569.0,326279801614.0,324572728427.0,316465612081.0,262751641822.0,254424325586.0,249835094533.0,240707204400.0,105625055520.0,98255690110.0,96432027856.0,93712084360.0,92314484586.0,91797162213.0,89772644063.0,87579262953.0,87056014197.0,87021630903.0,91351391885.0,92653239760.0,91003510466.0,107404999438.0,110468312364.0,93714425063.0,97117729019.0,98904492966.0,97095460821.0,96374735978.0,95560800564.0,105734790048.0,94936790049.0,94461554375.0,94502370911.0,91785445508.0,97122035082.0,103655556521.0,93734572410.0,94849756355.0,91134921143.0,88942448740.0,70275502150.0,78441772515.0,159149805023.0,161246883863.0,165928318049.0
I. Các khoản phải thu dài hạn,632591635.0,430921330.0,,0.0,0.0,1201924941.0,194261009.0,331724974.0,530647095.0,522067095.0,0.0,545402675.0,0.0,534914750.0,0.0,600237050.0,0.0,597959556.0,0.0,606398861.0,597983861.0,2328357375.0,2359721207.0,2385098858.0,2395217970.0,2909515754.0,2826087344.0,3030767594.0,3090965244.0,20803711205.0,21069464474.0,4631921503.0,4921583003.0,5114722803.0,5569755300.0,5736716000.0,5783016000.0,5856016000.0,5856016000.0,5832016000.0,5866619695.0,5862319695.0,5829069695.0,5829069695.0,5827118000.0,5827358000.0,5881858000.0,5836308000.0,16000000.0,46440000.0,35440000.0,35440000.0,1333676000.0
1. Phải thu dài hạn của khách hàng,,,,0.0,0.0,155498489.0,0.0,0.0,0.0,0.0,0.0,0.0,0.0,0.0,0.0,0.0,0.0,0.0,0.0,0.0,0.0,0.0,0.0,0.0,0.0,0.0,0.0,0.0,0.0,0.0,0.0,0.0,0.0,0.0,0.0,0.0,0.0,0.0,0.0,0.0,0.0,0.0,0.0,0.0,0.0,0.0,0.0,0.0,0.0,0.0,0.0,0.0,0.0
2. Vốn kinh doanh tại các đơn vị trực thuộc,,,,0.0,0.0,0.0,0.0,0.0,0.0,0.0,0.0,0.0,0.0,0.0,0.0,0.0,0.0,0.0,0.0,0.0,0.0,0.0,0.0,0.0,0.0,0.0,0.0,0.0,0.0,0.0,0.0,0.0,0.0,0.0,0.0,0.0,0.0,0.0,0.0,0.0,0.0,0.0,0.0,0.0,0.0,0.0,0.0,0.0,0.0,0.0,0.0,0.0,0.0
3. Phải thu dài hạn nội bộ,,,,0.0,0.0,0.0,0.0,0.0,0.0,0.0,0.0,0.0,0.0,0.0,0.0,0.0,0.0,0.0,0.0,0.0,0.0,0.0,0.0,0.0,0.0,0.0,0.0,0.0,0.0,0.0,0.0,0.0,0.0,0.0,0.0,0.0,0.0,0.0,0.0,0.0,0.0,0.0,0.0,0.0,0.0,0.0,0.0,0.0,0.0,0.0,0.0,0.0,0.0
4. Phải thu về cho vay dài hạn,,,,0.0,0.0,0.0,0.0,0.0,0.0,0.0,0.0,0.0,0.0,0.0,0.0,0.0,0.0,0.0,0.0,0.0,0.0,1098957000.0,1098957000.0,0.0,0.0,0.0,0.0,0.0,0.0,0.0,0.0,0.0,0.0,0.0,0.0,0.0,0.0,0.0,0.0,0.0,0.0,0.0,0.0,0.0,0.0,0.0,0.0,0.0,0.0,0.0,0.0,0.0,60000000.0
5. Phải thu dài hạn khác,,,,0.0,0.0,1046426452.0,194261009.0,331724974.0,530647095.0,522067095.0,0.0,545402675.0,0.0,534914750.0,0.0,600237050.0,0.0,597959556.0,0.0,606398861.0,597983861.0,2328357375.0,2359721207.0,2385098858.0,2395217970.0,2909515754.0,3031897344.0,3030767594.0,3296775244.0,21009521205.0,21275274474.0,4837731503.0,5127393003.0,5320532803.0,5775565300.0,5942526000.0,5988826000.0,5856016000.0,5856016000.0,5832016000.0,5866619695.0,5862319695.0,5829069695.0,5829069695.0,5827118000.0,5827358000.0,5881858000.0,5836308000.0,16000000.0,46440000.0,35440000.0,35440000.0,1273676000.0
6. Dự phòng phải thu dài hạn khó đòi,,,,0.0,0.0,0.0,0.0,0.0,0.0,0.0,0.0,0.0,0.0,0.0,0.0,0.0,0.0,0.0,0.0,0.0,0.0,-1098957000.0,-1098957000.0,0.0,0.0,0.0,-205810000.0,0.0,-205810000.0,-205810000.0,-205810000.0,-205810000.0,-205810000.0,-205810000.0,-205810000.0,-205810000.0,-205810000.0,0.0,0.0,0.0,0.0,0.0,0.0,0.0,0.0,0.0,0.0,0.0,0.0,0.0,0.0,0.0,0.0
II. Tài sản cố định,,7548974522.0,,11524633289.0,68176039327.0,118491732293.0,125094427519.0,179481360516.0,222881034609.0,219103607904.0,217219355623.0,212435717148.0,211260986520.0,207715328553.0,214917202553.0,212799923683.0,86975945684.0,85458173762.0,84034715713.0,82392832427.0,81815750075.0,81492237032.0,80130901051.0,78691294879.0,78293628513.0,76889282240.0,80811160806.0,79320492119.0,77879416976.0,76576718663.0,75090497580.0,74149420591.0,73643365068.0,71714314291.0,70279329671.0,68853711792.0,67388241636.0,65924417463.0,64956589259.0,63901795310.0,63797209028.0,62737642827.0,61607617775.0,68087377369.0,59295501937.0,59566078892.0,58469448240.0,57420828302.0,62407233652.0,70501250964.0,71555462503.0,71156646056.0,72302681719.0
1. Tài sản cố định hữu hình,4871037197.0,7117170175.0,,11190194231.0,9951503714.0,55308417605.0,62345042865.0,100551611647.0,155897923382.0,152925441770.0,150675575827.0,146709935900.0,145665061117.0,142485881850.0,139300312967.0,137528309507.0,55176575756.0,53932127891.0,52812563251.0,51474573374.0,51189162197.0,50987879005.0,49917936432.0,48769723668.0,48663450710.0,47503229155.0,51735598094.0,50554422423.0,49420845638.0,48423098249.0,47241828090.0,46571584525.0,46373323053.0,44752066327.0,43624875758.0,42474931930.0,41326015825.0,40166014370.0,39495643252.0,38703403889.0,38270952181.0,37540599722.0,36739788412.0,43509622974.0,42748151907.0,43217136824.0,42286863047.0,41478146233.0,46697867208.0,54829094520.0,56140323559.0,55089650527.0,56397387988.0
Nguyên giá,,,,22076974067.0,23670162620.0,70574148003.0,77845058907.0,117347528644.0,176573146233.0,176237678284.0,177828621934.0,176859620286.0,175958531010.0,169791088416.0,165823296715.0,164277608844.0,72054493508.0,72099421183.0,72334932181.0,70530079141.0,69406625777.0,70129392255.0,70216764982.0,70216764982.0,71259246800.0,71259246800.0,76973007888.0,76798043556.0,76842579920.0,76310539225.0,76310539225.0,76837348465.0,75350219475.0,74859955690.0,74916325690.0,74947430880.0,74980687242.0,74587778483.0,74816642289.0,74816642289.0,75175079376.0,75255769376.0,75193737168.0,82843899278.0,82284570754.0,83197771236.0,83120931236.0,83120931236.0,88998709364.0,98108771764.0,100545873092.0,100639072873.0,107578106084.0
Giá trị hao mòn lũy kế,,,,-10886779836.0,-13718658906.0,-15265730398.0,-15500016042.0,-16795916997.0,-20675222851.0,-23312236514.0,-27153046107.0,-30149684386.0,-30293469893.0,-27305206566.0,-26522983748.0,-26749299337.0,-16877917752.0,-18167293292.0,-19522368930.0,-19055505767.0,-18217463580.0,-19141513250.0,-20298828550.0,-21447041314.0,-22595796090.0,-23756017645.0,-25237409794.0,-26243621133.0,-27421734282.0,-27887440976.0,-29068711135.0,-30265763940.0,-28976896422.0,-30107889363.0,-31291449932.0,-32472498950.0,-33654671417.0,-34421764113.0,-35320999037.0,-36113238400.0,-36904127195.0,-37715169654.0,-38453948756.0,-39334276304.0,-39536418847.0,-39980634412.0,-40834068189.0,-41642785003.0,-42300842156.0,-43279677244.0,-44405549533.0,-45549422346.0,-51180718096.0
2. Tài sản cố định thuê tài chính,0.0,0.0,,0.0,0.0,0.0,0.0,0.0,0.0,0.0,0.0,0.0,0.0,0.0,0.0,0.0,0.0,0.0,0.0,0.0,0.0,0.0,0.0,0.0,0.0,0.0,0.0,0.0,0.0,0.0,0.0,0.0,0.0,0.0,0.0,0.0,0.0,0.0,0.0,0.0,0.0,0.0,0.0,0.0,0.0,0.0,0.0,0.0,0.0,0.0,0.0,0.0,0.0
Nguyên giá,0.0,0.0,,0.0,0.0,0.0,0.0,0.0,0.0,0.0,0.0,0.0,0.0,0.0,0.0,0.0,0.0,0.0,0.0,0.0,0.0,0.0,0.0,0.0,0.0,0.0,0.0,0.0,0.0,0.0,0.0,0.0,0.0,0.0,0.0,0.0,0.0,0.0,0.0,0.0,0.0,0.0,0.0,0.0,0.0,0.0,0.0,0.0,0.0,0.0,0.0,0.0,0.0
Giá trị hao mòn lũy kế,0.0,0.0,,0.0,0.0,0.0,0.0,0.0,0.0,0.0,0.0,0.0,0.0,0.0,0.0,0.0,0.0,0.0,0.0,0.0,0.0,0.0,0.0,0.0,0.0,0.0,0.0,0.0,0.0,0.0,0.0,0.0,0.0,0.0,0.0,0.0,0.0,0.0,0.0,0.0,0.0,0.0,0.0,0.0,0.0,0.0,0.0,0.0,0.0,0.0,0.0,0.0,0.0
3. Tài sản cố định vô hình,20491061.0,431804347.0,,334439058.0,58224535613.0,63183314688.0,62749384654.0,78929748869.0,66983111227.0,66178166134.0,66543779796.0,65725781248.0,65595925403.0,65229446703.0,75616889586.0,75271614176.0,31799369928.0,31526045871.0,31222152462.0,30918259053.0,30626587878.0,30504358027.0,30212964619.0,29921571211.0,29630177803.0,29386053085.0,29075562712.0,28766069696.0,28458571338.0,28153620414.0,27848669490.0,27577836066.0,27270042015.0,26962247964.0,26654453913.0,26378779862.0,26062225811.0,25758403093.0,25460946007.0,25198391421.0,25526256847.0,25197043105.0,24867829363.0,24577754395.0,16547350030.0,16348942068.0,16182585193.0,15942682069.0,15709366444.0,15672156444.0,15415138944.0,16066995529.0,15905293731.0
Nguyên giá,,,,606975850.0,58840140825.0,64764718603.0,64564718603.0,81280568603.0,70458496781.0,70458496781.0,72199163448.0,72052881339.0,72252881339.0,71966888968.0,83109388968.0,82945292968.0,35943615525.0,35974184876.0,35974184876.0,35974184876.0,35974184876.0,36143348433.0,36143348433.0,36143348433.0,36143348433.0,36203348433.0,36203348433.0,36203348433.0,36203348433.0,36203348433.0,36203348433.0,36237465933.0,36056896582.0,36056896582.0,36056896582.0,36091936582.0,36091936582.0,36051935639.0,36051935639.0,36086825639.0,36722708703.0,36722708703.0,36722708703.0,36533070146.0,25260570146.0,25298990146.0,25375830146.0,25375830146.0,25375830146.0,25590637646.0,25590637646.0,26529197466.0,30753204466.0
Giá trị hao mòn lũy kế,,,,-272536792.0,-615605212.0,-1581403915.0,-1815333949.0,-2350819734.0,-3475385554.0,-4280330647.0,-5655383652.0,-6327100091.0,-6656955936.0,-6737442265.0,-7492499382.0,-7673678792.0,-4144245597.0,-4448139005.0,-4752032414.0,-5055925823.0,-5347596998.0,-5638990406.0,-5930383814.0,-6221777222.0,-6513170630.0,-6817295348.0,-7127785721.0,-7437278737.0,-7744777095.0,-8049728019.0,-8354678943.0,-8659629867.0,-8786854567.0,-9094648618.0,-9402442669.0,-9713156720.0,-10029710771.0,-10293532546.0,-10590989632.0,-10888434218.0,-11196451856.0,-11525665598.0,-11854879340.0,-11955315751.0,-8713220116.0,-8950048078.0,-9193244953.0,-9433148077.0,-9666463702.0,-9918481202.0,-10175498702.0,-10462201937.0,-14847910735.0
III. Bất động sản đầu tư,11058489451.0,32075676047.0,,26804969858.0,21234353401.0,18111480582.0,16598404794.0,15505224590.0,13930799252.0,12745484566.0,12529095167.0,10843969787.0,9232221064.0,7652128709.0,5956190703.0,4597578187.0,3385063089.0,2347505211.0,1827364275.0,1628251461.0,1475863078.0,1355035339.0,1270754989.0,1195691577.0,1233056183.0,1083642550.0,945483594.0,4976893209.0,4908562648.0,5182661286.0,9350094977.0,10704381521.0,11545063591.0,15109896264.0,15429560788.0,16234168360.0,16523836074.0,18047465518.0,18214478699.0,19308653973.0,19138871118.0,18744637135.0,18112918417.0,18028936731.0,17880712625.0,17343867100.0,16539111271.0,16331882639.0,0.0,0.0,0.0,0.0,0.0
Nguyên giá,,,,36928117914.0,37583618667.0,37610721533.0,37676160236.0,38179543108.0,38186735835.0,38617620059.0,39923706153.0,39923706153.0,39999680784.0,40104110414.0,40101109434.0,40149109434.0,40035407440.0,40076361984.0,40082180166.0,40099680166.0,40069123405.0,40115305224.0,40130893963.0,39983679155.0,40203494615.0,40130433807.0,40160388352.0,44413140972.0,44620504607.0,45178234168.0,49186990769.0,50040288392.0,50540326530.0,54615378072.0,54928614872.0,56165964464.0,56268320743.0,58421813471.0,59278191653.0,60945760698.0,60922228800.0,61057581400.0,61177877707.0,61645224450.0,62032214938.0,62293490802.0,61995371535.0,62344621309.0,0.0,0.0,0.0,0.0,0.0
Giá trị hao mòn lũy kế,,,,-10123148056.0,-16349265266.0,-19499240951.0,-21077755442.0,-22674318518.0,-24255936583.0,-25872135493.0,-27394610986.0,-29079736366.0,-30767459720.0,-32451981705.0,-34144918731.0,-35551531247.0,-36650344351.0,-37728856773.0,-38254815891.0,-38471428705.0,-38593260327.0,-38760269885.0,-38860138974.0,-38787987578.0,-38970438432.0,-39046791257.0,-39214904758.0,-39436247763.0,-39711941959.0,-39995572882.0,-39836895792.0,-39335906871.0,-38995262939.0,-39505481808.0,-39499054084.0,-39931796104.0,-39744484669.0,-40374347953.0,-41063712954.0,-41637106725.0,-41783357682.0,-42312944265.0,-43064959290.0,-43616287719.0,-44151502313.0,-44949623702.0,-45456260264.0,-46012738670.0,0.0,0.0,0.0,0.0,0.0
IV. Tài sản dở dang dài hạn,,0.0,,531283748.0,43595291712.0,29631477864.0,73775181181.0,58756820384.0,1337774247.0,2041390995.0,946934980.0,194958262.0,118069005.0,118069005.0,0.0,0.0,0.0,0.0,0.0,0.0,0.0,0.0,0.0,0.0,0.0,1209615995.0,2052083313.0,0.0,0.0,24151325.0,595156822.0,150251232.0,403378242.0,491833848.0,113180990.0,222665000.0,0.0,204038682.0,333602648.0,278270682.0,67250000.0,0.0,25000000.0,328598902.0,42159910.0,375586910.0,375586910.0,0.0,510518000.0,607223400.0,750777000.0,750777000.0,646638000.0
"1. Chi phí sản xuất, kinh doanh dở dang dài hạn",,0.0,,,,,,,,,,,,,0.0,0.0,0.0,0.0,0.0,0.0,0.0,0.0,0.0,0.0,0.0,0.0,0.0,0.0,0.0,0.0,0.0,0.0,0.0,0.0,0.0,0.0,0.0,0.0,0.0,0.0,0.0,0.0,0.0,0.0,0.0,0.0,0.0,0.0,0.0,0.0,0.0,0.0,0.0
2. chi phí xây dựng cơ bản dở dang,,0.0,,,,,,,,,,,,,0.0,0.0,0.0,0.0,0.0,0.0,0.0,0.0,0.0,0.0,0.0,1209615995.0,2052083313.0,0.0,0.0,24151325.0,595156822.0,150251232.0,403378242.0,491833848.0,113180990.0,222665000.0,0.0,204038682.0,333602648.0,278270682.0,67250000.0,0.0,25000000.0,328598902.0,42159910.0,375586910.0,375586910.0,0.0,510518000.0,607223400.0,750777000.0,750777000.0,646638000.0
V. Các khoản đầu tư tài chính dài hạn,2583789817.0,41635974598.0,,50784512027.0,60415265131.0,62399042572.0,64318755651.0,63155632906.0,63557111558.0,57673656467.0,59760945906.0,60441554701.0,9806852327.0,7657886108.0,8585306538.0,6808296558.0,3725315247.0,1105402517.0,1105402517.0,1105402517.0,759892517.0,1008726594.0,510785662.0,153304979.0,85000000.0,0.0,0.0,425000000.0,425000000.0,425000000.0,425000000.0,425000000.0,425000000.0,425000000.0,425000000.0,425000000.0,0.0,10000000000.0,0.0,0.0,0.0,0.0,7367100000.0,7367100000.0,7367100000.0,7367100000.0,5625100000.0,5625100000.0,4320100000.0,4320100000.0,84144209304.0,86872131844.0,6894654947.0
1. Đầu tư vào công ty con,,,,0.0,0.0,0.0,0.0,0.0,0.0,0.0,0.0,0.0,0.0,0.0,0.0,0.0,0.0,0.0,0.0,0.0,0.0,0.0,0.0,0.0,0.0,0.0,0.0,0.0,0.0,0.0,0.0,0.0,0.0,0.0,0.0,0.0,0.0,0.0,0.0,0.0,0.0,0.0,0.0,0.0,0.0,0.0,0.0,0.0,0.0,0.0,0.0,0.0,0.0
"2. Đầu tư vào công ty liên kết, liên doanh",,,,43744151700.0,51858917667.0,41328311474.0,46685600353.0,46433312535.0,47902167460.0,49849943419.0,51263241129.0,54085987098.0,3772353719.0,4230000000.0,3266154980.0,4230000000.0,3934038294.0,1486331355.0,1486331355.0,1486331355.0,1486331355.0,0.0,0.0,0.0,0.0,0.0,0.0,0.0,0.0,0.0,0.0,0.0,0.0,0.0,0.0,0.0,0.0,0.0,0.0,0.0,0.0,0.0,0.0,0.0,0.0,0.0,0.0,0.0,0.0,0.0,79824109304.0,84552031844.0,4805554947.0
3. Đầu tư khác vào công cụ vốn,,,,7040360327.0,9356347464.0,21991731098.0,18554155298.0,20422320371.0,19354944098.0,11523713048.0,11474173073.0,11084921595.0,7715498608.0,7247886108.0,7119151558.0,6517296558.0,6008160308.0,5835954517.0,5835954517.0,5835954517.0,5490444517.0,3631595000.0,1831595000.0,0.0,0.0,0.0,0.0,0.0,0.0,0.0,0.0,0.0,0.0,0.0,0.0,0.0,0.0,0.0,0.0,0.0,0.0,0.0,7367100000.0,7367100000.0,7367100000.0,7367100000.0,7367100000.0,7367100000.0,7367100000.0,7367100000.0,7367100000.0,7367100000.0,7367100000.0
4. Dự phòng giảm giá đầu tư tài chính dài hạn,,,,0.0,-800000000.0,-921000000.0,-921000000.0,-3700000000.0,-3700000000.0,-3700000000.0,-2976468296.0,-4729353992.0,-1681000000.0,-3820000000.0,-1800000000.0,-3939000000.0,-6216883355.0,-6216883355.0,-6216883355.0,-6216883355.0,-6216883355.0,-3631595000.0,-1831595000.0,0.0,0.0,0.0,0.0,0.0,0.0,0.0,0.0,0.0,0.0,0.0,0.0,0.0,0.0,0.0,0.0,0.0,0.0,0.0,0.0,0.0,0.0,0.0,-1742000000.0,-1742000000.0,-3047000000.0,-3047000000.0,-3047000000.0,-5047000000.0,-5278000000.0
5. Đầu tư nắm giữ đến ngày đáo hạn,,,,0.0,0.0,0.0,0.0,0.0,0.0,0.0,0.0,0.0,0.0,0.0,0.0,0.0,0.0,0.0,0.0,0.0,0.0,1008726594.0,510785662.0,153304979.0,85000000.0,0.0,0.0,425000000.0,425000000.0,425000000.0,425000000.0,425000000.0,425000000.0,425000000.0,425000000.0,425000000.0,0.0,10000000000.0,0.0,0.0,0.0,0.0,0.0,0.0,0.0,0.0,0.0,0.0,0.0,0.0,0.0,0.0,0.0
VI. Tổng tài sản dài hạn khác,4134834694.0,5517801371.0,,7098939818.0,12390302753.0,12287833281.0,14750946814.0,21256238325.0,32246202981.0,31240669060.0,31247840525.0,29214412125.0,29633695279.0,28130550134.0,17845315712.0,13454459195.0,9176391073.0,6468677937.0,7270943524.0,5869966567.0,5640131828.0,3672311946.0,3644356527.0,3382117333.0,3361725504.0,3326557637.0,3197929401.0,3465808711.0,3349656771.0,3127217432.0,2756928284.0,2556649289.0,5166907488.0,5120663433.0,4434941045.0,4143151099.0,5190752427.0,5112267258.0,5069887616.0,4718971883.0,5294943843.0,4187737924.0,4011590568.0,3930104497.0,3321979938.0,4369765453.0,4243816722.0,3728329799.0,3021650498.0,2966758151.0,2663916216.0,2431888963.0,3895156185.0
1. Chi phí trả trước dài hạn,,,,1802528653.0,4093059081.0,6039717627.0,9665800928.0,15288110459.0,26281784967.0,25027128486.0,24406417972.0,22995464958.0,22262848302.0,21915386061.0,10500592139.0,10188038516.0,4421024470.0,3635851066.0,3800152829.0,3405857649.0,3208743667.0,2982657916.0,3039920135.0,2785271762.0,2780630600.0,2784796989.0,2688081299.0,2962861356.0,2847085330.0,2631546738.0,2292974336.0,2099596088.0,4703908200.0,4327353522.0,3986527000.0,3701637800.0,4766108293.0,4694523870.0,4700206975.0,4356191988.0,4474742435.0,3832224147.0,3662977538.0,3588392213.0,2984059326.0,4038745587.0,3919697605.0,3411111427.0,2335957032.0,2287965429.0,2454702743.0,2229576234.0,3690786999.0
2. Tài sản Thuế thu nhập hoãn lại,,,,126691411.0,885199578.0,1116986599.0,517245284.0,1025362241.0,1474876368.0,1727994128.0,1748437802.0,1679320812.0,1737138863.0,1039512079.0,1761167155.0,968861736.0,1876461045.0,642011281.0,691281482.0,628829725.0,586487868.0,689654030.0,604436392.0,596845571.0,581094904.0,541760648.0,509848102.0,502947355.0,502571441.0,495670694.0,463953948.0,457053201.0,462999288.0,793309911.0,448414045.0,441513299.0,424644134.0,417743388.0,369680641.0,362779895.0,820201408.0,355513777.0,348613030.0,341712284.0,337920612.0,331019866.0,324119117.0,317218372.0,685693466.0,678792722.0,209213473.0,202312729.0,204369186.0
3. Tài sản dài hạn khác,,,,5169719754.0,7412044094.0,5131129055.0,4567900602.0,4942765625.0,4489541646.0,4485546446.0,5092984751.0,4539626355.0,5633708114.0,5175651994.0,5583556418.0,2297558943.0,2878905558.0,2190815590.0,2779509213.0,1835279193.0,1844900293.0,0.0,0.0,0.0,0.0,0.0,0.0,0.0,0.0,0.0,0.0,0.0,0.0,0.0,0.0,0.0,0.0,0.0,0.0,0.0,0.0,0.0,0.0,0.0,0.0,0.0,0.0,0.0,0.0,0.0,0.0,0.0,0.0
VII. Lợi thế thương mại,,0.0,,0.0,0.0,3290402729.0,3206033430.0,3121664130.0,3037294827.0,2952925527.0,2868556226.0,2789597383.0,2699817627.0,2615448327.0,2531079027.0,2446709727.0,2362340427.0,2277971127.0,2193601827.0,2109232527.0,2024863227.0,1940493927.0,1856124627.0,1771755327.0,1687386027.0,1603016727.0,1518647427.0,1434278127.0,1349908827.0,1265539527.0,1181170227.0,1096800927.0,1012431627.0,928062327.0,843693027.0,759323727.0,674954427.0,590585127.0,506215827.0,421846527.0,337477227.0,253107927.0,168738627.0,84369327.0,0.0,0.0,0.0,0.0,0.0,0.0,0.0,0.0,80855511198.0
TỔNG CỘNG TÀI SẢN,281728124569.0,366058559105.0,406562494642.0,503301407770.0,611894639427.0,645743551730.0,763789165011.0,762707450960.0,744951564558.0,708572624054.0,678316958270.0,669973133438.0,629439492675.0,621828148898.0,580389833318.0,581904717578.0,461160191467.0,447525998007.0,428944434366.0,441597039110.0,466039937156.0,462422732936.0,529598322717.0,644930833521.0,593375791195.0,626174050717.0,703893566058.0,793179741154.0,569331113177.0,532821197718.0,528332777261.0,524479639073.0,502703535608.0,509457952550.0,474770256320.0,500466645971.0,464934775057.0,442188624106.0,510268163646.0,511937250727.0,504928587090.0,533446154119.0,567205682056.0,605679091241.0,593400689966.0,552998869611.0,529198305220.0,604504607325.0,627258211128.0,590513143130.0,638708316997.0,672747826834.0,654571151318.0
NGUỒN VỐN,,,,,,,,,,,,,,,,,,,,,,,,,,,,,,,,,,,,0.0,,,,,,,,,,,,,,,,,
A. Nợ phải trả,170044294383.0,173443726153.0,209312905866.0,257513398297.0,300965662476.0,320181564190.0,428534667397.0,383285756875.0,365170430388.0,358181172377.0,339130471675.0,339096903694.0,281780577360.0,284961809213.0,260398661636.0,264877001588.0,210645375314.0,200867142815.0,188970070020.0,186724321665.0,220455579211.0,228137154996.0,273838901286.0,360436629693.0,306927238417.0,347873204129.0,400116142737.0,443236049413.0,246660374644.0,204398615727.0,193688681289.0,196785399403.0,165793852515.0,167958931663.0,132636840960.0,161719968784.0,141163259932.0,117147048337.0,189045138723.0,202297669035.0,186128323751.0,216182606703.0,247472481143.0,280327369879.0,254057815212.0,212289652087.0,197855542793.0,265070154910.0,236650949533.0,202696691145.0,248625670302.0,270487965604.0,240684362783.0
I. Nợ ngắn hạn,158319393588.0,170826735149.0,205360398918.0,255761591534.0,238662228965.0,236052675375.0,324425355988.0,275333662059.0,260875678929.0,256314320926.0,274403491425.0,281410044547.0,220538836034.0,229038716692.0,212330525218.0,222073953582.0,160154113875.0,158475231774.0,154067002899.0,180670531016.0,210694340286.0,225715030500.0,269005128106.0,352480301459.0,299735955655.0,336211339309.0,387527216467.0,420290529483.0,206654844927.0,164558394329.0,159805243986.0,166595564709.0,135176709349.0,139950811717.0,107409930301.0,137304647416.0,127198867407.0,107264784073.0,179373666496.0,193517423157.0,178140579011.0,207201285619.0,238660089579.0,271724069490.0,242865126337.0,201230941067.0,188214804601.0,255747860442.0,227942213368.0,193734179133.0,240321506687.0,262377883575.0,230909645888.0
1. Vay và nợ thuê tài chính ngắn hạn,54767028482.0,,98482637690.0,101498596988.0,66850751780.0,61195980986.0,75972161887.0,58097224722.0,61592640400.0,63761607497.0,96803407871.0,99335543423.0,74343738124.0,63535976745.0,70367361487.0,96299951690.0,20612142812.0,19801814031.0,10260120557.0,13214101604.0,26117763844.0,29011644074.0,55835718134.0,92524621976.0,55291315968.0,54367024838.0,74018519784.0,75644946310.0,5516377797.0,1006026000.0,1006026000.0,1641853000.0,3178658000.0,2960994380.0,1557735000.0,13517068797.0,6927636000.0,25514101072.0,38155469629.0,45145262075.0,34849750265.0,65006456228.0,69619066875.0,92708818425.0,79040102901.0,73380611365.0,28756855487.0,42208135305.0,53745563665.0,37086007531.0,62353930622.0,60433796001.0,52241740477.0
2. Vay và nợ dài hạn đến hạn phải trả,0.0,,0.0,0.0,0.0,0.0,0.0,0.0,0.0,0.0,0.0,0.0,0.0,0.0,0.0,0.0,0.0,0.0,0.0,0.0,0.0,0.0,0.0,0.0,0.0,0.0,0.0,0.0,0.0,0.0,0.0,0.0,0.0,0.0,0.0,0.0,0.0,0.0,0.0,0.0,0.0,0.0,0.0,0.0,0.0,0.0,0.0,0.0,0.0,0.0,0.0,0.0,0.0
3. Phải trả người bán ngắn hạn,66937359411.0,,44869341606.0,77820641319.0,72710971042.0,78429114585.0,108183822045.0,109939202509.0,94888079877.0,79858718282.0,72281900499.0,75708925550.0,48528156858.0,62468889068.0,48907550497.0,40465167161.0,30848614688.0,34398883922.0,35777287064.0,32999331173.0,38510190578.0,51261084026.0,41218953093.0,93227832890.0,62648737570.0,100189979477.0,86119481504.0,139792663799.0,72047168280.0,61359326564.0,67474575270.0,64854657831.0,46901728620.0,50969181480.0,39531130436.0,46376932469.0,43604560787.0,37272329825.0,38258322678.0,47049455908.0,53492086628.0,28814225035.0,76996882618.0,61497194574.0,54020325422.0,38812184765.0,45020477979.0,32453308215.0,41706988844.0,88781825153.0,104892248441.0,117746348041.0,68437821172.0
4. Người mua trả tiền trước,12209301506.0,,24457512054.0,15644972731.0,18602692081.0,37781669742.0,86292916080.0,32846728105.0,41267284899.0,50221939339.0,45697303379.0,48854496385.0,25486730202.0,47618976263.0,36537183455.0,21052143576.0,9085439233.0,16440201516.0,12400092135.0,42201463383.0,26254387535.0,35396885794.0,48646426714.0,32277894474.0,41216291625.0,62363011667.0,47498617275.0,38321181140.0,8981137127.0,11754859662.0,20562287515.0,29746020291.0,23947911204.0,30676052627.0,25916060513.0,31418451583.0,7973545992.0,14714223726.0,56660322287.0,47216888465.0,34873762537.0,82231210581.0,35315030912.0,39894126480.0,22452017778.0,14479022882.0,53610296938.0,132423312980.0,75231315040.0,24149200735.0,15804531462.0,4414086486.0,12017579806.0
5. Thuế và các khoản phải nộp nhà nước,7501919983.0,,7082201105.0,20462234033.0,25534633648.0,21172967558.0,22678348200.0,32442195089.0,22012940503.0,19754524548.0,20448761134.0,14401604535.0,25423127858.0,7053136036.0,9287450618.0,7895238889.0,10072780483.0,4769843042.0,3370380423.0,5320995687.0,7840064746.0,3359750711.0,5729288244.0,13339863059.0,12323761120.0,3745752179.0,8234310420.0,28943736031.0,15425795556.0,5578251142.0,5412075406.0,6829105567.0,8120485953.0,4075058851.0,4347231539.0,9543009994.0,13749867040.0,2460598467.0,2020500156.0,4308704157.0,6708034044.0,2902164633.0,5080774240.0,5025487612.0,8536344029.0,4311459241.0,3169576098.0,3977010013.0,14896675553.0,2994269864.0,5174798830.0,5238325990.0,8313281471.0
6. Phải trả người lao động,2990680412.0,,208689354.0,6954591113.0,9695934191.0,522764331.0,1391240688.0,9209259623.0,1191347020.0,1132391889.0,571199753.0,863773379.0,2740296340.0,215111123.0,1291589405.0,660341267.0,3577530688.0,1477091664.0,1069953451.0,1298966968.0,8130887645.0,1420607636.0,4755000757.0,6409643091.0,16905312326.0,1124529092.0,3326810301.0,21662797315.0,15602411909.0,1621847700.0,3318799000.0,5850213667.0,9289918647.0,2329393368.0,3445074450.0,11788561715.0,12444574273.0,492745143.0,904938624.0,1967980040.0,5452047999.0,1060821285.0,1070315553.0,6188648281.0,12540712274.0,415618568.0,1701260929.0,5159664977.0,6779455622.0,987072750.0,3531894833.0,7780048758.0,5098287417.0
7. Chi phí phải trả ngắn hạn,498667051.0,,7513432006.0,5546290296.0,7401904253.0,9998831581.0,11974696790.0,7200122761.0,9657295899.0,9167408686.0,11829779359.0,14298422860.0,17958491375.0,18339219908.0,22851821204.0,24976326042.0,8284444129.0,7880626683.0,7866612056.0,9286272850.0,13164804776.0,11985077319.0,17252774231.0,22544555948.0,13744753189.0,18199355069.0,60706606648.0,37697572702.0,22296849398.0,25427715733.0,20150994641.0,25722021614.0,15083792329.0,20930491068.0,7685673191.0,7936053210.0,12897947792.0,7531153939.0,4208337932.0,9404162174.0,7882736300.0,4875174228.0,6398590388.0,9944236556.0,8139173617.0,5859075416.0,10166832442.0,5916539244.0,5221940661.0,1310294536.0,14017637739.0,37834839311.0,55805517388.0
8. Phải trả nội bộ ngắn hạn,0.0,,0.0,0.0,0.0,177655000.0,177655000.0,97630000.0,45486285.0,4931724.0,0.0,0.0,0.0,0.0,0.0,0.0,0.0,0.0,0.0,0.0,0.0,0.0,0.0,0.0,0.0,0.0,0.0,0.0,0.0,0.0,0.0,0.0,0.0,0.0,0.0,0.0,0.0,0.0,0.0,0.0,0.0,0.0,0.0,0.0,0.0,0.0,0.0,0.0,0.0,0.0,0.0,0.0,0.0
9. Phải trả theo tiến độ kế hoạch hợp đồng xây dựng,0.0,,0.0,0.0,0.0,0.0,0.0,0.0,0.0,0.0,0.0,0.0,0.0,0.0,0.0,0.0,0.0,0.0,0.0,0.0,0.0,0.0,0.0,0.0,0.0,0.0,0.0,0.0,0.0,0.0,0.0,0.0,0.0,0.0,0.0,0.0,0.0,0.0,0.0,0.0,0.0,0.0,0.0,0.0,0.0,0.0,0.0,0.0,0.0,0.0,0.0,0.0,0.0
10. Doanh thu chưa thực hiện ngắn hạn,0.0,,0.0,0.0,0.0,0.0,0.0,0.0,0.0,0.0,0.0,0.0,0.0,0.0,0.0,0.0,0.0,0.0,0.0,0.0,0.0,1103770710.0,6709587856.0,744303045.0,7259582661.0,1099699583.0,7317816742.0,1113797444.0,8892692249.0,2225658489.0,6283222917.0,810644834.0,7840949658.0,3445325129.0,2139378304.0,1240180634.0,7351174163.0,742535736.0,4263641673.0,1303641814.0,2536362337.0,970732266.0,3894823217.0,637235456.0,4228310314.0,1201282182.0,7065225206.0,938954804.0,477592970.0,464001819.0,382296486.0,281360201.0,156500000.0
11. Phải trả ngắn hạn khác,12184154994.0,,21283594776.0,20695071282.0,28670353804.0,18654804239.0,10795889250.0,12579425443.0,17170125202.0,23427985540.0,14028034347.0,19309020900.0,13927051229.0,21323154705.0,11574449511.0,22700818977.0,67952952822.0,66181810107.0,74109981968.0,69053097277.0,80785663707.0,83208515171.0,78934951047.0,78993818306.0,77356624529.0,79784218962.0,86177305675.0,49131666360.0,40945733539.0,38667431835.0,16857523036.0,12375073908.0,5096731781.0,6020058554.0,5501716135.0,1768652602.0,6800461228.0,6274357914.0,25261445257.0,27183600274.0,21516338063.0,11429585668.0,28659031379.0,37990468900.0,35876000268.0,44286644241.0,20171511994.0,12651276323.0,10713997279.0,18690221841.0,14700515917.0,8799392203.0,11358554292.0
12. Dự phòng phải trả ngắn hạn,687630509.0,,660972467.0,3534987388.0,5233385392.0,4624528856.0,3804395269.0,7185122742.0,8600866834.0,4973735874.0,8633803171.0,4101257265.0,6716229836.0,3216028040.0,6593760276.0,3685285330.0,5167952873.0,3684837709.0,4802291469.0,3062001018.0,5368840143.0,5390870440.0,6156019668.0,8380113763.0,8483040566.0,11101585051.0,10414400438.0,21801367245.0,12158348943.0,11942109075.0,13752283072.0,13566381363.0,11675309024.0,14392334532.0,13060095896.0,10078217905.0,11753710343.0,8521758519.0,6060968528.0,6505218518.0,7536092087.0,6702839184.0,8433497886.0,14699126695.0,13617203169.0,14081950926.0,14283716048.0,15927820100.0,14812194438.0,15039938275.0,15307115151.0,15851595942.0,13824932125.0
13. Quỹ khen thưởng phúc lợi,542651240.0,1575828687.0,802017860.0,3604206384.0,3961602774.0,3494358497.0,3154230779.0,5736751065.0,4449612010.0,4011077547.0,4109301912.0,4537000250.0,5415014212.0,5268224804.0,4919358765.0,4338680650.0,4552256147.0,3840123100.0,4410283776.0,4234301056.0,4521737312.0,3576824619.0,3766408362.0,4037654907.0,4506536101.0,4236183391.0,3713347680.0,6180801137.0,4788330129.0,4975168129.0,4987457129.0,5199592634.0,4041224133.0,4151921728.0,4225834837.0,3637518507.0,3695389789.0,3740979732.0,3579719732.0,3432509732.0,3293368751.0,3208076511.0,3192076511.0,3138726511.0,4414936565.0,4403091481.0,4269051480.0,4091838481.0,4356489296.0,4231346629.0,4156537206.0,3998090642.0,3655431740.0
14. Quỹ bình ổn giá,0.0,,0.0,0.0,0.0,0.0,0.0,0.0,0.0,0.0,0.0,0.0,0.0,0.0,0.0,0.0,0.0,0.0,0.0,0.0,0.0,0.0,0.0,0.0,0.0,0.0,0.0,0.0,0.0,0.0,0.0,0.0,0.0,0.0,0.0,0.0,0.0,0.0,0.0,0.0,0.0,0.0,0.0,0.0,0.0,0.0,0.0,0.0,0.0,0.0,0.0,0.0,0.0
15. Giao dịch mua bán lại trái phiếu chính phủ,0.0,,0.0,0.0,0.0,0.0,0.0,0.0,0.0,0.0,0.0,0.0,0.0,0.0,0.0,0.0,0.0,0.0,0.0,0.0,0.0,0.0,0.0,0.0,0.0,0.0,0.0,0.0,0.0,0.0,0.0,0.0,0.0,0.0,0.0,0.0,0.0,0.0,0.0,0.0,0.0,0.0,0.0,0.0,0.0,0.0,0.0,0.0,0.0,0.0,0.0,0.0,0.0
II. Nợ dài hạn,11724900795.0,2616991004.0,3952506948.0,1751806763.0,62303433511.0,84128888815.0,104109311409.0,107952094816.0,104294751459.0,101866851451.0,64726980250.0,57686859147.0,61241741326.0,55923092521.0,48068136418.0,42803048006.0,50491261439.0,42391911041.0,34903067121.0,6053790649.0,9761238925.0,2422124496.0,4833773180.0,7956328234.0,7191282762.0,11661864820.0,12588926270.0,22945519930.0,40005529717.0,39840221398.0,33883437303.0,30189834694.0,30617143166.0,28008119946.0,25226910659.0,24415321368.0,13964392525.0,9882264264.0,9671472227.0,8780245878.0,7987744740.0,8981321084.0,8812391564.0,8603300389.0,11192688875.0,11058711020.0,9640738192.0,9322294468.0,8708736165.0,8962512012.0,8304163615.0,8110082029.0,9774716895.0
1. Phải trả người bán dài hạn,959881606.0,,0.0,0.0,0.0,0.0,0.0,0.0,0.0,0.0,0.0,0.0,0.0,0.0,0.0,0.0,0.0,0.0,0.0,0.0,0.0,0.0,0.0,0.0,0.0,0.0,0.0,0.0,0.0,0.0,0.0,0.0,0.0,0.0,0.0,0.0,0.0,0.0,0.0,0.0,0.0,0.0,0.0,0.0,0.0,0.0,0.0,0.0,0.0,0.0,0.0,0.0,0.0
2. Chi phí phải trả dài hạn,0.0,,0.0,0.0,0.0,0.0,0.0,0.0,0.0,0.0,0.0,0.0,0.0,0.0,0.0,0.0,0.0,0.0,0.0,0.0,0.0,0.0,321763697.0,321763697.0,292023697.0,284818697.0,277953697.0,277953697.0,122055400.0,119360400.0,119360400.0,116810400.0,104805400.0,104805400.0,104805400.0,0.0,247923886.0,247923886.0,164520902.0,177761219.0,137691219.0,163476147.0,152774798.0,0.0,0.0,0.0,0.0,0.0,0.0,0.0,0.0,0.0,0.0
3. Phải trả nội bộ về vốn kinh doanh,0.0,,0.0,0.0,0.0,0.0,0.0,0.0,0.0,0.0,0.0,0.0,0.0,0.0,0.0,0.0,0.0,0.0,0.0,0.0,0.0,0.0,0.0,0.0,0.0,0.0,0.0,0.0,0.0,0.0,0.0,0.0,0.0,0.0,0.0,0.0,0.0,0.0,0.0,0.0,0.0,0.0,0.0,0.0,0.0,0.0,0.0,0.0,0.0,0.0,0.0,0.0,0.0
4. Phải trả nội bộ dài hạn,0.0,,0.0,0.0,0.0,0.0,0.0,0.0,0.0,0.0,0.0,0.0,0.0,0.0,0.0,0.0,0.0,0.0,0.0,0.0,0.0,0.0,0.0,0.0,0.0,0.0,0.0,0.0,0.0,0.0,0.0,0.0,0.0,0.0,0.0,0.0,0.0,0.0,0.0,0.0,0.0,0.0,0.0,0.0,0.0,0.0,0.0,0.0,0.0,0.0,0.0,0.0,0.0
5. Phải trả dài hạn khác,10633331996.0,,972738200.0,972738200.0,972738200.0,972738200.0,972738200.0,1228632200.0,972738200.0,1074938200.0,1159905985.0,1159905985.0,1601595008.0,1686562793.0,1584362793.0,1584362793.0,1465815200.0,1465815200.0,1465815200.0,1465815200.0,1465815200.0,1487901770.0,1605015200.0,1134024770.0,1111938200.0,1111938200.0,1111938200.0,139200000.0,139200000.0,267161956.0,267161956.0,353554776.0,322008526.0,322008526.0,509262076.0,509262076.0,326453550.0,530772750.0,343519200.0,343519200.0,343519200.0,343519200.0,416057190.0,326453550.0,326453550.0,326453550.0,139200000.0,905293950.0,868717950.0,924717950.0,924717950.0,924717950.0,924717950.0
6. Vay và nợ thuê tài chính dài hạn,0.0,,2370000000.0,366976000.0,52848099585.0,79344422179.0,96504695674.0,100019975008.0,92098903807.0,92098903807.0,52411095834.0,51905012834.0,49155012834.0,49155012834.0,36655012834.0,36655012834.0,33000000000.0,30000000000.0,23500000000.0,0.0,0.0,0.0,0.0,0.0,0.0,0.0,0.0,0.0,0.0,0.0,0.0,0.0,0.0,0.0,0.0,0.0,0.0,0.0,0.0,0.0,0.0,0.0,0.0,0.0,0.0,0.0,0.0,0.0,0.0,382309000.0,44974000.0,0.0,0.0
7. Trái phiếu chuyển đổi,0.0,,0.0,0.0,0.0,0.0,0.0,0.0,0.0,0.0,0.0,0.0,0.0,0.0,0.0,0.0,0.0,0.0,0.0,0.0,0.0,0.0,0.0,0.0,0.0,0.0,0.0,0.0,0.0,0.0,0.0,0.0,0.0,0.0,0.0,0.0,0.0,0.0,0.0,0.0,0.0,0.0,0.0,0.0,0.0,0.0,0.0,0.0,0.0,0.0,0.0,0.0,0.0
8. Thuế thu nhập hoãn lại phải trả,0.0,,0.0,0.0,0.0,0.0,0.0,0.0,0.0,0.0,0.0,0.0,0.0,0.0,0.0,0.0,0.0,0.0,0.0,0.0,0.0,0.0,0.0,0.0,0.0,0.0,0.0,1025000000.0,8807938072.0,8807938072.0,2981990000.0,2981990000.0,3111800000.0,3111800000.0,3111800000.0,3606400000.0,3111800000.0,3111800000.0,3420000000.0,3420000000.0,2973800000.0,2973800000.0,2973800000.0,2973800000.0,2926400000.0,2926400000.0,2914000000.0,2914000000.0,2890600000.0,2890600000.0,2890600000.0,2890600000.0,3239200000.0
9. Dự phòng trợ cấp mất việc làm,131687193.0,,482518748.0,412092563.0,459003497.0,434114290.0,338874497.0,1318040858.0,1220892036.0,1117149338.0,1070830046.0,440636663.0,857853450.0,0.0,0.0,18836268.0,0.0,213691592.0,1180774592.0,1180774592.0,1238269375.0,0.0,0.0,0.0,0.0,0.0,0.0,0.0,0.0,0.0,0.0,0.0,0.0,0.0,0.0,0.0,0.0,0.0,0.0,0.0,0.0,0.0,0.0,0.0,0.0,0.0,0.0,0.0,0.0,0.0,0.0,0.0,0.0
10. Dự phòng phải trả dài hạn,0.0,,127250000.0,0.0,0.0,0.0,663486594.0,1334170159.0,0.0,3459831941.0,0.0,0.0,0.0,799106000.0,771531950.0,579880962.0,1802174788.0,2468029181.0,378641473.0,1363255035.0,254510544.0,874151151.0,2686222708.0,6279768192.0,5566549290.0,10044336348.0,10978262798.0,18588594658.0,28376600457.0,28116060970.0,27994152725.0,24742709123.0,24908564980.0,22471558655.0,19516487485.0,18315103594.0,7201935390.0,2915487929.0,2685007981.0,1780541315.0,1795797247.0,2790923928.0,2587493032.0,2648115560.0,3213089969.0,3119881421.0,2471690450.0,1678512606.0,2799717118.0,2659023373.0,2416176384.0,2310908206.0,3500865643.0
11. Doanh thu chưa thực hiện dài hạn,0.0,,0.0,0.0,6589332710.0,2142000391.0,4378202496.0,1027167454.0,7078855757.0,1274281922.0,7344974994.0,1500753987.0,7058045834.0,1788252913.0,6627168765.0,1591773170.0,12873057187.0,6894160804.0,7027621592.0,693731558.0,6802643806.0,60071575.0,220771575.0,220771575.0,220771575.0,220771575.0,220771575.0,220771575.0,190735788.0,160700000.0,151772222.0,138380555.0,229914888.0,216523221.0,203131554.0,203131554.0,17855555.0,17855555.0,0.0,0.0,0.0,0.0,0.0,0.0,0.0,0.0,0.0,0.0,0.0,0.0,0.0,0.0,0.0
12. Quỹ phát triển khoa học và công nghệ,0.0,,0.0,0.0,1434259519.0,1235613755.0,1251313948.0,3024109137.0,2923361659.0,2841746243.0,2740173391.0,2680549678.0,2569234200.0,2494157981.0,2430060076.0,2373181979.0,1350214264.0,1350214264.0,1350214264.0,1350214264.0,0.0,0.0,0.0,0.0,0.0,0.0,0.0,2694000000.0,2369000000.0,2369000000.0,2369000000.0,1856389840.0,1940049372.0,1781424144.0,1781424144.0,1781424144.0,3058424144.0,3058424144.0,3058424144.0,3058424144.0,2736937074.0,2709601809.0,2682266544.0,2654931279.0,4726745356.0,4685976049.0,4115847742.0,3824487912.0,2149701097.0,2105861689.0,2027695281.0,1983855873.0,2109933302.0
B. Nguồn vốn chủ sở hữu,111683830186.0,192614832952.0,,245788009473.0,310928976951.0,325561987540.0,335254497614.0,379421694085.0,379781134170.0,350391451677.0,339186486595.0,330876229744.0,347658915315.0,336866339685.0,319991171682.0,317027715990.0,250514816153.0,246658855192.0,239974364346.0,254872717445.0,245584357945.0,234285577940.0,255759421431.0,284494203828.0,286448552778.0,278300846588.0,303777423321.0,349943691741.0,322670738533.0,328422581991.0,334644095972.0,327694239670.0,336909683093.0,341499020887.0,342133415360.0,338746677187.0,323771515125.0,325041575769.0,321223024923.0,309639581692.0,318800263339.0,317263547416.0,319733200913.0,325351721362.0,339342874754.0,340709217524.0,331342762427.0,339434452415.0,390607261595.0,387816451984.0,390082646695.0,402259861230.0,413886788535.0
I. Vốn chủ sở hữu,111683830186.0,192614832952.0,1377180799.0,245788009473.0,310928976951.0,325561987540.0,335254497614.0,379421694085.0,379781134170.0,350391451677.0,339186486595.0,330876229744.0,347658915315.0,336866339685.0,319991171682.0,317027715990.0,250514816153.0,246658855192.0,239974364346.0,254872717445.0,245584357945.0,234285577940.0,255759421431.0,284494203828.0,286448552778.0,278300846588.0,303777423321.0,349943691741.0,322670738533.0,328422581991.0,334644095972.0,327694239670.0,336909683093.0,341499020887.0,342133415360.0,338746677187.0,323771515125.0,325041575769.0,321223024923.0,309639581692.0,318800263339.0,317263547416.0,319733200913.0,325351721362.0,339342874754.0,340709217524.0,331342762427.0,339434452415.0,390607261595.0,387816451984.0,390082646695.0,402259861230.0,413886788535.0
1. Vốn đầu tư của chủ sở hữu,53647365000.0,72809560000.0,0.0,116103990000.0,116103990000.0,116103990000.0,116103990000.0,116103990000.0,127711950000.0,127711950000.0,127711950000.0,127711950000.0,127711950000.0,127711950000.0,127711950000.0,127711950000.0,127711950000.0,127711950000.0,127711950000.0,127711950000.0,127711950000.0,127711950000.0,153249760000.0,153249760000.0,153249760000.0,153249760000.0,183895280000.0,190647980000.0,190647980000.0,190647980000.0,190647980000.0,190647980000.0,190647980000.0,190647980000.0,190647980000.0,190647980000.0,190647980000.0,190647980000.0,190647980000.0,190647980000.0,190647980000.0,190647980000.0,190647980000.0,190647980000.0,190647980000.0,190647980000.0,190647980000.0,190647980000.0,213436540000.0,213436540000.0,213436540000.0,213436540000.0,245335910000.0
2. Thặng dư vốn cổ phần,13371382376.0,27076331464.0,0.0,0.0,0.0,0.0,0.0,0.0,0.0,0.0,0.0,0.0,0.0,0.0,0.0,0.0,0.0,0.0,0.0,0.0,0.0,0.0,0.0,0.0,0.0,0.0,0.0,0.0,0.0,0.0,0.0,0.0,0.0,0.0,0.0,0.0,0.0,0.0,0.0,0.0,0.0,0.0,0.0,0.0,0.0,0.0,0.0,0.0,0.0,0.0,0.0,0.0,0.0
3. Quyền chọn chuyển đổi trái phiếu,0.0,0.0,0.0,0.0,0.0,0.0,0.0,0.0,0.0,0.0,0.0,0.0,0.0,0.0,0.0,0.0,0.0,0.0,0.0,0.0,0.0,0.0,0.0,0.0,0.0,0.0,0.0,0.0,0.0,0.0,0.0,0.0,0.0,0.0,0.0,0.0,0.0,0.0,0.0,0.0,0.0,0.0,0.0,0.0,0.0,0.0,0.0,0.0,0.0,0.0,0.0,0.0,0.0
4. Vốn khác của chủ sở hữu,0.0,0.0,0.0,11323069275.0,0.0,0.0,0.0,0.0,0.0,0.0,0.0,0.0,0.0,0.0,0.0,0.0,0.0,0.0,0.0,0.0,0.0,0.0,0.0,0.0,0.0,0.0,0.0,0.0,0.0,0.0,0.0,0.0,0.0,0.0,0.0,0.0,0.0,0.0,0.0,0.0,0.0,0.0,0.0,0.0,0.0,0.0,0.0,0.0,0.0,0.0,0.0,0.0,4100100000.0
5. Cổ phiếu quỹ,-1222974000.0,-545368076.0,0.0,-15680000.0,-15680000.0,-15680000.0,-15680000.0,-15680000.0,-15680000.0,-15680000.0,-15680000.0,-15680000.0,-15680000.0,-15680000.0,-15680000.0,-15680000.0,-15680000.0,-15680000.0,-15680000.0,-15680000.0,-15680000.0,-15680000.0,-15680000.0,-15680000.0,-15680000.0,-15680000.0,-15680000.0,-15680000.0,-15680000.0,-30680000.0,-30680000.0,-157680000.0,-467880000.0,-507880000.0,-721880000.0,-721880000.0,-721880000.0,-721880000.0,-721880000.0,-721880000.0,-721880000.0,-721880000.0,-721880000.0,-721880000.0,-721880000.0,-721880000.0,-721880000.0,-721880000.0,-721880000.0,-721880000.0,-721880000.0,-721880000.0,-721880000.0
6. Chênh lệch đánh giá lại tài sản,0.0,0.0,0.0,0.0,0.0,0.0,0.0,0.0,0.0,0.0,0.0,0.0,0.0,0.0,0.0,0.0,-25719500435.0,-25719500435.0,-25719500435.0,-29892620983.0,-35204980892.0,0.0,-35564003523.0,-35564003524.0,-35564003524.0,-35564003524.0,-35564003524.0,-29276030497.0,-28686239976.0,-28686239976.0,0.0,0.0,0.0,0.0,0.0,0.0,0.0,0.0,0.0,0.0,0.0,0.0,0.0,0.0,0.0,0.0,0.0,0.0,0.0,0.0,0.0,0.0,0.0
7. Chênh lệch tỷ giá hối đoái,0.0,0.0,0.0,0.0,0.0,152582338.0,245144477.0,211573378.0,-19145351.0,0.0,0.0,0.0,0.0,0.0,0.0,0.0,0.0,0.0,0.0,0.0,0.0,0.0,0.0,0.0,0.0,0.0,0.0,0.0,0.0,0.0,0.0,0.0,0.0,0.0,0.0,0.0,0.0,0.0,0.0,0.0,0.0,0.0,0.0,0.0,0.0,0.0,0.0,0.0,0.0,0.0,0.0,0.0,0.0
8. Quỹ đầu tư phát triển,0.0,0.0,192231052.0,204783467.0,98919353.0,201150709.0,102300157.0,0.0,0.0,0.0,0.0,0.0,0.0,0.0,0.0,0.0,0.0,0.0,0.0,0.0,0.0,-35564003524.0,0.0,0.0,0.0,0.0,0.0,0.0,0.0,0.0,0.0,0.0,0.0,0.0,0.0,0.0,0.0,3302011395.0,3302049328.0,3302049327.0,4714974514.0,4689718349.0,4612696349.0,4689718349.0,7937095472.0,7865072721.0,7184228553.0,7184228554.0,10228471262.0,10228471262.0,10286782146.0,10289872811.0,11226611161.0
9. Quỹ dự phòng tài chính,0.0,0.0,1184949747.0,2524125699.0,2743029262.0,2911936326.0,2884372298.0,4439205790.0,3800722166.0,3614028639.0,3123098534.0,3846174739.0,3132233060.0,3265507726.0,3311653436.0,3443017651.0,3373473433.0,3397540265.0,3558808304.0,3468782905.0,3646112903.0,0.0,0.0,0.0,0.0,0.0,0.0,0.0,0.0,0.0,0.0,0.0,0.0,0.0,0.0,0.0,0.0,0.0,0.0,0.0,0.0,0.0,0.0,0.0,0.0,0.0,0.0,0.0,0.0,0.0,0.0,0.0,0.0
10. Quỹ khác thuộc vốn chủ sở hữu,583099088.0,1448286609.0,0.0,0.0,0.0,0.0,0.0,0.0,0.0,0.0,0.0,0.0,0.0,0.0,0.0,0.0,0.0,0.0,0.0,0.0,0.0,0.0,0.0,0.0,0.0,0.0,0.0,0.0,0.0,0.0,0.0,0.0,0.0,0.0,0.0,0.0,0.0,0.0,0.0,0.0,0.0,0.0,0.0,0.0,0.0,0.0,0.0,0.0,0.0,0.0,0.0,0.0,0.0
11. Lợi nhuận sau thuế chưa phân phối,8361303231.0,20057291302.0,0.0,35247195170.0,71597437196.0,72239266471.0,82686089112.0,100115480309.0,91159815816.0,82919435813.0,78508839537.0,71904467535.0,85586090626.0,82627400152.0,80483586469.0,85744164768.0,92514755017.0,91792991896.0,89877412862.0,102938624753.0,106095628529.0,100981994821.0,93686762519.0,118093061893.0,136803291223.0,125308695486.0,116716312905.0,149011433126.0,124394573727.0,125781891005.0,84138874976.0,79452356105.0,86052031479.0,89798506006.0,97578186612.0,91451542375.0,82906396885.0,80884129392.0,80743045775.0,64539439715.0,72151449917.0,73446286022.0,74698440906.0,73874916792.0,83302379465.0,84380320994.0,76006652212.0,84212921963.0,85297657447.0,79846186900.0,81457126812.0,94523634362.0,57601399308.0
LNST chưa phân phối lũy kế đến cuối kỳ trước,,,0.0,,,,,,,,,,,,,,,,,,,100792909249.0,80300367490.0,84231458758.0,85316201161.0,121581885310.0,95598901271.0,88638827014.0,80256360189.0,124394573727.0,63598811817.0,52615840308.0,64614655916.0,86968045067.0,86962109659.0,68860786779.0,57975344035.0,79866452477.0,79612024967.0,56740471600.0,55349172350.0,72036782132.0,71703415247.0,52919408934.0,47574515961.0,82754334128.0,84365541241.0,83717243934.0,57614838812.0,84417175408.0,79588367219.0,81792514590.0,55923652946.0
LNST chưa phân phối kỳ này,,,0.0,,,,,,,,,,,,,,,,,,,189085572.0,13386395029.0,33861603135.0,51487090062.0,3726810176.0,21117411634.0,60372606112.0,44138213538.0,1387317278.0,20540063159.0,26836515797.0,21437375563.0,2830460939.0,10616076953.0,22590755596.0,24931052850.0,1017676915.0,1131020808.0,7798968115.0,16802277567.0,1409503890.0,2995025659.0,20955507858.0,35727863504.0,1625986866.0,-8358889029.0,495678029.0,27682818635.0,-4570988508.0,1868759593.0,12731119772.0,1677746362.0
12. Nguồn vốn đầu tư xây dựng cơ bản,0.0,0.0,0.0,0.0,0.0,0.0,0.0,0.0,0.0,0.0,0.0,0.0,0.0,0.0,0.0,0.0,0.0,0.0,0.0,0.0,0.0,0.0,0.0,0.0,0.0,0.0,0.0,0.0,0.0,0.0,0.0,0.0,0.0,0.0,0.0,0.0,0.0,0.0,0.0,0.0,0.0,0.0,0.0,0.0,0.0,0.0,0.0,0.0,0.0,0.0,0.0,0.0,0.0
13. Quỹ hỗ trợ sắp xếp doanh nghiệp,0.0,0.0,0.0,0.0,0.0,0.0,0.0,0.0,0.0,0.0,0.0,0.0,0.0,0.0,0.0,0.0,0.0,0.0,0.0,0.0,0.0,0.0,0.0,0.0,0.0,0.0,0.0,0.0,0.0,0.0,0.0,0.0,0.0,0.0,0.0,0.0,0.0,0.0,0.0,0.0,0.0,0.0,0.0,0.0,0.0,0.0,0.0,0.0,0.0,0.0,0.0,0.0,0.0
14. Lợi ích của cổ đông không kiểm soát,36943654491.0,71768731653.0,0.0,80400525862.0,120401281140.0,133968741696.0,133248281570.0,158567124608.0,157143471539.0,136161717225.0,129858278524.0,127429317470.0,131244321629.0,123277161807.0,108499661777.0,100144263571.0,52649818138.0,49491553466.0,44561373615.0,50661660770.0,43351327405.0,41171316643.0,44402582435.0,48731065459.0,31975185079.0,35322074626.0,38745513940.0,39575989112.0,36330104782.0,40709630962.0,59887920996.0,57751583565.0,60677551614.0,61560414881.0,54629128748.0,57369034812.0,50939018240.0,50929334982.0,47251829820.0,51871992650.0,52007738908.0,49201443045.0,50495963658.0,56860986221.0,58177299817.0,58537723809.0,58225781662.0,58111201898.0,82366472886.0,85027133822.0,85624077737.0,84731694057.0,96344648066.0
II. Nguồn kinh phí và quỹ khác,0.0,0.0,,0.0,0.0,0.0,0.0,0.0,0.0,0.0,0.0,0.0,0.0,0.0,0.0,0.0,0.0,0.0,0.0,0.0,0.0,0.0,0.0,0.0,0.0,0.0,0.0,0.0,0.0,0.0,0.0,0.0,0.0,0.0,0.0,0.0,0.0,0.0,0.0,0.0,0.0,0.0,0.0,0.0,0.0,0.0,0.0,0.0,0.0,0.0,0.0,0.0,0.0
1. Nguồn kinh phí ,0.0,0.0,,0.0,0.0,0.0,0.0,0.0,0.0,0.0,0.0,0.0,0.0,0.0,0.0,0.0,0.0,0.0,0.0,0.0,0.0,0.0,0.0,0.0,0.0,0.0,0.0,0.0,0.0,0.0,0.0,0.0,0.0,0.0,0.0,0.0,0.0,0.0,0.0,0.0,0.0,0.0,0.0,0.0,0.0,0.0,0.0,0.0,0.0,0.0,0.0,0.0,0.0
2. Nguồn kinh phí đã hình thành tài sản cố định,0.0,0.0,,0.0,0.0,0.0,0.0,0.0,0.0,0.0,0.0,0.0,0.0,0.0,0.0,0.0,0.0,0.0,0.0,0.0,0.0,0.0,0.0,0.0,0.0,0.0,0.0,0.0,0.0,0.0,0.0,0.0,0.0,0.0,0.0,0.0,0.0,0.0,0.0,0.0,0.0,0.0,0.0,0.0,0.0,0.0,0.0,0.0,0.0,0.0,0.0,0.0,0.0
3. Quỹ dự phòng trợ cấp mất việc làm,0.0,0.0,,0.0,0.0,0.0,0.0,0.0,0.0,0.0,0.0,0.0,0.0,0.0,0.0,0.0,0.0,0.0,0.0,0.0,0.0,0.0,0.0,0.0,0.0,0.0,0.0,0.0,0.0,0.0,0.0,0.0,0.0,0.0,0.0,0.0,0.0,0.0,0.0,0.0,0.0,0.0,0.0,0.0,0.0,0.0,0.0,0.0,0.0,0.0,0.0,0.0,0.0
TỔNG CỘNG NGUỒN VỐN,281728124569.0,366058559105.0,,503301407770.0,611894639427.0,645743551730.0,763789165011.0,762707450960.0,744951564558.0,708572624054.0,678316958270.0,669973133438.0,629439492675.0,621828148898.0,580389833318.0,581904717578.0,461160191467.0,447525998007.0,428944434366.0,441597039110.0,466039937156.0,462422732936.0,529598322717.0,644930833521.0,593375791195.0,626174050717.0,703893566058.0,793179741154.0,569331113177.0,532821197718.0,528332777261.0,524479639073.0,502703535608.0,509457952550.0,474770256320.0,500466645971.0,464934775057.0,442188624106.0,510268163646.0,511937250727.0,504928587090.0,533446154119.0,567205682056.0,605679091241.0,593400689966.0,552998869611.0,529198305220.0,604504607325.0,627258211128.0,590513143129.0,638708316997.0,672747826834.0,654571151318.0
