Item,Q4 2007,Q4 2008,Q2 2009,Q3 2009,Q4 2009,Q1 2010,Q2 2010,Q3 2010,Q4 2010,Q4 2011,Q2 2012,Q4 2012,Q2 2013,Q3 2013,Q4 2013,Q1 2014,Q2 2014,Q3 2014,Q4 2014,Q1 2015,Q2 2015,Q3 2015,Q4 2015,Q1 2016,Q2 2016,Q3 2016,Q4 2016,Q1 2017,Q2 2017,Q3 2017,Q4 2017,Q1 2018,Q2 2018,Q3 2018,Q4 2018,Q1 2019,Q2 2019,Q3 2019,Q4 2019,Q1 2020,Q2 2020,Q3 2020,Q4 2020,Q1 2021,Q2 2021,Q3 2021,Q4 2021,Q1 2022,Q2 2022,Q3 2022,Q4 2022,Q1 2023,Q2 2023,Q3 2023
TÀI SẢN,,,,,,,,,,,,,,,,,,,,,,,,,,,,,,,,,,,,,,,,,,,,,,,,,,,,,,
A. Tài sản lưu động và đầu tư ngắn hạn,320897577821.0,319216256315.0,353063116919.0,368075192289.0,408207075129.0,353775731675.0,435701541649.0,545448843573.0,383738070974.0,391808846491.0,365112122784.0,385516993283.0,609137446694.0,496114815529.0,522379442431.0,460815042847.0,419076915314.0,518837615636.0,514669112662.0,433517050024.0,491057061504.0,569674874584.0,473674876550.0,531010839273.0,476964680958.0,505359230256.0,501099866495.0,482004891127.0,542801453008.0,632637952836.0,643876040441.0,515907985983.0,579367601829.0,560226873644.0,558297320415.0,446499572018.0,467525552370.0,496610882100.0,489936891427.0,467495127353.0,455095349874.0,563973968786.0,679045926920.0,479066532199.0,456520222425.0,432182882609.0,521961346132.0,453607056526.0,467973628868.0,484581098713.0,610293255066.0,631256605416.0,655111943968.0,698101240041.0
I. Tiền và các khoản tương đương tiền,34636574411.0,55885605677.0,26400333464.0,19401129456.0,95964936328.0,34266175362.0,145556698515.0,148233120635.0,144047885577.0,131657260771.0,122128143599.0,114701287051.0,39771306170.0,33270174059.0,48082893681.0,39180568205.0,4764103463.0,57855570841.0,117266822561.0,106232995348.0,44827357793.0,29805058216.0,145686298646.0,135635386327.0,111617402748.0,150787410852.0,128229632908.0,98282208665.0,98150239695.0,120383033198.0,115386557006.0,85178027198.0,108078284990.0,121351925932.0,99502983198.0,115081321406.0,105964796325.0,116029837262.0,130961103103.0,144090969239.0,146360980575.0,131853095095.0,141361798153.0,163242909723.0,168409079516.0,42689033376.0,34185599033.0,73662069493.0,27545322825.0,14420143132.0,44886343342.0,21589523616.0,21258130554.0,3024622009.0
1. Tiền,34636574411.0,55885605677.0,26400333464.0,,73464936328.0,34266175362.0,34556698515.0,61733120635.0,20627885577.0,65595616477.0,66126499305.0,45425734821.0,29239161876.0,17238029765.0,46550749387.0,34187548911.0,4764103463.0,39955570841.0,11266822561.0,55072995348.0,19777357793.0,19755058216.0,9906298646.0,69263286327.0,7617402748.0,95787410852.0,28229632908.0,83282208665.0,9150239695.0,106794373198.0,50486557006.0,81711180798.0,36131636951.0,93902674968.0,34964613872.0,33543882990.0,86964796325.0,92029837262.0,101061103103.0,49522121964.0,28342133300.0,32934247820.0,64154290878.0,14574062448.0,10740232241.0,7689033376.0,34185599033.0,38662069493.0,17545322825.0,14420143132.0,44886343342.0,21589523616.0,21258130554.0,3024622009.0
2. Các khoản tương đương tiền,0.0,0.0,0.0,,22500000000.0,0.0,111000000000.0,86500000000.0,123420000000.0,66061644294.0,56001644294.0,69275552230.0,10532144294.0,16032144294.0,1532144294.0,4993019294.0,0.0,17900000000.0,106000000000.0,51160000000.0,25050000000.0,10050000000.0,135780000000.0,66372100000.0,104000000000.0,55000000000.0,100000000000.0,15000000000.0,89000000000.0,13588660000.0,64900000000.0,3466846400.0,71946648039.0,27449250964.0,64538369326.0,81537438416.0,19000000000.0,24000000000.0,29900000000.0,94568847275.0,118018847275.0,98918847275.0,77207507275.0,148668847275.0,157668847275.0,35000000000.0,0.0,35000000000.0,10000000000.0,0.0,0.0,0.0,0.0,0.0
II. Các khoản đầu tư tài chính ngắn hạn,66544426667.0,38141000000.0,40738250000.0,31750000000.0,410956794.0,0.0,0.0,403636667.0,0.0,0.0,0.0,70165000000.0,0.0,72165000000.0,72150000000.0,72150000000.0,72000000000.0,72000000000.0,72000000000.0,72000000000.0,72000000000.0,72000000000.0,0.0,0.0,15212100000.0,15212100000.0,212100000.0,212100000.0,212100000.0,492100000.0,616269872.0,120000000.0,208660000.0,158660000.0,107035157.0,208660000.0,208660000.0,208660000.0,193660000.0,193660000.0,193660000.0,116123660000.0,96035000000.0,10125410000.0,10125410000.0,71823811750.0,72525413700.0,77760701602.0,124606943678.0,127414310329.0,123859866304.0,163728619431.0,164855394168.0,160619554862.0
1. Chứng khoán kinh doanh,66544426667.0,38141000000.0,40738250000.0,,410956794.0,0.0,0.0,403636667.0,0.0,0.0,0.0,70165000000.0,0.0,72165000000.0,72150000000.0,72150000000.0,72000000000.0,72000000000.0,72000000000.0,72000000000.0,72000000000.0,0.0,0.0,0.0,0.0,0.0,0.0,0.0,0.0,0.0,0.0,0.0,0.0,0.0,0.0,0.0,0.0,0.0,0.0,0.0,0.0,0.0,0.0,0.0,0.0,32976943750.0,23936547700.0,69311477193.0,134938763816.0,148609325579.0,137782382026.0,169278559249.0,178118952100.0,186543858981.0
2. Dự phòng giảm giá chứng khoán kinh doanh,0.0,0.0,0.0,,0.0,0.0,0.0,0.0,0.0,0.0,0.0,0.0,0.0,0.0,0.0,0.0,0.0,0.0,0.0,0.0,0.0,0.0,0.0,0.0,0.0,0.0,0.0,0.0,0.0,0.0,0.0,0.0,0.0,0.0,0.0,0.0,0.0,0.0,0.0,0.0,0.0,0.0,0.0,0.0,0.0,-1278542000.0,-1499794000.0,-6925679521.0,-25706724068.0,-28907963070.0,-28030463542.0,-20430635438.0,-19035849832.0,-32950151026.0
3. Đầu tư nắm giữ đến ngày đáo hạn,0.0,0.0,0.0,,0.0,0.0,0.0,0.0,0.0,0.0,0.0,0.0,0.0,0.0,0.0,0.0,0.0,0.0,0.0,0.0,0.0,72000000000.0,0.0,0.0,15212100000.0,15212100000.0,212100000.0,212100000.0,212100000.0,492100000.0,616269872.0,120000000.0,208660000.0,158660000.0,107035157.0,208660000.0,208660000.0,208660000.0,193660000.0,193660000.0,193660000.0,116123660000.0,96035000000.0,10125410000.0,10125410000.0,40125410000.0,50088660000.0,15374903930.0,15374903930.0,7712947820.0,14107947820.0,14880695620.0,5772291900.0,7025846907.0
III. Các khoản phải thu ngắn hạn,140267955101.0,149419072879.0,199142146961.0,218231529139.0,270794208643.0,234178746670.0,219952250322.0,247766048464.0,200672037675.0,189480236017.0,169244248961.0,138856992004.0,278393495500.0,179784461205.0,277549158434.0,186748632812.0,214417705581.0,282660041862.0,229869032811.0,201623150594.0,254817158074.0,367729230022.0,276894743015.0,256802875376.0,237435318109.0,213785361552.0,257235178614.0,247334432979.0,273318108895.0,267583178942.0,394922712435.0,281662652083.0,300301268759.0,202134273140.0,328553998778.0,187769075179.0,192879255345.0,213015104945.0,218462593472.0,180665239919.0,165255269921.0,142733560215.0,288062760936.0,198347431047.0,148548367201.0,162702195165.0,274667701293.0,142599390553.0,150559240977.0,133124584216.0,225338306719.0,283672447237.0,229194991285.0,265235775481.0
1. Phải thu ngắn hạn của khách hàng,122555365187.0,128434776644.0,181499746762.0,,222926130546.0,160285467872.0,173344703226.0,201604019489.0,178371162151.0,158673336590.0,107431651815.0,68932163673.0,140113748436.0,84893548277.0,121247276362.0,45684828791.0,46190614658.0,199854156849.0,122033934936.0,55635523965.0,63080055828.0,152966085715.0,183301017814.0,175308290794.0,118270543329.0,111435001098.0,112809662341.0,94008116486.0,117070863213.0,142472928533.0,163659916343.0,154070093760.0,188818398422.0,109234605968.0,224965061934.0,92720480649.0,93118916085.0,133868466416.0,146729133070.0,99472651669.0,101926695807.0,63549639322.0,219155583408.0,136910872073.0,74815407100.0,49069111468.0,154561081291.0,71765557051.0,84445484102.0,62983601846.0,179622304155.0,254400687475.0,217868212214.0,234593590380.0
2. Trả trước cho người bán,17942897588.0,20082359058.0,18455745742.0,,22949823118.0,26510722008.0,30541437099.0,24216106004.0,9026202626.0,17099412702.0,46255657283.0,4890062776.0,13455433569.0,25494890723.0,25392709489.0,10214057049.0,14288177003.0,4127023072.0,14244804090.0,5365736632.0,11420508560.0,33551246088.0,19611365679.0,1944373727.0,5227929813.0,15561762445.0,10854319968.0,20658464725.0,9161313863.0,14475731464.0,13924687994.0,15103493241.0,16460876625.0,14736204506.0,14378413124.0,12337675879.0,14640888881.0,15663967156.0,15011880758.0,26707913566.0,8791762432.0,34648659957.0,40193133741.0,22277879751.0,20879289137.0,41464947868.0,28441778172.0,10382310177.0,21049474278.0,23482145474.0,15037044365.0,24227096822.0,19628682584.0,34213879323.0
3. Phải thu nội bộ ngắn hạn,0.0,0.0,0.0,,0.0,35230750864.0,10410562564.0,0.0,0.0,0.0,0.0,0.0,0.0,0.0,0.0,0.0,0.0,0.0,0.0,0.0,0.0,0.0,0.0,0.0,0.0,0.0,0.0,0.0,0.0,0.0,0.0,0.0,0.0,0.0,0.0,0.0,0.0,0.0,0.0,0.0,0.0,0.0,230000000.0,34079244428.0,0.0,0.0,0.0,0.0,0.0,0.0,0.0,0.0,0.0,0.0
4. Phải thu theo tiến độ hợp đồng xây dựng,0.0,0.0,0.0,,0.0,0.0,0.0,611387850.0,6214251330.0,7974132358.0,10411280316.0,66604752890.0,132496939815.0,79325006414.0,139135555457.0,139455307831.0,163033513619.0,90228548366.0,108634516399.0,113170293941.0,120085669853.0,119388566403.0,75219108693.0,77030832912.0,77447741150.0,77910567833.0,98128194087.0,90696921092.0,93972687694.0,93520624087.0,121704251435.0,49261228969.0,50464822318.0,47413956288.0,42402839818.0,41699807110.0,43071509818.0,38017902305.0,39797637305.0,38961123905.0,37349232305.0,37349232305.0,0.0,0.0,34079244428.0,34079244428.0,34079244428.0,34079244428.0,34079244428.0,34079244428.0,0.0,0.0,0.0,0.0
5. Phải thu về cho vay ngắn hạn,0.0,0.0,0.0,,0.0,0.0,0.0,0.0,0.0,0.0,0.0,0.0,0.0,0.0,0.0,0.0,0.0,0.0,0.0,0.0,306197158.0,300000000.0,1500000000.0,2000000000.0,2000000000.0,2000000000.0,2000000000.0,1000000000.0,1000000000.0,0.0,0.0,0.0,0.0,0.0,0.0,0.0,0.0,0.0,0.0,0.0,0.0,0.0,0.0,0.0,0.0,0.0,0.0,0.0,0.0,0.0,0.0,5300000000.0,0.0,0.0
6. Phải thu ngắn hạn khác,211822642.0,4026856958.0,2209381882.0,,26286071573.0,13519622520.0,7023364027.0,22702351715.0,14618674643.0,8305285122.0,7717590302.0,6970850371.0,5303372631.0,3544028141.0,5431793879.0,5212333329.0,5728392874.0,6109664755.0,4903124344.0,27862958103.0,82590512763.0,86339350616.0,21601551147.0,23539737665.0,58059008107.0,30328616608.0,35367146588.0,42681542878.0,53833151223.0,18833801956.0,96805155681.0,64399135131.0,45728470412.0,28123076317.0,49012610313.0,45341273607.0,46378102627.0,32018288468.0,28550594739.0,20339309845.0,22003338443.0,12647822537.0,33299802853.0,10562061681.0,24257053422.0,43133258221.0,62298098222.0,30970938449.0,15583697721.0,17178252020.0,51567621439.0,21830826180.0,22490646245.0,23242440536.0
7. Dự phòng phải thu ngắn hạn khó đòi,-442130316.0,-3124919781.0,-3022727425.0,,-1367816594.0,-1367816594.0,-1367816594.0,-1367816594.0,-7558253075.0,-2571930755.0,-2571930755.0,-8540837706.0,-12975998951.0,-13473012350.0,-13658176753.0,-13817894188.0,-14822992573.0,-17659351180.0,-19947346958.0,-411362047.0,-22665786088.0,-24816018800.0,-24338300318.0,-23020359722.0,-23569904290.0,-23450586432.0,-1924144370.0,-1710612202.0,-1719907098.0,-1719907098.0,-1171299018.0,-1171299018.0,-1171299018.0,2626430061.0,-2204926411.0,-4330162066.0,-4330162066.0,-6553519400.0,-11626652400.0,-4815759066.0,-4815759066.0,-5461793906.0,-4815759066.0,-5482626886.0,-5482626886.0,-5044366820.0,-4712500820.0,-4598659552.0,-4598659552.0,-4598659552.0,-20888663240.0,-22086163240.0,-30792549758.0,-26814134758.0
IV. Tổng hàng tồn kho,77350765968.0,66857221019.0,78977982630.0,96053818882.0,37063580069.0,77881401057.0,64129521202.0,137707453431.0,27680615821.0,59851365809.0,49898657686.0,49678651740.0,194597629897.0,188480599532.0,119461181318.0,145132635503.0,82033940479.0,78428477845.0,78359917275.0,52341269054.0,112989203008.0,96405056239.0,49912412761.0,64244806060.0,39884727196.0,52660441956.0,42501734179.0,61876669888.0,96196987045.0,166489241937.0,59698428336.0,75575683520.0,96564362018.0,154501428257.0,55955509166.0,68828076645.0,92722544468.0,94524230637.0,67391247981.0,67685342616.0,69886700718.0,97757181799.0,80451870606.0,34243995518.0,54455449124.0,77521469433.0,66164732006.0,81895053166.0,88546519151.0,128382575499.0,133309982322.0,83446780752.0,156553218053.0,184743053884.0
1. Hàng tồn kho,77350765968.0,66857221019.0,78977982630.0,,37111003686.0,77928824674.0,64176944819.0,137754877048.0,29120720359.0,61599198321.0,51556490198.0,50945554241.0,195864532398.0,189747502033.0,120730156520.0,146401610705.0,83225230488.0,79619767854.0,79551207284.0,54254294122.0,113903153441.0,98060909067.0,50826363194.0,65130355886.0,40770277022.0,53545991782.0,43387284005.0,62357735499.0,96678052656.0,166970307548.0,60179493947.0,76042073651.0,97030752149.0,154569063257.0,56421899297.0,69886858330.0,93781326153.0,95583012322.0,68450029666.0,67685342616.0,69886700718.0,97757181799.0,80451870606.0,56662032069.0,76873485675.0,99939505984.0,88582768557.0,104313089717.0,110964555702.0,150800612050.0,133309982322.0,83446780752.0,156553218053.0,184743053884.0
2. Dự phòng giảm giá hàng tồn kho,0.0,0.0,0.0,,-47423617.0,-47423617.0,-47423617.0,-47423617.0,-1440104538.0,-1747832512.0,-1657832512.0,-1266902501.0,-1266902501.0,-1266902501.0,-1268975202.0,-1268975202.0,-1191290009.0,-1191290009.0,-1191290009.0,-1913025068.0,-913950433.0,-1655852828.0,-913950433.0,-885549826.0,-885549826.0,-885549826.0,-885549826.0,-481065611.0,-481065611.0,-481065611.0,-481065611.0,-466390131.0,-466390131.0,-67635000.0,-466390131.0,-1058781685.0,-1058781685.0,-1058781685.0,-1058781685.0,0.0,0.0,0.0,0.0,-22418036551.0,-22418036551.0,-22418036551.0,-22418036551.0,-22418036551.0,-22418036551.0,-22418036551.0,0.0,0.0,0.0,0.0
V. Tài sản ngắn hạn khác,2097855674.0,8913356740.0,7804403864.0,2638714812.0,3973393295.0,7449408586.0,6063071610.0,11338584376.0,11337531901.0,10819983894.0,23841072538.0,12115062488.0,26210015127.0,22414580733.0,5136208998.0,17603206327.0,45861165791.0,27893525088.0,17173340015.0,1319635028.0,6423342629.0,3735530107.0,1181422128.0,74327771510.0,72815132905.0,72913915896.0,72921220794.0,74299479595.0,74924017373.0,77690398759.0,73252072792.0,73371623182.0,74215026062.0,82080586315.0,74177794116.0,74612438788.0,75750296232.0,72833049256.0,72928286871.0,74859915579.0,73398738660.0,75506471677.0,73134497225.0,73106785911.0,74981916584.0,77446372885.0,74417900100.0,77689841712.0,76715602237.0,81239485537.0,82898756379.0,78819234380.0,83250209908.0,84478233805.0
1. Chi phí trả trước ngắn hạn,49493513.0,109155047.0,74932163.0,,565713410.0,3172333.0,13684363.0,28858777.0,571809906.0,5696485.0,147920260.0,0.0,162132506.0,162132506.0,0.0,0.0,0.0,162132506.0,162132506.0,248141249.0,647952522.0,263049115.0,521269153.0,254054331.0,0.0,0.0,102716870.0,0.0,0.0,0.0,0.0,0.0,0.0,61155645.0,572233869.0,0.0,0.0,0.0,0.0,0.0,0.0,0.0,402665227.0,306303288.0,0.0,4863677758.0,0.0,1149281668.0,17292973.0,356249464.0,2784746902.0,2449592653.0,1276622067.0,4264431919.0
2. Thuế giá trị gia tăng được khấu trừ,323773501.0,191478815.0,5166206520.0,,226603682.0,4262139957.0,1212562144.0,8468198212.0,499453949.0,2699830461.0,4028309057.0,868818617.0,6448915709.0,7982895171.0,209422567.0,2232962864.0,2209709571.0,1922898466.0,33434400.0,491051694.0,4873282449.0,2877875852.0,206307618.0,1488835770.0,230251496.0,329034487.0,219379334.0,1591641834.0,2326592439.0,5105517350.0,193692817.0,274429102.0,1157161191.0,8961565799.0,425409696.0,2042119306.0,2969927391.0,226645128.0,343405472.0,1470268358.0,788382872.0,2923776550.0,296781550.0,0.0,2399221457.0,582695127.0,1993358709.0,3121373186.0,3500593290.0,7259001604.0,7114009477.0,3077349267.0,8885040746.0,7213801886.0
3. Thuế và các khoản phải thu Nhà nước,20513841.0,14799815.0,29162549.0,,965114.0,74580201.0,257742892.0,286879760.0,3521511.0,237429779.0,364712705.0,308584492.0,859754841.0,825139703.0,275969354.0,509629514.0,943157682.0,478383235.0,277687291.0,580442084.0,902107658.0,594605139.0,453845357.0,584881409.0,584881409.0,584881409.0,599124590.0,707837761.0,597424934.0,584881409.0,1058379975.0,1097194080.0,1057864871.0,1057864871.0,1099050551.0,570319482.0,780368841.0,606404128.0,584881399.0,1389647221.0,610355788.0,582695127.0,435050448.0,800482623.0,582695127.0,0.0,424541391.0,1419186858.0,1197715974.0,1624234469.0,1000000000.0,1292292460.0,1088547095.0,1000000000.0
4. Giao dịch mua bán lại trái phiếu chính phủ,0.0,0.0,0.0,,0.0,0.0,0.0,0.0,0.0,,0.0,0.0,0.0,0.0,0.0,0.0,0.0,0.0,0.0,0.0,0.0,0.0,0.0,0.0,0.0,0.0,0.0,0.0,0.0,0.0,0.0,0.0,0.0,0.0,0.0,0.0,0.0,0.0,0.0,0.0,0.0,0.0,0.0,0.0,0.0,0.0,0.0,0.0,0.0,0.0,0.0,0.0,0.0,0.0
5. Tài sản ngắn hạn khác,1704074819.0,8597923063.0,2534102632.0,,3180111089.0,3109516095.0,4579082211.0,2554647627.0,10262746535.0,7788227169.0,19300130516.0,10937659379.0,18739212071.0,13444413353.0,4650817077.0,14860613949.0,42708298538.0,25330110881.0,16700085818.0,1.0,0.0,1.0,0.0,72000000000.0,72000000000.0,72000000000.0,72000000000.0,72000000000.0,72000000000.0,72000000000.0,72000000000.0,72000000000.0,72000000000.0,72000000000.0,72081100000.0,72000000000.0,72000000000.0,72000000000.0,72000000000.0,72000000000.0,72000000000.0,72000000000.0,72000000000.0,72000000000.0,72000000000.0,72000000000.0,72000000000.0,72000000000.0,72000000000.0,72000000000.0,72000000000.0,72000000000.0,72000000000.0,72000000000.0
B. Tài sản cố định và đầu tư dài hạn,123277062718.0,201840503250.0,211975364510.0,210152142222.0,190732412494.0,183710393814.0,188905427200.0,191686624625.0,193882472440.0,193023573425.0,213701204302.0,134405802024.0,141479274365.0,135042129229.0,136322813075.0,129401405522.0,129083539803.0,109741184228.0,69822519088.0,81855087291.0,75303844865.0,81133315105.0,57273020424.0,64791395650.0,64387458179.0,63662698090.0,38583115966.0,36126878002.0,32535856153.0,33552587392.0,33100384956.0,49576513029.0,48757295596.0,47822956505.0,49102414984.0,50871848083.0,50547424020.0,49556633709.0,51134511472.0,45392069655.0,44860411456.0,30321133485.0,38176150245.0,28200185775.0,28262191054.0,81020100645.0,80931078567.0,99133087165.0,100171824257.0,113201040594.0,113501084535.0,109072411269.0,121641500144.0,122791285013.0
I. Các khoản phải thu dài hạn,0.0,0.0,0.0,136975072.0,0.0,2110810.0,0.0,0.0,1200000000.0,554951170.0,738544732.0,454444286.0,400000000.0,400000000.0,403129000.0,0.0,59839242.0,0.0,0.0,4164358979.0,22130008.0,310041380.0,325041380.0,323304000.0,300304000.0,301104000.0,300304000.0,257581000.0,248023000.0,346729000.0,239081000.0,247581000.0,336052493.0,-198430279.0,176400000.0,246848606.0,228458000.0,223900000.0,224400000.0,124500000.0,124250000.0,124250000.0,71250000.0,56250000.0,184250000.0,214250000.0,26769128.0,56250000.0,56250000.0,56250000.0,56250000.0,56250000.0,56250000.0,56250000.0
1. Phải thu dài hạn của khách hàng,0.0,0.0,0.0,,0.0,2110810.0,0.0,0.0,0.0,0.0,0.0,0.0,0.0,0.0,0.0,0.0,0.0,0.0,0.0,21777436141.0,0.0,0.0,0.0,0.0,0.0,0.0,0.0,0.0,0.0,0.0,0.0,0.0,0.0,0.0,0.0,0.0,0.0,0.0,0.0,0.0,0.0,0.0,0.0,0.0,0.0,0.0,0.0,0.0,0.0,0.0,0.0,0.0,0.0,0.0
2. Vốn kinh doanh tại các đơn vị trực thuộc,0.0,0.0,0.0,,0.0,0.0,0.0,0.0,0.0,0.0,0.0,0.0,0.0,0.0,0.0,0.0,0.0,0.0,0.0,0.0,0.0,0.0,0.0,0.0,0.0,0.0,0.0,0.0,0.0,0.0,0.0,0.0,0.0,0.0,0.0,0.0,0.0,0.0,0.0,0.0,0.0,0.0,0.0,0.0,0.0,0.0,0.0,0.0,0.0,0.0,0.0,0.0,0.0,0.0
3. Phải thu dài hạn nội bộ,0.0,0.0,0.0,,0.0,0.0,0.0,0.0,0.0,0.0,0.0,0.0,0.0,0.0,0.0,0.0,0.0,0.0,0.0,0.0,0.0,0.0,0.0,0.0,0.0,0.0,0.0,0.0,0.0,0.0,0.0,0.0,0.0,0.0,0.0,0.0,0.0,0.0,0.0,0.0,0.0,0.0,0.0,0.0,0.0,0.0,0.0,0.0,0.0,0.0,0.0,0.0,0.0,0.0
4. Phải thu về cho vay dài hạn,0.0,0.0,0.0,,0.0,0.0,0.0,0.0,0.0,0.0,0.0,0.0,0.0,0.0,0.0,0.0,0.0,0.0,0.0,0.0,0.0,0.0,0.0,0.0,0.0,0.0,0.0,0.0,0.0,0.0,0.0,0.0,0.0,0.0,0.0,0.0,0.0,0.0,0.0,0.0,0.0,0.0,0.0,0.0,0.0,0.0,0.0,0.0,0.0,0.0,0.0,0.0,0.0,0.0
5. Phải thu dài hạn khác,0.0,0.0,0.0,,0.0,0.0,0.0,0.0,1200000000.0,554951170.0,738544732.0,454444286.0,400000000.0,400000000.0,403129000.0,0.0,59839242.0,0.0,0.0,1235972188.0,22130008.0,310041380.0,325041380.0,323304000.0,300304000.0,301104000.0,300304000.0,257581000.0,248023000.0,346729000.0,239081000.0,247581000.0,336052493.0,562890193.0,176400000.0,246848606.0,228458000.0,223900000.0,224400000.0,124500000.0,124250000.0,124250000.0,71250000.0,56250000.0,184250000.0,214250000.0,26769128.0,56250000.0,56250000.0,56250000.0,56250000.0,56250000.0,56250000.0,56250000.0
6. Dự phòng phải thu dài hạn khó đòi,0.0,0.0,0.0,,0.0,0.0,0.0,0.0,0.0,0.0,0.0,0.0,0.0,0.0,0.0,0.0,0.0,0.0,0.0,-18849049350.0,0.0,0.0,0.0,0.0,0.0,0.0,0.0,0.0,0.0,0.0,0.0,0.0,0.0,-761320472.0,0.0,0.0,0.0,0.0,0.0,0.0,0.0,0.0,0.0,0.0,0.0,0.0,0.0,0.0,0.0,0.0,0.0,0.0,0.0,0.0
II. Tài sản cố định,25725789049.0,22341129350.0,20191588891.0,18438975412.0,17796919196.0,17027656130.0,16457166237.0,19206609961.0,18618334935.0,20255998090.0,25537562262.0,46998169664.0,46992296250.0,45681390020.0,43653297214.0,42440220083.0,41188971131.0,39998585731.0,38843150688.0,37922792922.0,37206078475.0,36706071681.0,35629227087.0,34944424482.0,33856178782.0,32879814929.0,16211692764.0,15695289182.0,15262662467.0,14637729051.0,14029384987.0,13527656495.0,13177825348.0,14366527736.0,15407522049.0,14878120818.0,14408128704.0,13941855432.0,15658926111.0,15131152827.0,14655786678.0,338411576.0,369296138.0,273947420.0,244542899.0,49997799.0,94641683.0,84618104.0,74594510.0,1024505873.0,981725873.0,973726992.0,928499768.0,2323941668.0
1. Tài sản cố định hữu hình,21087385898.0,18011630951.0,15979901664.0,14877211575.0,14042255324.0,13364057366.0,12815257653.0,15647843360.0,15142912257.0,16968145241.0,22398925577.0,44097283750.0,41859002038.0,40734620772.0,38905832901.0,37877829808.0,36801082760.0,35806343532.0,34834858989.0,34084485261.0,33524591748.0,33201370297.0,32290372245.0,31760844046.0,30838444886.0,29973705518.0,13475994894.0,13125597797.0,12867787679.0,12413265804.0,11975333279.0,11597417233.0,11295820569.0,12528352384.0,13613176121.0,13170621909.0,12755031356.0,12332029564.0,14088349069.0,13599840211.0,13163738488.0,338411576.0,306179495.0,273947420.0,244542899.0,49997799.0,94641683.0,84618104.0,74594510.0,1024505873.0,981725873.0,973726992.0,928499768.0,2323941668.0
Nguyên giá,33104913406.0,34455698685.0,34627827706.0,,34613778741.0,34624609709.0,34591280652.0,37686913793.0,35952257172.0,40582778307.0,47982115684.0,65772746037.0,64052917571.0,64137217571.0,63685487318.0,63789920719.0,63789920719.0,61862057899.0,63954200719.0,62284295844.0,64797518332.0,63404761286.0,63404761286.0,65693801983.0,65766433483.0,63774722564.0,41714338517.0,41831338517.0,44032749436.0,44032749436.0,44032749436.0,42041038517.0,44067451254.0,45684495246.0,47179519254.0,46876134229.0,44899400500.0,44899400500.0,47081315900.0,47081315900.0,47115297400.0,18951660438.0,18951660438.0,18688262380.0,18688262380.0,10744728292.0,10750066738.0,10750066738.0,10446501953.0,11438252407.0,11438252407.0,11468343316.0,11468343316.0,12928585316.0
Giá trị hao mòn lũy kế,-12017527508.0,-16444067734.0,-18647926042.0,,-20571523417.0,-21260552343.0,-21776022999.0,-22039070433.0,-20809344915.0,-23614633066.0,-25583190107.0,-21675462287.0,-22193915533.0,-23402596799.0,-24779654417.0,-25912090911.0,-26988837959.0,-26055714367.0,-29119341730.0,-28199810583.0,-31272926584.0,-30203390989.0,-31114389041.0,-33932957937.0,-34927988597.0,-33801017046.0,-28238343623.0,-28705740720.0,-31164961757.0,-31619483632.0,-32057416157.0,-30443621284.0,-32771630685.0,-33156142862.0,-33566343133.0,-33705512320.0,-32144369144.0,-32567370936.0,-32992966831.0,-33481475689.0,-33951558912.0,-18613248862.0,-18645480943.0,-18414314960.0,-18443719481.0,-10694730493.0,-10655425055.0,-10665448634.0,-10371907443.0,-10413746534.0,-10456526534.0,-10494616324.0,-10539843548.0,-10604643648.0
2. Tài sản cố định thuê tài chính,0.0,0.0,0.0,0.0,0.0,0.0,0.0,0.0,0.0,0.0,0.0,0.0,0.0,0.0,0.0,0.0,0.0,0.0,0.0,0.0,0.0,0.0,0.0,0.0,0.0,0.0,0.0,0.0,0.0,0.0,0.0,0.0,0.0,0.0,0.0,0.0,0.0,0.0,0.0,0.0,0.0,0.0,63116643.0,0.0,0.0,0.0,0.0,0.0,0.0,0.0,0.0,0.0,0.0,0.0
Nguyên giá,0.0,0.0,0.0,0.0,0.0,0.0,0.0,0.0,0.0,0.0,0.0,0.0,0.0,0.0,0.0,0.0,0.0,0.0,0.0,0.0,0.0,0.0,0.0,0.0,0.0,0.0,0.0,0.0,0.0,0.0,0.0,0.0,0.0,0.0,0.0,0.0,0.0,0.0,0.0,0.0,0.0,0.0,63116643.0,0.0,0.0,0.0,0.0,0.0,0.0,0.0,0.0,0.0,0.0,0.0
Giá trị hao mòn lũy kế,0.0,0.0,0.0,0.0,0.0,0.0,0.0,0.0,0.0,0.0,0.0,0.0,0.0,0.0,0.0,0.0,0.0,0.0,0.0,0.0,0.0,0.0,0.0,0.0,0.0,0.0,0.0,0.0,0.0,0.0,0.0,0.0,0.0,0.0,0.0,0.0,0.0,0.0,0.0,0.0,0.0,0.0,0.0,0.0,0.0,0.0,0.0,0.0,0.0,0.0,0.0,0.0,0.0,0.0
3. Tài sản cố định vô hình,4638403151.0,4329498399.0,4211687227.0,3561763837.0,3754663872.0,3663598764.0,3641908584.0,3558766601.0,3475422678.0,3287852849.0,3138636685.0,2900885914.0,5133294212.0,4946769248.0,4747464313.0,4562390275.0,4387888371.0,4192242199.0,4008291699.0,3838307661.0,3681486727.0,3504701384.0,3338854842.0,3183580436.0,3017733896.0,2906109411.0,2735697870.0,2569691385.0,2394874788.0,2224463247.0,2054051708.0,1930239262.0,1882004779.0,1838175352.0,1794345928.0,1707498909.0,1653097348.0,1609825868.0,1570577042.0,1531312616.0,1492048190.0,0.0,0.0,0.0,0.0,0.0,0.0,0.0,0.0,0.0,0.0,0.0,0.0,0.0
Nguyên giá,5879313553.0,5879313553.0,5879313553.0,,5257756533.0,5257756533.0,5329506533.0,5340506533.0,5355483723.0,5187958321.0,5172981131.0,4951158321.0,7467823415.0,7467823415.0,7430634903.0,7445612093.0,7445612093.0,7430634903.0,7430634903.0,7430634903.0,7445612093.0,7430634903.0,7430634903.0,7445612093.0,7445612093.0,7500392093.0,7500392093.0,7500392093.0,7500392093.0,7500392093.0,7500392093.0,7500392093.0,7500392093.0,7500392093.0,7500392093.0,6912392093.0,6897414903.0,6897414903.0,6897414903.0,6897414903.0,6897414903.0,2970972284.0,0.0,2970972284.0,2970972284.0,189800000.0,189800000.0,189800000.0,189800000.0,189800000.0,189800000.0,0.0,0.0,0.0
Giá trị hao mòn lũy kế,-1240910402.0,-1549815154.0,-1667626326.0,,-1503092661.0,-1594157769.0,-1687597949.0,-1781739932.0,-1880061045.0,-1900105472.0,-2034344446.0,-2050272407.0,-2334529203.0,-2521054167.0,-2683170590.0,-2883221818.0,-3057723722.0,-3238392704.0,-3422343204.0,-3592327242.0,-3764125366.0,-3925933519.0,-4091780061.0,-4262031657.0,-4427878197.0,-4594282682.0,-4764694223.0,-4930700708.0,-5105517305.0,-5275928846.0,-5446340385.0,-5570152831.0,-5618387314.0,-5662216741.0,-5706046165.0,-5204893184.0,-5244317555.0,-5287589035.0,-5326837861.0,-5366102287.0,-5405366713.0,-2970972284.0,0.0,-2970972284.0,-2970972284.0,-189800000.0,-189800000.0,-189800000.0,-189800000.0,-189800000.0,-189800000.0,0.0,0.0,0.0
III. Bất động sản đầu tư,0.0,0.0,0.0,0.0,23790230456.0,23790230456.0,24347602194.0,24347602194.0,23505890741.0,22296592020.0,21691942662.0,21087293299.0,20482643941.0,20180319262.0,19877994578.0,19575669899.0,22038605870.0,0.0,0.0,0.0,0.0,0.0,0.0,0.0,0.0,0.0,0.0,0.0,0.0,0.0,0.0,16311419200.0,15680620000.0,15680620000.0,15680620000.0,15680620000.0,15680620000.0,15680620000.0,15680620000.0,15680620000.0,15680620000.0,15680620000.0,15680620000.0,15680620000.0,15680620000.0,15680620000.0,15680620000.0,15680620000.0,15680620000.0,15680620000.0,15680620000.0,15680620000.0,15680620000.0,15680620000.0
Nguyên giá,0.0,0.0,0.0,0.0,0.0,23790230456.0,24347602194.0,24347602194.0,24789857165.0,24789857165.0,24789857165.0,24789857165.0,24789857165.0,24789857165.0,24789857165.0,24789857165.0,24789857165.0,0.0,0.0,0.0,0.0,0.0,0.0,0.0,0.0,0.0,0.0,0.0,0.0,0.0,0.0,16311419200.0,15680620000.0,15680620000.0,15680620000.0,15680620000.0,15680620000.0,15680620000.0,15680620000.0,15680620000.0,15680620000.0,15680620000.0,15680620000.0,15680620000.0,15680620000.0,15680620000.0,15680620000.0,15680620000.0,15680620000.0,15680620000.0,15680620000.0,15680620000.0,15680620000.0,15680620000.0
Giá trị hao mòn lũy kế,0.0,0.0,0.0,0.0,0.0,0.0,0.0,0.0,-1283966424.0,-2493265145.0,-3097914503.0,-3702563866.0,-4307213224.0,-4609537903.0,-4911862587.0,-5214187266.0,-2751251295.0,0.0,0.0,0.0,0.0,0.0,0.0,0.0,0.0,0.0,0.0,0.0,0.0,0.0,0.0,0.0,0.0,0.0,0.0,0.0,0.0,0.0,0.0,0.0,0.0,0.0,0.0,0.0,0.0,0.0,0.0,0.0,0.0,0.0,0.0,0.0,0.0,0.0
IV. Tài sản dở dang dài hạn,46381080422.0,47242395170.0,47756454196.0,48320788869.0,24953487794.0,24984970301.0,24965169394.0,24977649394.0,24491681158.0,30591681158.0,23371681158.0,0.0,0.0,0.0,0.0,0.0,0.0,0.0,0.0,10479085674.0,6061584741.0,11078912711.0,0.0,6682361430.0,6682361430.0,6684965522.0,321300000.0,321300000.0,0.0,0.0,344327273.0,344327273.0,344327273.0,270396768.0,0.0,81100000.0,0.0,0.0,0.0,0.0,0.0,0.0,0.0,0.0,0.0,0.0,0.0,0.0,0.0,,0.0,0.0,0.0,0.0
"1. Chi phí sản xuất, kinh doanh dở dang dài hạn",,,,,,,,,,,,0.0,0.0,0.0,0.0,0.0,0.0,0.0,0.0,,0.0,11078912711.0,0.0,6682361430.0,6682361430.0,6684965522.0,321300000.0,0.0,0.0,0.0,344327273.0,344327273.0,344327273.0,0.0,0.0,0.0,0.0,0.0,0.0,0.0,0.0,0.0,0.0,0.0,0.0,0.0,0.0,0.0,0.0,,0.0,0.0,0.0,0.0
2. chi phí xây dựng cơ bản dở dang,,,,,,,,,,,,0.0,0.0,0.0,0.0,0.0,0.0,0.0,0.0,,6061584741.0,0.0,0.0,0.0,0.0,0.0,0.0,321300000.0,0.0,0.0,0.0,0.0,0.0,270396768.0,0.0,81100000.0,0.0,0.0,0.0,0.0,0.0,0.0,0.0,0.0,0.0,0.0,0.0,0.0,0.0,,0.0,0.0,0.0,0.0
V. Các khoản đầu tư tài chính dài hạn,46492590714.0,126607789933.0,138374206000.0,139374206000.0,111288173933.0,105838493712.0,110179590000.0,110179590000.0,110124025478.0,112788337328.0,137117090000.0,63051043116.0,71451043116.0,67203596284.0,70564537904.0,65848900907.0,64480683637.0,64959745452.0,29949081813.0,28511873402.0,30218592135.0,31352029942.0,19944509872.0,21393991947.0,22186091024.0,22376167219.0,20530124419.0,18817989774.0,16416093729.0,17838428036.0,17838428036.0,18547338409.0,17229339070.0,17229339070.0,17714273396.0,19249487418.0,19249487418.0,18749487418.0,18749487418.0,13770912350.0,13770912350.0,13770912350.0,13770912350.0,11680325931.0,11680325931.0,64662804717.0,64662804717.0,80618419735.0,81699151304.0,93776815586.0,93776815586.0,90514453079.0,103394453079.0,103394453079.0
1. Đầu tư vào công ty con,0.0,0.0,0.0,,0.0,0.0,0.0,0.0,0.0,0.0,0.0,0.0,0.0,0.0,0.0,0.0,0.0,0.0,0.0,0.0,0.0,0.0,0.0,0.0,0.0,0.0,0.0,0.0,0.0,0.0,-5092794028.0,0.0,0.0,0.0,0.0,0.0,0.0,0.0,0.0,0.0,0.0,0.0,0.0,0.0,0.0,0.0,0.0,0.0,0.0,0.0,0.0,0.0,0.0,0.0
"2. Đầu tư vào công ty liên kết, liên doanh",12918384714.0,16233583933.0,28000000000.0,,28233583933.0,29000000000.0,22750000000.0,22750000000.0,21119435478.0,23783747328.0,23750000000.0,19683953116.0,19683953116.0,17436506284.0,20797447904.0,17604943629.0,16236726359.0,16236726359.0,16236726359.0,23500000000.0,18166522039.0,18166522039.0,15775732392.0,17542121235.0,18334220312.0,18334220312.0,18834220312.0,15752409359.0,13350513314.0,14772847621.0,14772847621.0,15481757994.0,14820909951.0,14820909951.0,18020909951.0,16143954346.0,16143954346.0,16143954346.0,16143954346.0,1103707429.0,1103707429.0,1103707429.0,1103707429.0,1115484001.0,1115484001.0,54020510881.0,54020510881.0,69932632071.0,71013363640.0,80005567922.0,80005567922.0,81416033079.0,94296033079.0,94296033079.0
3. Đầu tư khác vào công cụ vốn,33574206000.0,110374206000.0,110374206000.0,,83054590000.0,83054590000.0,87429590000.0,87429590000.0,89004590000.0,89004590000.0,113367090000.0,43367090000.0,51767090000.0,49767090000.0,49767090000.0,49767090000.0,49767090000.0,49767090000.0,16076544944.0,15076544944.0,15076544944.0,15076544944.0,6764044944.0,7264044944.0,7264044944.0,7264044944.0,6764044944.0,7264044944.0,7264044944.0,7264044944.0,7264044944.0,7264044944.0,7264044944.0,7264044944.0,7264044944.0,8264044944.0,8264044944.0,7764044944.0,7764044944.0,18792620011.0,18792620011.0,18792620011.0,18792620011.0,16862464944.0,16862464944.0,16862464944.0,16862464944.0,16862464944.0,16862464944.0,19947924944.0,19947924944.0,9098420000.0,9098420000.0,9098420000.0
4. Dự phòng giảm giá đầu tư tài chính dài hạn,0.0,0.0,0.0,,0.0,-6216096288.0,0.0,0.0,0.0,0.0,0.0,0.0,0.0,0.0,0.0,-1523132722.0,-1523132722.0,-1044070907.0,-2364189490.0,-10064671542.0,-3024474848.0,-1891037041.0,-2595267464.0,-3412174232.0,-3412174232.0,-3222098037.0,-5068140837.0,-4198464529.0,-4198464529.0,-4198464529.0,894329499.0,-4198464529.0,-4855615825.0,-4855615825.0,-7570681499.0,-5158511872.0,-5158511872.0,-5158511872.0,-5158511872.0,-6125415090.0,-6125415090.0,-6125415090.0,-6125415090.0,-6297623014.0,-6297623014.0,-6220171108.0,-6220171108.0,-6176677280.0,-6176677280.0,-6176677280.0,-6176677280.0,0.0,0.0,0.0
5. Đầu tư nắm giữ đến ngày đáo hạn,0.0,0.0,0.0,,0.0,0.0,0.0,0.0,0.0,0.0,0.0,0.0,0.0,0.0,0.0,0.0,0.0,0.0,0.0,0.0,0.0,0.0,0.0,0.0,0.0,0.0,0.0,0.0,0.0,0.0,0.0,0.0,0.0,0.0,0.0,0.0,0.0,0.0,0.0,0.0,0.0,0.0,0.0,0.0,0.0,0.0,0.0,0.0,0.0,0.0,0.0,0.0,0.0,0.0
VI. Tổng tài sản dài hạn khác,3830363734.0,4411006568.0,4476842306.0,3881196869.0,11856395414.0,12066932405.0,12004181938.0,12071199771.0,15086310955.0,6536013659.0,5244383488.0,2814851659.0,2153291058.0,1576823663.0,1823854379.0,1536614633.0,1315439923.0,4782853045.0,1030286587.0,776976314.0,1795459506.0,1686259391.0,1374242085.0,1447313791.0,1362522943.0,1420646420.0,1219694783.0,1034718046.0,609076957.0,729701305.0,649163660.0,598190652.0,1989131412.0,474503210.0,123599539.0,735671241.0,980729898.0,960770859.0,821077943.0,684884478.0,628842428.0,406939559.0,8284071757.0,509042424.0,472452224.0,412428129.0,466243039.0,424900982.0,676464892.0,261640379.0,1587999113.0,713222026.0,731072920.0,768950680.0
1. Chi phí trả trước dài hạn,3830363734.0,4194389494.0,4165480193.0,,3466391435.0,3687718314.0,3627458794.0,3694581522.0,3155485860.0,2859582725.0,1592027199.0,2006709270.0,2136795155.0,1560327760.0,1807358476.0,1520118730.0,1298944020.0,4770946028.0,1018379570.0,776976314.0,649038313.0,870379578.0,522354945.0,677201439.0,794641894.0,776254360.0,575302723.0,601569199.0,609076957.0,729701305.0,649163660.0,598190652.0,1989131412.0,474503210.0,123599539.0,735671241.0,980729898.0,960770859.0,821077943.0,684884478.0,628842428.0,406939559.0,8284071757.0,509042424.0,472452224.0,412428129.0,466243039.0,424900982.0,676464892.0,98351043.0,1587999113.0,713222026.0,731072920.0,768950680.0
2. Tài sản Thuế thu nhập hoãn lại,0.0,216617074.0,216617074.0,,8114566000.0,8114566000.0,8114566000.0,8114566000.0,11679772170.0,3567875909.0,3567875909.0,770698506.0,0.0,0.0,0.0,0.0,0.0,0.0,0.0,0.0,815879813.0,815879813.0,851887140.0,770112352.0,567881049.0,644392060.0,644392060.0,433148847.0,0.0,0.0,0.0,0.0,0.0,0.0,0.0,0.0,0.0,0.0,0.0,0.0,0.0,0.0,0.0,0.0,0.0,0.0,0.0,0.0,0.0,163289336.0,0.0,0.0,0.0,0.0
3. Tài sản dài hạn khác,0.0,0.0,94745039.0,,275437979.0,264648091.0,262157144.0,262052249.0,251052925.0,108555025.0,84480380.0,37443883.0,16495903.0,16495903.0,16495903.0,16495903.0,16495903.0,11907017.0,11907017.0,0.0,330541380.0,0.0,0.0,0.0,0.0,0.0,0.0,0.0,0.0,0.0,0.0,0.0,0.0,0.0,0.0,0.0,0.0,0.0,0.0,0.0,0.0,0.0,0.0,0.0,0.0,0.0,0.0,0.0,0.0,0.0,0.0,0.0,0.0,0.0
VII. Lợi thế thương mại,847238799.0,1238182229.0,1176273117.0,0.0,1047205701.0,0.0,951717437.0,903973305.0,856229173.0,0.0,0.0,0.0,0.0,0.0,0.0,0.0,0.0,0.0,0.0,0.0,0.0,0.0,0.0,0.0,0.0,0.0,0.0,0.0,0.0,0.0,0.0,0.0,0.0,0.0,0.0,0.0,0.0,0.0,0.0,0.0,0.0,0.0,0.0,0.0,0.0,0.0,0.0,2268278344.0,1984743551.0,1701208756.0,1417673963.0,1134139172.0,850604377.0,567069586.0
TỔNG CỘNG TÀI SẢN,444174640539.0,521056759565.0,565038481429.0,578227334511.0,598939487623.0,537486125489.0,624606968849.0,737135468198.0,577620543414.0,584832419916.0,578813327086.0,519922795307.0,750616721059.0,631156944758.0,658702255506.0,590216448369.0,548160455117.0,628578799864.0,584491631750.0,515372137315.0,566360906369.0,650808189689.0,530947896974.0,595802234923.0,541352139137.0,569021928346.0,539682982461.0,518131769129.0,575337309161.0,666190540228.0,676976425397.0,565484499012.0,628124897425.0,608049830149.0,607399735399.0,497371420101.0,518072976390.0,546167515809.0,541071402899.0,512887197008.0,499955761330.0,594295102271.0,717222077165.0,507266717974.0,484782413479.0,513202983254.0,602892424699.0,552740143691.0,568145453125.0,597782139307.0,723794339601.0,740329016685.0,776753444112.0,820892525054.0
NGUỒN VỐN,,,,,,,,,,,,,,,,,,,,,,,,,,,,,,,,,,,0.0,,,,,,,,,,,,,,,,,,,
A. Nợ phải trả,153631711352.0,206373188634.0,250582462869.0,257036234763.0,273063161169.0,247429917408.0,222274373358.0,334530403923.0,157379655140.0,227448362156.0,245204209671.0,146462373812.0,373191331650.0,254614605202.0,281032700105.0,224998471156.0,180245781890.0,254493977912.0,205909834527.0,137541633435.0,210423013716.0,296398248090.0,153970636036.0,218190105384.0,185620496502.0,213885873447.0,210249951011.0,191441499294.0,245794356684.0,335538786580.0,345481788716.0,237231130125.0,297709546270.0,268487172246.0,282062678974.0,170555722997.0,191141243412.0,212645101654.0,209449530905.0,184119459715.0,174849814647.0,231296723554.0,387512230899.0,201772825718.0,185151935426.0,209990576659.0,283861060084.0,218574413293.0,245408936767.0,254232717513.0,374209863580.0,367179228278.0,364654697746.0,389093936601.0
I. Nợ ngắn hạn,152041122935.0,170274600262.0,213983874497.0,220437646391.0,232297482797.0,210611420658.0,145498801736.0,190836818221.0,116707291314.0,194722434441.0,216597015823.0,121118357058.0,371637745150.0,230879027320.0,256473588681.0,200574509093.0,158879211905.0,233476117292.0,204012532839.0,107120414167.0,185013563026.0,270491193439.0,132615710618.0,197953530872.0,164809953875.0,193377817937.0,206688493700.0,188977773345.0,244002724208.0,333997851382.0,342205272060.0,232990515032.0,294226486286.0,228195641998.0,239750241051.0,168529066467.0,188833148882.0,210396061206.0,206284710457.0,181894071245.0,172726708378.0,229337259686.0,386408636167.0,201272825718.0,184651935426.0,209490576659.0,283361060084.0,218074413293.0,244908936767.0,253732717513.0,373709863580.0,366679228278.0,364154697746.0,388593936601.0
1. Vay và nợ thuê tài chính ngắn hạn,65040328784.0,84343487119.0,154793108383.0,,87880500400.0,80343742907.0,34251036064.0,74710171176.0,9619466011.0,28256894175.0,13623467125.0,93000000.0,103769815063.0,84826560143.0,55679955979.0,23353371399.0,35854980172.0,56181559995.0,632482996.0,0.0,45200000.0,0.0,14652854596.0,24253852005.0,10719445400.0,4273505.0,0.0,71467500.0,21745480389.0,40112500877.0,126211903425.0,74397146238.0,93173510197.0,12399092884.0,2764706321.0,0.0,0.0,11444587658.0,0.0,0.0,0.0,0.0,29568974253.0,0.0,0.0,0.0,0.0,0.0,10234946633.0,18236832857.0,5665304122.0,35596903420.0,93210357375.0,113024797273.0
2. Vay và nợ dài hạn đến hạn phải trả,0.0,0.0,0.0,,0.0,0.0,0.0,0.0,0.0,0.0,0.0,0.0,0.0,0.0,0.0,0.0,0.0,0.0,0.0,0.0,0.0,0.0,0.0,0.0,0.0,0.0,0.0,0.0,0.0,0.0,0.0,0.0,0.0,0.0,0.0,0.0,0.0,0.0,0.0,0.0,0.0,0.0,0.0,0.0,0.0,0.0,0.0,0.0,0.0,0.0,0.0,0.0,0.0,0.0
3. Phải trả người bán ngắn hạn,33669493816.0,45202208001.0,25475085973.0,,62123047630.0,26531779569.0,56532734635.0,61327641550.0,34405014876.0,46507001256.0,64782386797.0,22310905984.0,14223578235.0,31562849169.0,36338602941.0,22013094353.0,24457060793.0,33392218061.0,44125547697.0,12888394316.0,54662030024.0,121795953045.0,40114771091.0,43064433413.0,20846611423.0,31938221755.0,35511052412.0,40682230295.0,81541692587.0,113467939435.0,77997924405.0,40221451767.0,69877089428.0,111949305723.0,117609914347.0,44982630229.0,55331707969.0,70333020474.0,78659127435.0,47983432261.0,47909257017.0,83365265152.0,163520835773.0,73093819165.0,58588702350.0,50467810195.0,85558060299.0,66661433992.0,83112090728.0,83413958492.0,129025608555.0,183641500163.0,118529649853.0,109331672509.0
4. Người mua trả tiền trước,12426757463.0,27167925825.0,27240931202.0,,8142315200.0,33484417246.0,28055677095.0,25585276973.0,17832070931.0,20783527497.0,105300676846.0,11414010696.0,59995352005.0,27250216598.0,71949804922.0,72882253286.0,13539117719.0,56484767471.0,47660130253.0,15528377255.0,48569870627.0,66536824961.0,53831314300.0,47655513752.0,50997809607.0,81727381244.0,73651707081.0,66898612228.0,62092933658.0,99636493422.0,43737715977.0,39449855581.0,42711337364.0,54253596690.0,55816104065.0,37040236722.0,45241127808.0,37753449706.0,35629414268.0,41954094998.0,38904774740.0,54855969206.0,105203968285.0,20566249386.0,25268376001.0,48363342598.0,64202501918.0,40432534190.0,41360403705.0,67811923079.0,144829692324.0,53192813072.0,58069065066.0,73122345570.0
5. Thuế và các khoản phải nộp nhà nước,6354553925.0,10091972411.0,4840565693.0,,29639738790.0,21772115396.0,16474524148.0,23741020640.0,13511708949.0,8907673740.0,533513383.0,2153873904.0,4178301599.0,2043899666.0,4878701122.0,297882350.0,800289605.0,513413113.0,2007506710.0,549206455.0,272206420.0,678897725.0,9811122788.0,1837981839.0,1733959313.0,359172895.0,5231900938.0,550804227.0,531495792.0,1467549707.0,5231421862.0,960165926.0,551228899.0,1926465521.0,2751361620.0,195951804.0,600480405.0,1776615700.0,2015281056.0,2324894268.0,672418854.0,282451502.0,525234376.0,3201002973.0,398123006.0,1169715519.0,10287731716.0,89844849.0,42769502.0,79216803.0,204223060.0,495096305.0,136285863.0,653255865.0
6. Phải trả người lao động,1095768179.0,2236288902.0,72296235.0,,1124154753.0,1710067119.0,1743268793.0,1919293399.0,2289241754.0,2796982294.0,1675498956.0,2298791648.0,1408328445.0,1566264843.0,2422583508.0,1707794971.0,1621825961.0,1619722023.0,2110775443.0,1073950012.0,215065739.0,282750570.0,8714221128.0,1503885414.0,778413353.0,186596589.0,8610007643.0,70786063.0,148338353.0,1539238347.0,6744773796.0,159202302.0,1572977174.0,1387230599.0,17797770853.0,1343401039.0,2893673603.0,2882803983.0,3547600271.0,5952642989.0,3141885168.0,2647244407.0,1307899362.0,9071244823.0,2340952690.0,2723453342.0,7404607452.0,10865722565.0,9127908579.0,3350886353.0,3688398111.0,10218387537.0,10317326608.0,2742895308.0
7. Chi phí phải trả ngắn hạn,51746842.0,195287500.0,594892490.0,,4552804579.0,4090720716.0,4624147135.0,2579946541.0,6449297955.0,3835562811.0,4802669336.0,4520308696.0,80145489277.0,7268905934.0,5268087354.0,655283357.0,2673435775.0,5936985286.0,1954505057.0,1648626290.0,1878431446.0,1013615161.0,1008147027.0,20806154.0,24340000.0,41502400.0,1178739400.0,150418773.0,41502400.0,41502400.0,467551818.0,0.0,4204236842.0,4162386180.0,3941780338.0,203162496.0,43162496.0,1113728656.0,1505856141.0,0.0,0.0,5953617733.0,5056145053.0,4922524000.0,7973832327.0,881075000.0,1453700000.0,769772772.0,1589914104.0,1723489934.0,49999998.0,2165027216.0,542320959.0,979326242.0
8. Phải trả nội bộ ngắn hạn,0.0,0.0,0.0,,0.0,0.0,0.0,0.0,0.0,0.0,62757500.0,0.0,0.0,0.0,0.0,0.0,0.0,0.0,59839242.0,0.0,0.0,0.0,0.0,0.0,0.0,0.0,0.0,0.0,0.0,0.0,0.0,0.0,0.0,-28225135304.0,-29912135304.0,0.0,0.0,0.0,0.0,0.0,0.0,0.0,0.0,0.0,0.0,0.0,0.0,0.0,0.0,0.0,0.0,0.0,0.0,0.0
9. Phải trả theo tiến độ kế hoạch hợp đồng xây dựng,0.0,0.0,0.0,,3884164033.0,3884164033.0,3884164033.0,2524057404.0,1234108194.0,62757500.0,0.0,555344509.0,0.0,0.0,0.0,0.0,0.0,0.0,0.0,0.0,0.0,0.0,-55172389.0,0.0,0.0,2468886896.0,0.0,0.0,0.0,0.0,0.0,0.0,0.0,0.0,0.0,0.0,0.0,0.0,0.0,0.0,0.0,0.0,0.0,0.0,0.0,0.0,0.0,0.0,0.0,0.0,0.0,0.0,0.0,0.0
10. Doanh thu chưa thực hiện ngắn hạn,0.0,0.0,0.0,,0.0,0.0,0.0,0.0,0.0,0.0,0.0,0.0,0.0,0.0,0.0,0.0,0.0,0.0,0.0,0.0,1474049946.0,1505678661.0,1410792512.0,1410792513.0,1410792512.0,-1058094384.0,262858000.0,297858000.0,297858000.0,297858000.0,262858000.0,262858000.0,262858000.0,262858000.0,262858000.0,2640631780.0,2708631780.0,2708631780.0,1305441780.0,1268823780.0,1864355780.0,2052355780.0,1042583780.0,789682500.0,789682500.0,1043192500.0,354220000.0,5984189886.0,5730987386.0,726194167.0,9161230629.0,3102569500.0,5380992924.0,10593300978.0
11. Phải trả ngắn hạn khác,25913198215.0,1022050196.0,2768630599.0,,34950757412.0,38483910124.0,1138767900.0,1065702620.0,26565852966.0,83572035168.0,25812774526.0,77772121621.0,107915997025.0,76360330967.0,79935852855.0,79664829377.0,79932501880.0,79346567842.0,105460861940.0,74845238070.0,77896708824.0,78677472963.0,3127659565.0,78206265782.0,78298582267.0,77709877037.0,82242228226.0,80255596259.0,77603423029.0,77434769194.0,81551122777.0,77539835218.0,81873248382.0,67032939943.0,67036492907.0,82123052397.0,82014364821.0,82383223249.0,83621989506.0,82410182949.0,80234016819.0,80180355906.0,80182995285.0,78428302871.0,78092266552.0,93641987505.0,102900238699.0,82070915039.0,82509916130.0,78390215828.0,81085406781.0,78266931065.0,77968699098.0,78146342856.0
12. Dự phòng phải trả ngắn hạn,0.0,0.0,0.0,,0.0,0.0,0.0,0.0,0.0,0.0,1733501.0,0.0,883501.0,0.0,0.0,0.0,0.0,883501.0,883501.0,586621416.0,0.0,0.0,0.0,0.0,0.0,0.0,0.0,0.0,0.0,0.0,0.0,0.0,0.0,3046901762.0,1681387904.0,0.0,0.0,0.0,0.0,0.0,0.0,0.0,0.0,11200000000.0,11200000000.0,0.0,0.0,11200000000.0,11200000000.0,0.0,0.0,0.0,0.0,0.0
13. Quỹ khen thưởng phúc lợi,7489275711.0,15380308.0,-1801636078.0,-3294426684.0,0.0,310503548.0,-1205518067.0,-2616292082.0,4800529678.0,0.0,1537853.0,0.0,0.0,0.0,0.0,0.0,0.0,0.0,0.0,353.0,0.0,353.0,0.0,0.0,0.0,0.0,0.0,0.0,0.0,0.0,0.0,0.0,0.0,0.0,0.0,0.0,0.0,0.0,0.0,0.0,0.0,0.0,0.0,0.0,0.0,11200000000.0,11200000000.0,0.0,0.0,0.0,0.0,0.0,0.0,0.0
14. Quỹ bình ổn giá,0.0,0.0,0.0,,0.0,0.0,0.0,0.0,0.0,0.0,0.0,0.0,0.0,0.0,0.0,0.0,0.0,0.0,0.0,0.0,0.0,0.0,0.0,0.0,0.0,0.0,0.0,0.0,0.0,0.0,0.0,0.0,0.0,0.0,0.0,0.0,0.0,0.0,0.0,0.0,0.0,0.0,0.0,0.0,0.0,0.0,0.0,0.0,0.0,0.0,0.0,0.0,0.0,0.0
15. Giao dịch mua bán lại trái phiếu chính phủ,0.0,0.0,0.0,,0.0,0.0,0.0,0.0,0.0,0.0,0.0,0.0,0.0,0.0,0.0,0.0,0.0,0.0,0.0,0.0,0.0,0.0,0.0,0.0,0.0,0.0,0.0,0.0,0.0,0.0,0.0,0.0,0.0,0.0,0.0,0.0,0.0,0.0,0.0,0.0,0.0,0.0,0.0,0.0,0.0,0.0,0.0,0.0,0.0,0.0,0.0,0.0,0.0,0.0
II. Nợ dài hạn,1590588417.0,36098588372.0,36598588372.0,36598588372.0,40765678372.0,36818496750.0,76775571622.0,143693585702.0,40672363826.0,32725927715.0,28607193848.0,25344016754.0,1553586500.0,23735577882.0,24559111424.0,24423962063.0,21366569985.0,21017860620.0,1897301688.0,30421219268.0,25409450690.0,25907054651.0,21354925418.0,20236574512.0,20810542627.0,20508055510.0,3561457311.0,2463725949.0,1791632476.0,1540935198.0,3276516656.0,4240615093.0,3483059984.0,40291530248.0,42312437923.0,2026656530.0,2308094530.0,2249040448.0,3164820448.0,2225388470.0,2123106269.0,1959463868.0,1103594732.0,500000000.0,500000000.0,500000000.0,500000000.0,500000000.0,500000000.0,500000000.0,500000000.0,500000000.0,500000000.0,500000000.0
1. Phải trả người bán dài hạn,0.0,0.0,0.0,,0.0,0.0,0.0,0.0,0.0,0.0,0.0,0.0,0.0,0.0,0.0,0.0,0.0,0.0,0.0,0.0,0.0,0.0,0.0,0.0,0.0,0.0,0.0,0.0,0.0,0.0,0.0,0.0,0.0,0.0,0.0,0.0,0.0,0.0,0.0,0.0,0.0,0.0,0.0,0.0,0.0,0.0,0.0,0.0,0.0,0.0,0.0,0.0,0.0,0.0
2. Chi phí phải trả dài hạn,0.0,0.0,0.0,,0.0,0.0,0.0,0.0,0.0,0.0,0.0,0.0,0.0,0.0,0.0,0.0,0.0,0.0,0.0,0.0,0.0,0.0,0.0,0.0,0.0,0.0,0.0,0.0,0.0,0.0,0.0,0.0,0.0,0.0,0.0,0.0,0.0,0.0,0.0,0.0,0.0,0.0,0.0,0.0,0.0,0.0,0.0,0.0,0.0,0.0,0.0,0.0,0.0,0.0
3. Phải trả nội bộ về vốn kinh doanh,0.0,0.0,0.0,,0.0,0.0,0.0,0.0,0.0,0.0,0.0,0.0,0.0,0.0,0.0,0.0,0.0,0.0,0.0,0.0,0.0,0.0,0.0,0.0,0.0,0.0,0.0,0.0,0.0,0.0,0.0,0.0,0.0,28225135304.0,29395366401.0,0.0,0.0,0.0,0.0,0.0,0.0,0.0,0.0,0.0,0.0,0.0,0.0,0.0,0.0,0.0,0.0,0.0,0.0,0.0
4. Phải trả nội bộ dài hạn,0.0,0.0,0.0,,0.0,0.0,35751744250.0,0.0,0.0,0.0,0.0,0.0,0.0,0.0,0.0,0.0,0.0,0.0,0.0,0.0,0.0,0.0,55172389.0,0.0,0.0,0.0,0.0,0.0,0.0,0.0,0.0,0.0,0.0,0.0,0.0,0.0,0.0,0.0,0.0,0.0,0.0,0.0,0.0,0.0,0.0,0.0,0.0,0.0,0.0,0.0,0.0,0.0,0.0,0.0
5. Phải trả dài hạn khác,0.0,36098588372.0,36598588372.0,,37898588372.0,33951406750.0,38236088372.0,37929713372.0,36646963372.0,26696963372.0,26696963372.0,1460342187.0,660342187.0,575000000.0,746499164.0,705000000.0,705000000.0,705000000.0,739000000.0,9368761437.0,832249600.0,944619600.0,728549600.0,728549600.0,817949600.0,791649600.0,838492000.0,838492000.0,900332622.0,900332622.0,900332622.0,1044257442.0,1099153165.0,11759959975.0,11700333639.0,983629820.0,1265067820.0,1206013738.0,1121793738.0,1121793738.0,1019511537.0,873882137.0,0.0,500000000.0,500000000.0,500000000.0,500000000.0,500000000.0,0.0,500000000.0,500000000.0,500000000.0,500000000.0,500000000.0
6. Vay và nợ thuê tài chính dài hạn,1559020315.0,0.0,0.0,,0.0,0.0,0.0,0.0,0.0,0.0,0.0,0.0,0.0,0.0,0.0,0.0,0.0,0.0,0.0,1118447996.0,0.0,0.0,-1118447991.0,0.0,0.0,0.0,0.0,0.0,0.0,0.0,0.0,0.0,0.0,0.0,1067281991.0,0.0,0.0,0.0,0.0,0.0,0.0,0.0,0.0,0.0,0.0,0.0,0.0,0.0,500000000.0,0.0,0.0,0.0,0.0,0.0
7. Trái phiếu chuyển đổi,0.0,0.0,0.0,,0.0,0.0,0.0,0.0,0.0,0.0,0.0,0.0,0.0,0.0,0.0,0.0,0.0,0.0,0.0,0.0,0.0,0.0,0.0,0.0,0.0,0.0,0.0,0.0,0.0,0.0,0.0,0.0,0.0,0.0,0.0,0.0,0.0,0.0,0.0,0.0,0.0,0.0,0.0,0.0,0.0,0.0,0.0,0.0,0.0,0.0,0.0,0.0,0.0,0.0
8. Thuế thu nhập hoãn lại phải trả,31568102.0,0.0,0.0,,0.0,0.0,0.0,0.0,1173436967.0,0.0,0.0,0.0,0.0,0.0,0.0,0.0,0.0,0.0,0.0,0.0,4408384466.0,5146316555.0,0.0,0.0,0.0,76511011.0,76511011.0,0.0,160572001.0,160572001.0,149455892.0,149455892.0,306434969.0,306434969.0,149455892.0,0.0,0.0,0.0,0.0,0.0,0.0,0.0,0.0,0.0,0.0,0.0,0.0,0.0,0.0,0.0,0.0,0.0,0.0,0.0
9. Dự phòng trợ cấp mất việc làm,0.0,0.0,0.0,,2146090000.0,2146090000.0,2066739000.0,1972790830.0,1936042609.0,1521494281.0,1359531078.0,0.0,0.0,0.0,0.0,612263160.0,0.0,0.0,0.0,0.0,0.0,0.0,0.0,0.0,0.0,0.0,0.0,0.0,0.0,0.0,0.0,0.0,0.0,0.0,0.0,0.0,0.0,0.0,0.0,0.0,0.0,0.0,0.0,0.0,0.0,0.0,0.0,0.0,0.0,0.0,0.0,0.0,0.0,0.0
10. Dự phòng phải trả dài hạn,0.0,0.0,0.0,,721000000.0,721000000.0,721000000.0,721000000.0,0.0,565463844.0,550699398.0,912657814.0,893244313.0,894127814.0,705913357.0,0.0,482449474.0,481655973.0,1158301688.0,0.0,587504917.0,587504917.0,2813735969.0,984807590.0,1822073833.0,1822073833.0,2646454300.0,1625233949.0,730727853.0,480030575.0,2226728142.0,3046901759.0,2077471850.0,0.0,0.0,1043026710.0,1043026710.0,1043026710.0,2043026710.0,1103594732.0,1103594732.0,1085581731.0,1103594732.0,0.0,0.0,0.0,0.0,0.0,0.0,0.0,0.0,0.0,0.0,0.0
11. Doanh thu chưa thực hiện dài hạn,0.0,0.0,0.0,,0.0,0.0,0.0,103070081500.0,915920878.0,3942006218.0,0.0,22971016753.0,0.0,22266450068.0,23106698903.0,23106698903.0,20179120511.0,19831204647.0,0.0,19934009835.0,19581311707.0,19228613579.0,18875915451.0,18523217322.0,18170519194.0,17817821066.0,0.0,0.0,0.0,0.0,0.0,0.0,0.0,0.0,0.0,0.0,0.0,0.0,0.0,0.0,0.0,0.0,0.0,0.0,0.0,0.0,0.0,0.0,0.0,0.0,0.0,0.0,0.0,0.0
12. Quỹ phát triển khoa học và công nghệ,0.0,0.0,0.0,,0.0,0.0,0.0,0.0,0.0,0.0,0.0,0.0,0.0,0.0,0.0,0.0,0.0,0.0,0.0,0.0,0.0,0.0,0.0,0.0,0.0,0.0,0.0,0.0,0.0,0.0,0.0,0.0,0.0,0.0,0.0,0.0,0.0,0.0,0.0,0.0,0.0,0.0,0.0,0.0,0.0,0.0,0.0,0.0,0.0,0.0,0.0,0.0,0.0,0.0
B. Nguồn vốn chủ sở hữu,290542929187.0,314683570931.0,314456018560.0,321191099748.0,325876326454.0,290056208081.0,402332595491.0,402605064275.0,420240888274.0,357384057760.0,333609117415.0,373460421495.0,377425389409.0,376542339556.0,377669555401.0,365217977213.0,367914673227.0,374084821952.0,378581797223.0,377830503880.0,355937892653.0,354409941599.0,376977260938.0,377612129539.0,355731642635.0,355136054899.0,329433031450.0,326690269835.0,329542952477.0,330651753648.0,331494636681.0,328253368887.0,330415351155.0,339562657903.0,325337056425.0,326815697104.0,326931732978.0,329522414155.0,331621871994.0,328767737293.0,325105946683.0,362998378717.0,329709846266.0,305493892256.0,299630478053.0,303212406595.0,319031364615.0,334165730398.0,322736516358.0,343549421794.0,349584476021.0,373149788407.0,412098746366.0,431798588453.0
I. Vốn chủ sở hữu,290542929187.0,314683570931.0,314456018560.0,321191099748.0,325876326454.0,290056208081.0,402332595491.0,402605064275.0,420240888274.0,357384057760.0,333609117415.0,373460421495.0,377425389409.0,376542339556.0,377669555401.0,365217977213.0,367914673227.0,374084821952.0,378581797223.0,377830503880.0,355937892653.0,354409941599.0,376977260938.0,377612129539.0,355731642635.0,355136054899.0,329433031450.0,326690269835.0,329542952477.0,330651753648.0,331494636681.0,328253368887.0,330415351155.0,339562657903.0,325337056425.0,326815697104.0,326931732978.0,329522414155.0,331621871994.0,328767737293.0,325105946683.0,362998378717.0,329709846266.0,305493892256.0,299630478053.0,303212406595.0,319031364615.0,334165730398.0,322736516358.0,343549421794.0,349584476021.0,373149788407.0,412098746366.0,431798588453.0
1. Vốn đầu tư của chủ sở hữu,85499980000.0,96090620000.0,96090620000.0,96090620000.0,96090620000.0,150427240000.0,178827240000.0,178827240000.0,182187240000.0,182187240000.0,179367157890.0,225590300000.0,225590300000.0,225590300000.0,225590300000.0,225590300000.0,225590300000.0,225590300000.0,225590300000.0,225590300000.0,225590300000.0,225590300000.0,225590300000.0,225590300000.0,225590300000.0,225590300000.0,225590300000.0,225590300000.0,225590300000.0,225590300000.0,225590300000.0,225590300000.0,225590300000.0,225590300000.0,225590300000.0,225590300000.0,225590300000.0,225590300000.0,225590300000.0,225590300000.0,225590300000.0,225590300000.0,225590300000.0,225590300000.0,225590300000.0,225590300000.0,225590300000.0,225590300000.0,225590300000.0,225590300000.0,225590300000.0,225590300000.0,225590300000.0,225590300000.0
2. Thặng dư vốn cổ phần,170435150000.0,170435150000.0,170435150000.0,170198486551.0,170435150000.0,115795618323.0,175643866551.0,175643866551.0,179640530000.0,179640530000.0,179003866551.0,136237470000.0,136237470000.0,136237470000.0,136237470000.0,136237470000.0,136237470000.0,136237470000.0,136237470000.0,136237470000.0,136237470000.0,136237470000.0,136237470000.0,136237470000.0,136237470000.0,136237470000.0,136237470000.0,136237470000.0,136237470000.0,136237470000.0,136237470000.0,136237470000.0,134947483468.0,134947483467.0,115684530567.0,116974517100.0,116974517100.0,116974517100.0,116974517100.0,116974517100.0,116974517100.0,116974517100.0,116974517100.0,116974517100.0,116974517100.0,116974517100.0,116974517100.0,97570067828.0,97570067828.0,97570067828.0,97570067828.0,97570067828.0,97570067828.0,97570067828.0
3. Quyền chọn chuyển đổi trái phiếu,0.0,0.0,0.0,0.0,0.0,0.0,0.0,0.0,0.0,0.0,,0.0,0.0,0.0,0.0,0.0,0.0,0.0,0.0,0.0,0.0,0.0,0.0,0.0,0.0,0.0,0.0,0.0,0.0,0.0,0.0,0.0,0.0,0.0,0.0,0.0,0.0,0.0,0.0,0.0,0.0,0.0,0.0,0.0,0.0,0.0,0.0,0.0,0.0,0.0,0.0,0.0,0.0,0.0
4. Vốn khác của chủ sở hữu,0.0,0.0,0.0,0.0,0.0,0.0,0.0,0.0,0.0,0.0,0.0,0.0,0.0,0.0,0.0,0.0,0.0,0.0,0.0,0.0,0.0,0.0,0.0,0.0,0.0,0.0,0.0,0.0,0.0,0.0,0.0,0.0,0.0,0.0,0.0,0.0,0.0,0.0,0.0,0.0,0.0,0.0,0.0,0.0,0.0,0.0,0.0,0.0,0.0,0.0,0.0,0.0,0.0,0.0
5. Cổ phiếu quỹ,-1151640000.0,-1151640000.0,-1151640000.0,-1151640000.0,-1151640000.0,-1151640000.0,-1151640000.0,-1151640000.0,-10786260780.0,-16891275032.0,-16491275032.0,-19010756592.0,-19010756592.0,-19010756592.0,-19010756592.0,-19010756592.0,-19010756592.0,-19010756592.0,-19010756592.0,-19010756592.0,-19010756592.0,-19010756592.0,-19010756592.0,-19010756592.0,-19010756592.0,-19010756592.0,-60104042632.0,-60144990832.0,-60144990832.0,-60144990832.0,-60144990832.0,-60144990832.0,-58025509272.0,-58025509272.0,-38762556372.0,-38762556371.0,-38762556372.0,-38762556372.0,-38762556372.0,-38762556372.0,-38762556372.0,-38762556372.0,-38762556372.0,-38762556372.0,-38762556372.0,-38762556372.0,-38762556372.0,0.0,0.0,0.0,0.0,0.0,0.0,0.0
6. Chênh lệch đánh giá lại tài sản,0.0,0.0,0.0,0.0,0.0,0.0,0.0,0.0,0.0,0.0,0.0,0.0,0.0,0.0,0.0,0.0,0.0,0.0,0.0,0.0,0.0,0.0,0.0,0.0,0.0,0.0,0.0,0.0,0.0,0.0,0.0,0.0,0.0,0.0,0.0,0.0,0.0,0.0,0.0,0.0,0.0,0.0,0.0,0.0,0.0,0.0,0.0,0.0,0.0,0.0,0.0,0.0,0.0,0.0
7. Chênh lệch tỷ giá hối đoái,0.0,0.0,0.0,214636077.0,-1800856659.0,86804.0,0.0,0.0,0.0,0.0,0.0,0.0,0.0,0.0,0.0,0.0,0.0,0.0,0.0,0.0,0.0,0.0,0.0,0.0,0.0,0.0,0.0,0.0,0.0,0.0,0.0,0.0,0.0,0.0,0.0,0.0,0.0,0.0,0.0,0.0,0.0,0.0,127374150.0,0.0,0.0,0.0,0.0,0.0,0.0,0.0,0.0,0.0,0.0,0.0
8. Quỹ đầu tư phát triển,6055955672.0,6055955672.0,12132604946.0,12132604946.0,3592071440.0,12788285298.0,12788285298.0,12788285298.0,12788285298.0,12788285298.0,12788285298.0,12788285298.0,12788285298.0,12788285298.0,12788285298.0,12788285298.0,12788285298.0,12788285298.0,12788285298.0,19628990984.0,19628990984.0,19628990984.0,19628990984.0,19628990984.0,19628990984.0,19628990984.0,19628990984.0,19628990984.0,19628990984.0,19628990984.0,19628990984.0,19628990984.0,19628990984.0,19628990984.0,19628990984.0,19628990983.0,19628990984.0,19628990984.0,19628990984.0,19628990984.0,19628990984.0,0.0,0.0,0.0,0.0,0.0,0.0,0.0,0.0,0.0,0.0,0.0,0.0,0.0
9. Quỹ dự phòng tài chính,2267738357.0,2267738357.0,10072694994.0,10072694994.0,0.0,12261618477.0,12261618477.0,12261618477.0,12261618477.0,6840705686.0,6840705686.0,6840705686.0,6840705686.0,6840705686.0,6840705686.0,6840705686.0,6840705686.0,6840705686.0,6840705686.0,0.0,0.0,0.0,0.0,0.0,0.0,0.0,0.0,0.0,0.0,0.0,0.0,0.0,0.0,0.0,0.0,0.0,0.0,0.0,0.0,0.0,0.0,0.0,0.0,0.0,0.0,0.0,0.0,0.0,0.0,0.0,0.0,0.0,0.0,0.0
10. Quỹ khác thuộc vốn chủ sở hữu,0.0,0.0,-88460000.0,0.0,0.0,0.0,0.0,0.0,0.0,0.0,0.0,0.0,0.0,0.0,0.0,0.0,0.0,0.0,0.0,0.0,0.0,0.0,0.0,0.0,0.0,0.0,0.0,0.0,0.0,0.0,0.0,0.0,0.0,0.0,0.0,0.0,0.0,0.0,0.0,0.0,0.0,0.0,0.0,0.0,0.0,0.0,0.0,0.0,0.0,0.0,0.0,0.0,0.0,0.0
11. Lợi nhuận sau thuế chưa phân phối,22612543291.0,40758977813.0,26777631883.0,33158023504.0,58693740378.0,-82242116.0,23955906107.0,24226806203.0,44149271780.0,-6631560949.0,-27878493214.0,11014417103.0,14979385017.0,14096335164.0,15223551009.0,2771972821.0,5468668835.0,11638817560.0,16135792831.0,15384499488.0,-6235165638.0,-8036062793.0,14531256546.0,15439035248.0,-6438511653.0,-7037039392.0,8353223199.0,5651409784.0,8507032429.0,9612893597.0,10455776630.0,7217448839.0,8549936079.0,17697242828.0,3471641350.0,3384445392.0,3500481266.0,6091162443.0,8190620282.0,5336485581.0,1674694971.0,59196117989.0,25780211388.0,1691631528.0,-4171782675.0,-589854133.0,15229103887.0,7281269139.0,-4147944901.0,16571857166.0,22992680788.0,38133516503.0,45846739240.0,59914800323.0
LNST chưa phân phối lũy kế đến cuối kỳ trước,,,,,,,,,,,,,,,,,,,,,752639710.0,,,,2897077400.0,,,,8707213609.0,,0.0,,10556889715.0,,0.0,2263017149.0,,,,3384445392.0,,24965476565.0,,222452166.0,,4923631528.0,,4281800360.0,,7218896465.0,,7281269139.0,,38133516503.0
LNST chưa phân phối kỳ này,,,,,,,,,,,,,,,,,,,,,-6987805348.0,,,,-9335589053.0,,,,-200181180.0,,10455776630.0,,-2006953636.0,,0.0,1121428243.0,,,,1952040189.0,,34230641424.0,,1469179362.0,,-5513485661.0,,2999468779.0,,9352960701.0,,30852247364.0,,21781283820.0
12. Nguồn vốn đầu tư xây dựng cơ bản,0.0,0.0,0.0,0.0,0.0,0.0,0.0,0.0,0.0,0.0,0.0,0.0,0.0,0.0,0.0,0.0,0.0,0.0,0.0,0.0,0.0,0.0,0.0,0.0,0.0,0.0,0.0,0.0,0.0,0.0,0.0,0.0,0.0,0.0,0.0,0.0,0.0,0.0,0.0,0.0,0.0,0.0,0.0,0.0,0.0,0.0,0.0,0.0,0.0,0.0,0.0,0.0,0.0,0.0
13. Quỹ hỗ trợ sắp xếp doanh nghiệp,0.0,0.0,0.0,0.0,0.0,0.0,0.0,0.0,0.0,0.0,0.0,0.0,0.0,0.0,0.0,0.0,0.0,0.0,0.0,0.0,0.0,0.0,0.0,0.0,0.0,0.0,0.0,0.0,0.0,0.0,0.0,0.0,0.0,0.0,0.0,0.0,0.0,0.0,0.0,0.0,0.0,0.0,0.0,0.0,0.0,0.0,0.0,0.0,0.0,0.0,0.0,0.0,0.0,0.0
14. Lợi ích của cổ đông không kiểm soát,4823201867.0,226769089.0,187416737.0,475673676.0,17241295.0,17241295.0,7319058.0,8887746.0,203499.0,-549867243.0,-18978733.0,0.0,0.0,0.0,0.0,0.0,0.0,0.0,0.0,0.0,-272946101.0,0.0,0.0,-272910101.0,-275850104.0,-272910101.0,-272910101.0,-272910101.0,-275850104.0,-272910101.0,-272910101.0,-275850104.0,-275850104.0,-275850104.0,-275850104.0,0.0,0.0,0.0,0.0,0.0,0.0,0.0,0.0,0.0,0.0,0.0,0.0,3724093431.0,3724093431.0,3817196800.0,3431427405.0,11855904076.0,43091639298.0,48723420302.0
II. Nguồn kinh phí và quỹ khác,0.0,0.0,0.0,0.0,0.0,0.0,0.0,0.0,0.0,0.0,0.0,0.0,0.0,0.0,0.0,0.0,0.0,0.0,0.0,0.0,0.0,0.0,0.0,0.0,0.0,0.0,0.0,0.0,0.0,0.0,0.0,0.0,0.0,0.0,0.0,0.0,0.0,0.0,0.0,0.0,0.0,0.0,0.0,0.0,0.0,0.0,0.0,0.0,0.0,0.0,0.0,0.0,0.0,0.0
1. Nguồn kinh phí ,0.0,0.0,0.0,0.0,0.0,0.0,0.0,0.0,0.0,0.0,0.0,0.0,0.0,0.0,0.0,0.0,0.0,0.0,0.0,0.0,0.0,0.0,0.0,0.0,0.0,0.0,0.0,0.0,0.0,0.0,0.0,0.0,0.0,0.0,0.0,0.0,0.0,0.0,0.0,0.0,0.0,0.0,0.0,0.0,0.0,0.0,0.0,0.0,0.0,0.0,0.0,0.0,0.0,0.0
2. Nguồn kinh phí đã hình thành tài sản cố định,0.0,0.0,0.0,0.0,0.0,0.0,0.0,0.0,0.0,0.0,0.0,0.0,0.0,0.0,0.0,0.0,0.0,0.0,0.0,0.0,0.0,0.0,0.0,0.0,0.0,0.0,0.0,0.0,0.0,0.0,0.0,0.0,0.0,0.0,0.0,0.0,0.0,0.0,0.0,0.0,0.0,0.0,0.0,0.0,0.0,0.0,0.0,0.0,0.0,0.0,0.0,0.0,0.0,0.0
3. Quỹ dự phòng trợ cấp mất việc làm,0.0,0.0,0.0,0.0,0.0,0.0,0.0,0.0,0.0,0.0,0.0,0.0,0.0,0.0,0.0,0.0,0.0,0.0,0.0,0.0,0.0,0.0,0.0,0.0,0.0,0.0,0.0,0.0,0.0,0.0,0.0,0.0,0.0,0.0,0.0,0.0,0.0,0.0,0.0,0.0,0.0,0.0,0.0,0.0,0.0,0.0,0.0,0.0,0.0,0.0,0.0,0.0,0.0,0.0
TỔNG CỘNG NGUỒN VỐN,444174640539.0,521056759565.0,565038481429.0,578227334511.0,598939487623.0,537486125489.0,624606968849.0,737135468198.0,577620543414.0,584832419916.0,578813327086.0,519922795307.0,750616721059.0,631156944758.0,658702255506.0,590216448369.0,548160455117.0,628578799864.0,584491631750.0,515372137315.0,566360906369.0,650808189689.0,530947896974.0,595802234923.0,541352139137.0,569021928346.0,539682982461.0,518131769129.0,575337309161.0,666190540228.0,676976425397.0,565484499012.0,628124897425.0,608049830149.0,607399735399.0,497371420101.0,518072976390.0,542167515809.0,541071402899.0,512887197008.0,499955761330.0,594295102271.0,717222077165.0,507266717974.0,484782413479.0,513202983254.0,602892424699.0,552740143691.0,568145453125.0,597782139307.0,723794339601.0,740329016685.0,776753444112.0,820892525054.0
