Item,Q4 2008,Q4 2009,Q1 2010,Q2 2010,Q3 2010,Q4 2010,Q1 2011,Q2 2011,Q3 2011,Q4 2011,Q1 2012,Q2 2012,Q3 2012,Q4 2012,Q1 2013,Q2 2013,Q3 2013,Q4 2013,Q1 2014,Q2 2014,Q3 2014,Q4 2014,Q1 2015,Q2 2015,Q3 2015,Q4 2015,Q1 2016,Q2 2016,Q3 2016,Q4 2016,Q1 2017,Q2 2017,Q3 2017,Q4 2017,Q1 2018,Q2 2018,Q3 2018,Q4 2018,Q1 2019,Q2 2019,Q3 2019,Q4 2019,Q1 2020,Q2 2020,Q3 2020,Q4 2020,Q1 2021,Q2 2021,Q3 2021,Q4 2021,Q1 2022,Q2 2022,Q3 2022,Q4 2022,Q1 2023
TÀI SẢN,,,,,,,,,,,,,,,,,,,,,,,,,,,,,,,,,,,,,,,,,,,,,,,,,,,,,,,
A. Tài sản lưu động và đầu tư ngắn hạn,,11545517758.0,,8694445188.0,7027767435.0,6819426441.0,10128350984.0,11997558638.0,12852788727.0,12026151339.0,11639801201.0,12420139807.0,11696174141.0,13623533411.0,12820946682.0,13052402361.0,14804095059.0,15102336956.0,14185749039.0,13461528875.0,14271142348.0,14397992486.0,14440489505.0,13560550884.0,13762485043.0,14472731844.0,14363687824.0,14984257461.0,14279858216.0,17007623210.0,16134692658.0,16764161188.0,16309973992.0,17671344790.0,15552882807.0,17353719034.0,16432491185.0,18326856526.0,16187045087.0,14255177742.0,14208684357.0,14182488501.0,11830596602.0,10274619243.0,9515794630.0,10741819315.0,7908027043.0,7342813304.0,7023962539.0,16699931706.0,29838650761.0,34392633543.0,30724229830.0,7306814864.0,6395586873.0
I. Tiền và các khoản tương đương tiền,,3376696999.0,,835333412.0,1893388386.0,1985134383.0,5040836436.0,1429368354.0,2520361140.0,3728456810.0,4708595355.0,2898716269.0,2741065567.0,3517599419.0,3019197954.0,3724902355.0,4856477237.0,3095855876.0,1510917520.0,1178275895.0,1387633486.0,1203238193.0,593761868.0,2323127396.0,2578555110.0,2164267150.0,3166025874.0,3010076486.0,1238873261.0,3965702344.0,1359083580.0,2368027493.0,2225917523.0,3149518872.0,759603251.0,1208139765.0,859312793.0,2754046361.0,1094398525.0,687769090.0,2146756357.0,3071637289.0,435356134.0,944649525.0,827390727.0,1920405851.0,163627548.0,2596365439.0,2294681796.0,294090840.0,3801102765.0,3033090172.0,3864655164.0,2669700282.0,847034011.0
1. Tiền,,2376696999.0,,835333412.0,93388386.0,85134383.0,4340836436.0,129368354.0,419361140.0,228456810.0,408595355.0,398716269.0,241065567.0,817599419.0,519197954.0,224902355.0,906477237.0,245855876.0,210917520.0,678275895.0,887633486.0,1203238193.0,593761868.0,523127396.0,778555110.0,1164267150.0,666025874.0,2010076486.0,238873261.0,1465702344.0,259083580.0,568027493.0,1725917523.0,1649518872.0,259603251.0,908139765.0,559312793.0,1454046361.0,794398525.0,387769090.0,1846756357.0,1771637289.0,435356134.0,944649525.0,827390727.0,1920405851.0,163627548.0,2596365439.0,2294681796.0,294090840.0,3801102765.0,3033090172.0,3864655164.0,2669700282.0,847034011.0
2. Các khoản tương đương tiền,,1000000000.0,,0.0,1800000000.0,1900000000.0,700000000.0,1300000000.0,2101000000.0,3500000000.0,4300000000.0,2500000000.0,2500000000.0,2700000000.0,2500000000.0,3500000000.0,3950000000.0,2850000000.0,1300000000.0,500000000.0,500000000.0,0.0,0.0,1800000000.0,1800000000.0,1000000000.0,2500000000.0,1000000000.0,1000000000.0,2500000000.0,1100000000.0,1800000000.0,500000000.0,1500000000.0,500000000.0,300000000.0,300000000.0,1300000000.0,300000000.0,300000000.0,300000000.0,1300000000.0,0.0,0.0,0.0,0.0,0.0,0.0,0.0,0.0,0.0,0.0,0.0,0.0,0.0
II. Các khoản đầu tư tài chính ngắn hạn,,7187018948.0,,6121979518.0,2121979518.0,4012000000.0,3710500000.0,9410500000.0,9410500000.0,6563114026.0,6172833564.0,7695994435.0,7200994435.0,7271698435.0,7834349018.0,8309279579.0,8389304748.0,9755770380.0,10755770380.0,11387170380.0,11320666905.0,11513953654.0,11942588074.0,10005226035.0,9719616937.0,10679004487.0,8987712887.0,10546409736.0,10546409736.0,10534409736.0,11534409736.0,11523409736.0,11450129592.0,11163419630.0,11163419630.0,11160419630.0,11160419630.0,11155919630.0,12155919630.0,11148419630.0,9984901626.0,8347622432.0,8347622432.0,7000000000.0,7000000000.0,6000000000.0,6000000000.0,2500000000.0,2500000000.0,11824220000.0,7396840203.0,3313440000.0,12430110.0,2745596.0,2592000.0
1. Chứng khoán kinh doanh,,7367018948.0,,6181979518.0,2181979518.0,5021979518.0,5021979518.0,11021979518.0,11021979518.0,6995405875.0,6605125413.0,8016931700.0,8016931700.0,8016931700.0,7995025051.0,8511663755.0,8591688924.0,9854249783.0,10854249783.0,11553947760.0,11421646308.0,11641571839.0,12070206259.0,7768118680.0,7756931380.0,7643004581.0,5951712981.0,5128389139.0,5128389139.0,5128389139.0,5128389139.0,5128389139.0,5055108995.0,3771399033.0,3771399033.0,3771399033.0,3771399033.0,3771399033.0,3771399033.0,3771399033.0,3607881029.0,968601835.0,968601835.0,0.0,0.0,0.0,0.0,0.0,0.0,11824220000.0,7396840203.0,7392808076.0,12430110.0,5297034.0,5297034.0
2. Dự phòng giảm giá chứng khoán kinh doanh,,-180000000.0,,-60000000.0,-60000000.0,-1009979518.0,-1311479518.0,-1611479518.0,-1611479518.0,-432291849.0,-432291849.0,-320937265.0,-815937265.0,-745233265.0,-160676033.0,-202384176.0,-202384176.0,-98479403.0,-98479403.0,-166777380.0,-100979403.0,-127618185.0,-127618185.0,-262892645.0,-537314443.0,-464000094.0,-464000094.0,-81979403.0,-81979403.0,-93979403.0,-93979403.0,-104979403.0,-104979403.0,-107979403.0,-107979403.0,-110979403.0,-110979403.0,-115479403.0,-115479403.0,-122979403.0,-122979403.0,-120979403.0,-120979403.0,0.0,0.0,0.0,0.0,0.0,0.0,0.0,0.0,-4079368076.0,0.0,-2551438.0,-2705034.0
3. Đầu tư nắm giữ đến ngày đáo hạn,,0.0,,0.0,0.0,0.0,0.0,0.0,0.0,0.0,0.0,0.0,0.0,0.0,0.0,0.0,0.0,0.0,0.0,0.0,0.0,0.0,0.0,2500000000.0,2500000000.0,3500000000.0,3500000000.0,5500000000.0,5500000000.0,5500000000.0,6500000000.0,6500000000.0,6500000000.0,7500000000.0,7500000000.0,7500000000.0,7500000000.0,7500000000.0,8500000000.0,7500000000.0,6500000000.0,7500000000.0,7500000000.0,7000000000.0,7000000000.0,6000000000.0,6000000000.0,2500000000.0,2500000000.0,0.0,0.0,0.0,0.0,0.0,0.0
III. Các khoản phải thu ngắn hạn,380971589.0,493461355.0,1809398140.0,1521720522.0,2917164814.0,747936220.0,1329030251.0,1135190284.0,669927587.0,1713580503.0,741372282.0,1526608103.0,1477125139.0,2761535557.0,1899399710.0,853084871.0,1548313074.0,2164710700.0,1627688308.0,655907543.0,1401713411.0,1584800639.0,1462798472.0,1197680222.0,1445887926.0,1583186942.0,2123774734.0,1197670995.0,2041905855.0,2333410728.0,3196202907.0,2847182635.0,2067653000.0,2130715139.0,2045232469.0,2904603262.0,2258048922.0,3561819743.0,2051295859.0,1930157018.0,1585628354.0,2303471965.0,2564896921.0,1846726195.0,1205290644.0,2346364195.0,1256440918.0,1762520966.0,1727864947.0,4500178281.0,18518388833.0,27213855500.0,26169546621.0,4410584583.0,3794105529.0
1. Phải thu ngắn hạn của khách hàng,97789929.0,454221355.0,1809398140.0,1392125979.0,2911158571.0,741929977.0,1326299105.0,1122581357.0,664756894.0,1276933597.0,738327598.0,1487294565.0,1476811601.0,2726847165.0,1904686165.0,758546333.0,1554999531.0,2145409033.0,896880500.0,638945867.0,1389158411.0,1580442826.0,1458440645.0,904768381.0,1201976072.0,1564492498.0,1669266156.0,709902694.0,1715945554.0,2171494725.0,2121229575.0,2503801635.0,1431767000.0,1831856250.0,1119873300.0,1873223700.0,1291585100.0,3278789700.0,1130654900.0,1465777100.0,1242828332.0,2195007346.0,2367271453.0,1627918534.0,761693189.0,1703183259.0,389323800.0,1088868200.0,1143758000.0,940714600.0,923613062.0,995863062.0,646393200.0,586893200.0,336893200.0
2. Trả trước cho người bán,283181660.0,39240000.0,0.0,129594543.0,6006243.0,6006243.0,2731146.0,2731146.0,2731146.0,2731146.0,2731146.0,39000000.0,0.0,0.0,1400000.0,0.0,0.0,0.0,3630000.0,6620000.0,3630000.0,3630000.0,3630000.0,6000000.0,0.0,0.0,0.0,0.0,12408000.0,0.0,30640000.0,30000000.0,0.0,0.0,34690000.0,9658000.0,0.0,8000000.0,0.0,1680000.0,0.0,414756.0,711220.0,711220.0,43046220.0,3711220.0,71321228.0,71503047.0,74321228.0,30000000.0,96000050.0,44500000.0,255274562.0,65921088.0,1542328482.0
3. Phải thu nội bộ ngắn hạn,0.0,0.0,0.0,0.0,0.0,0.0,0.0,0.0,0.0,0.0,0.0,0.0,0.0,0.0,0.0,0.0,0.0,0.0,0.0,0.0,0.0,0.0,0.0,0.0,0.0,0.0,0.0,0.0,0.0,0.0,0.0,0.0,0.0,0.0,0.0,0.0,0.0,0.0,0.0,0.0,0.0,0.0,0.0,0.0,0.0,0.0,0.0,0.0,0.0,0.0,0.0,0.0,0.0,0.0,0.0
4. Phải thu theo tiến độ hợp đồng xây dựng,0.0,0.0,0.0,0.0,0.0,0.0,0.0,0.0,0.0,0.0,0.0,0.0,0.0,0.0,0.0,0.0,0.0,0.0,0.0,0.0,0.0,0.0,0.0,0.0,0.0,0.0,0.0,0.0,0.0,0.0,0.0,0.0,0.0,0.0,0.0,0.0,0.0,0.0,0.0,0.0,0.0,0.0,0.0,0.0,0.0,0.0,0.0,0.0,0.0,0.0,0.0,0.0,0.0,0.0,0.0
5. Phải thu về cho vay ngắn hạn,0.0,0.0,0.0,0.0,0.0,0.0,0.0,0.0,0.0,0.0,0.0,0.0,0.0,0.0,0.0,0.0,0.0,0.0,0.0,0.0,0.0,0.0,0.0,0.0,0.0,0.0,0.0,0.0,0.0,0.0,0.0,0.0,0.0,0.0,0.0,0.0,0.0,0.0,0.0,0.0,0.0,0.0,0.0,0.0,0.0,0.0,0.0,0.0,0.0,0.0,0.0,0.0,0.0,2000000000.0,0.0
6. Phải thu ngắn hạn khác,0.0,0.0,0.0,0.0,0.0,0.0,0.0,9877781.0,2439547.0,433915760.0,313538.0,313538.0,313538.0,41688392.0,313545.0,101538538.0,313543.0,19301667.0,727177808.0,10341676.0,8925000.0,9127813.0,9127827.0,295311841.0,252311854.0,30694444.0,466508578.0,499768301.0,325552301.0,173916003.0,1056333332.0,325381000.0,647886000.0,310858889.0,902669169.0,1033721562.0,978463822.0,355030043.0,1000640959.0,542699918.0,422800022.0,212049863.0,300914248.0,316096441.0,498551235.0,737469716.0,893795890.0,700149719.0,607785719.0,3652363681.0,17621675721.0,26335392438.0,25429778859.0,1926270295.0,2083383847.0
7. Dự phòng phải thu ngắn hạn khó đòi,0.0,0.0,0.0,0.0,0.0,0.0,0.0,0.0,0.0,0.0,0.0,0.0,0.0,-7000000.0,-7000000.0,-7000000.0,-7000000.0,0.0,0.0,0.0,0.0,-8400000.0,-8400000.0,-8400000.0,-8400000.0,-12000000.0,-12000000.0,-12000000.0,-12000000.0,-12000000.0,-12000000.0,-12000000.0,-12000000.0,-12000000.0,-12000000.0,-12000000.0,-12000000.0,-80000000.0,-80000000.0,-80000000.0,-80000000.0,-104000000.0,-104000000.0,-98000000.0,-98000000.0,-98000000.0,-98000000.0,-98000000.0,-98000000.0,-122900000.0,-122900000.0,-161900000.0,-161900000.0,-168500000.0,-168500000.0
IV. Tổng hàng tồn kho,,192603057.0,,38935784.0,3991500.0,0.0,0.0,0.0,0.0,0.0,0.0,149121000.0,237849000.0,0.0,0.0,0.0,0.0,0.0,0.0,0.0,0.0,0.0,0.0,0.0,0.0,41000000.0,41000000.0,208512181.0,403669364.0,152958744.0,23854777.0,23189195.0,566273877.0,1227691149.0,1561285799.0,2074833828.0,2131368182.0,855070792.0,862089415.0,460490346.0,460056362.0,459756815.0,459379484.0,459901892.0,459771628.0,459607988.0,460585268.0,460585268.0,460585268.0,0.0,0.0,795113162.0,646208980.0,34000000.0,1741792442.0
1. Hàng tồn kho,,192603057.0,,38935784.0,3991500.0,0.0,0.0,0.0,0.0,0.0,0.0,149121000.0,237849000.0,0.0,0.0,0.0,0.0,0.0,0.0,0.0,0.0,0.0,0.0,0.0,0.0,41000000.0,41000000.0,208512181.0,403669364.0,152958744.0,23854777.0,23189195.0,566273877.0,1227691149.0,1561285799.0,2074833828.0,2131368182.0,855070792.0,862089415.0,460490346.0,460056362.0,459756815.0,459379484.0,459901892.0,459771628.0,459607988.0,460585268.0,460585268.0,460585268.0,0.0,0.0,795113162.0,646208980.0,34000000.0,1741792442.0
2. Dự phòng giảm giá hàng tồn kho,,0.0,,0.0,0.0,0.0,0.0,0.0,0.0,0.0,0.0,0.0,0.0,0.0,0.0,0.0,0.0,0.0,0.0,0.0,0.0,0.0,0.0,0.0,0.0,0.0,0.0,0.0,0.0,0.0,0.0,0.0,0.0,0.0,0.0,0.0,0.0,0.0,0.0,0.0,0.0,0.0,0.0,0.0,0.0,0.0,0.0,0.0,0.0,0.0,0.0,0.0,0.0,0.0,0.0
V. Tài sản ngắn hạn khác,,295737399.0,,176475952.0,91243217.0,74355838.0,47984297.0,22500000.0,252000000.0,21000000.0,17000000.0,149700000.0,39140000.0,72700000.0,68000000.0,165135556.0,10000000.0,86000000.0,291372831.0,240175057.0,161128546.0,96000000.0,441341091.0,34517231.0,18425070.0,5273265.0,45174329.0,21588063.0,49000000.0,21141658.0,21141658.0,2352129.0,0.0,0.0,23341658.0,5722549.0,23341658.0,0.0,23341658.0,28341658.0,31341658.0,0.0,23341631.0,23341631.0,23341631.0,15441281.0,27373309.0,23341631.0,40830528.0,81442585.0,122318960.0,37134709.0,31388955.0,189784403.0,10062891.0
1. Chi phí trả trước ngắn hạn,,62344999.0,,39675952.0,29060405.0,0.0,0.0,7500000.0,0.0,0.0,0.0,0.0,0.0,0.0,0.0,28135556.0,0.0,0.0,0.0,0.0,0.0,0.0,0.0,0.0,0.0,0.0,0.0,0.0,0.0,0.0,0.0,0.0,0.0,0.0,0.0,0.0,0.0,0.0,0.0,0.0,0.0,0.0,0.0,0.0,0.0,0.0,0.0,0.0,0.0,0.0,0.0,24016978.0,16811887.0,12606796.0,4785038.0
2. Thuế giá trị gia tăng được khấu trừ,,0.0,,0.0,0.0,0.0,0.0,0.0,0.0,0.0,0.0,0.0,0.0,0.0,0.0,0.0,0.0,0.0,0.0,0.0,0.0,0.0,0.0,0.0,0.0,0.0,0.0,0.0,0.0,0.0,0.0,0.0,0.0,0.0,0.0,0.0,0.0,0.0,0.0,0.0,0.0,0.0,0.0,0.0,0.0,0.0,2463159.0,0.0,8260864.0,73187552.0,102148944.0,0.0,0.0,177177607.0,0.0
3. Thuế và các khoản phải thu Nhà nước,,16984297.0,,0.0,4282812.0,13355838.0,16984297.0,0.0,0.0,0.0,0.0,0.0,0.0,0.0,0.0,0.0,0.0,0.0,372831.0,12728693.0,0.0,0.0,26861091.0,34517231.0,18425070.0,5273265.0,45174329.0,21588063.0,0.0,21141658.0,21141658.0,2352129.0,0.0,0.0,23341658.0,5722549.0,23341658.0,0.0,23341658.0,28341658.0,31341658.0,0.0,23341631.0,23341631.0,23341631.0,15441281.0,24910150.0,23341631.0,32569664.0,8255033.0,20170016.0,13117731.0,14577068.0,0.0,5277853.0
4. Giao dịch mua bán lại trái phiếu chính phủ,,0.0,,0.0,0.0,0.0,0.0,0.0,0.0,0.0,0.0,0.0,0.0,0.0,0.0,0.0,0.0,0.0,0.0,0.0,0.0,0.0,0.0,0.0,0.0,0.0,0.0,0.0,0.0,0.0,0.0,0.0,0.0,0.0,0.0,0.0,0.0,0.0,0.0,0.0,0.0,0.0,0.0,0.0,0.0,0.0,0.0,0.0,0.0,0.0,0.0,0.0,0.0,0.0,0.0
5. Tài sản ngắn hạn khác,,216408103.0,,136800000.0,57900000.0,61000000.0,31000000.0,15000000.0,252000000.0,21000000.0,17000000.0,149700000.0,39140000.0,72700000.0,68000000.0,137000000.0,10000000.0,86000000.0,291000000.0,227446364.0,161128546.0,96000000.0,414480000.0,0.0,0.0,0.0,0.0,0.0,49000000.0,0.0,0.0,0.0,0.0,0.0,0.0,0.0,0.0,0.0,0.0,0.0,0.0,0.0,0.0,0.0,0.0,0.0,0.0,0.0,0.0,0.0,0.0,0.0,0.0,0.0,0.0
B. Tài sản cố định và đầu tư dài hạn,,185242868.0,,7822482881.0,8108718869.0,8024140981.0,7925014179.0,2355955075.0,2335719629.0,2242975497.0,2230742525.0,2209502377.0,2276786673.0,2260926018.0,2234720413.0,2187055010.0,2178621677.0,2170188344.0,2161755011.0,2161755000.0,2161755000.0,2161755000.0,2161755000.0,2161755000.0,2161755000.0,2161755000.0,2161755000.0,2161755000.0,2267310583.0,71222232.0,134583331.0,71233330.0,29000000.0,71222222.0,124000000.0,71222222.0,107615568.0,107615568.0,107615568.0,999713182.0,2311041364.0,4014339669.0,3960376273.0,3938633443.0,4592743755.0,5103166460.0,5334115635.0,5520762810.0,5495549985.0,8560291482.0,8415508636.0,6924398960.0,6912027545.0,18907456130.0,18895084715.0
I. Các khoản phải thu dài hạn,,0.0,,0.0,0.0,0.0,0.0,0.0,0.0,0.0,0.0,0.0,0.0,0.0,0.0,0.0,0.0,0.0,0.0,0.0,0.0,0.0,0.0,0.0,0.0,0.0,0.0,0.0,0.0,0.0,0.0,0.0,0.0,0.0,0.0,29000000.0,0.0,10000000.0,10000000.0,10000000.0,10000000.0,10000000.0,10000000.0,10000000.0,10000000.0,10000000.0,10000000.0,14500000.0,14500000.0,58400000.0,58400000.0,6058400000.0,6058400000.0,58400000.0,58400000.0
1. Phải thu dài hạn của khách hàng,,0.0,,0.0,0.0,0.0,0.0,0.0,0.0,0.0,0.0,0.0,0.0,0.0,0.0,0.0,0.0,0.0,0.0,0.0,0.0,0.0,0.0,0.0,0.0,0.0,0.0,0.0,0.0,0.0,0.0,0.0,0.0,0.0,0.0,0.0,0.0,0.0,0.0,0.0,0.0,0.0,0.0,0.0,0.0,0.0,0.0,0.0,0.0,0.0,0.0,0.0,0.0,0.0,0.0
2. Vốn kinh doanh tại các đơn vị trực thuộc,,0.0,,0.0,0.0,0.0,0.0,0.0,0.0,0.0,0.0,0.0,0.0,0.0,0.0,0.0,0.0,0.0,0.0,0.0,0.0,0.0,0.0,0.0,0.0,0.0,0.0,0.0,0.0,0.0,0.0,0.0,0.0,0.0,0.0,0.0,0.0,0.0,0.0,0.0,0.0,0.0,0.0,0.0,0.0,0.0,0.0,0.0,0.0,0.0,0.0,0.0,0.0,0.0,0.0
3. Phải thu dài hạn nội bộ,,0.0,,0.0,0.0,0.0,0.0,0.0,0.0,0.0,0.0,0.0,0.0,0.0,0.0,0.0,0.0,0.0,0.0,0.0,0.0,0.0,0.0,0.0,0.0,0.0,0.0,0.0,0.0,0.0,0.0,0.0,0.0,0.0,0.0,0.0,0.0,0.0,0.0,0.0,0.0,0.0,0.0,0.0,0.0,0.0,0.0,0.0,0.0,0.0,0.0,0.0,0.0,0.0,0.0
4. Phải thu về cho vay dài hạn,,0.0,,0.0,0.0,0.0,0.0,0.0,0.0,0.0,0.0,0.0,0.0,0.0,0.0,0.0,0.0,0.0,0.0,0.0,0.0,0.0,0.0,0.0,0.0,0.0,0.0,0.0,0.0,0.0,0.0,0.0,0.0,0.0,0.0,0.0,0.0,0.0,0.0,0.0,0.0,0.0,0.0,0.0,0.0,0.0,0.0,0.0,0.0,0.0,0.0,6000000000.0,6000000000.0,0.0,0.0
5. Phải thu dài hạn khác,,0.0,,0.0,0.0,0.0,0.0,0.0,0.0,0.0,0.0,0.0,0.0,0.0,0.0,0.0,0.0,0.0,0.0,0.0,0.0,0.0,0.0,0.0,0.0,0.0,0.0,0.0,0.0,0.0,0.0,0.0,0.0,0.0,0.0,29000000.0,0.0,10000000.0,10000000.0,10000000.0,10000000.0,10000000.0,10000000.0,10000000.0,10000000.0,10000000.0,10000000.0,14500000.0,14500000.0,58400000.0,58400000.0,58400000.0,58400000.0,58400000.0,58400000.0
6. Dự phòng phải thu dài hạn khó đòi,,0.0,,0.0,0.0,0.0,0.0,0.0,0.0,0.0,0.0,0.0,0.0,0.0,0.0,0.0,0.0,0.0,0.0,0.0,0.0,0.0,0.0,0.0,0.0,0.0,0.0,0.0,0.0,0.0,0.0,0.0,0.0,0.0,0.0,0.0,0.0,0.0,0.0,0.0,0.0,0.0,0.0,0.0,0.0,0.0,0.0,0.0,0.0,0.0,0.0,0.0,0.0,0.0,0.0
II. Tài sản cố định,,185242868.0,,171762881.0,457998869.0,373420981.0,274294179.0,194200075.0,173964629.0,81220497.0,68987525.0,47747377.0,115031673.0,99171018.0,72965413.0,25300010.0,16866677.0,8433344.0,11.0,0.0,0.0,0.0,0.0,0.0,0.0,0.0,0.0,0.0,0.0,0.0,0.0,0.0,0.0,0.0,0.0,0.0,0.0,0.0,0.0,989713182.0,989713182.0,989713182.0,989713182.0,964970352.0,952598937.0,940227522.0,927856107.0,915484692.0,903113277.0,5753065002.0,5616018636.0,865998960.0,853627545.0,841256130.0,828884715.0
1. Tài sản cố định hữu hình,87740242.0,185242868.0,,171762881.0,457998869.0,373420981.0,274294179.0,194200075.0,173964629.0,81220497.0,68987525.0,47747377.0,115031673.0,99171018.0,72965413.0,25300010.0,16866677.0,8433344.0,11.0,0.0,0.0,0.0,0.0,0.0,0.0,0.0,0.0,0.0,0.0,0.0,0.0,0.0,0.0,0.0,0.0,0.0,0.0,0.0,0.0,0.0,0.0,0.0,0.0,0.0,0.0,0.0,0.0,0.0,0.0,0.0,0.0,0.0,0.0,0.0,0.0
Nguyên giá,160551567.0,357032610.0,,424497891.0,824998759.0,832511426.0,849147790.0,861775063.0,937402335.0,899688049.0,912008049.0,912008049.0,1000958049.0,1016867140.0,1016867140.0,753454249.0,753454249.0,753454249.0,753454249.0,753454249.0,753454249.0,753454249.0,753454249.0,753454249.0,753454249.0,753454249.0,753454249.0,753454249.0,753454249.0,753454249.0,753454249.0,753454249.0,753454249.0,753454249.0,753454249.0,753454249.0,753454249.0,753454249.0,753454249.0,753454249.0,753454249.0,753454249.0,753454249.0,753454249.0,753454249.0,753454249.0,753454249.0,753454249.0,753454249.0,753454249.0,753454249.0,753454249.0,753454249.0,753454249.0,753454249.0
Giá trị hao mòn lũy kế,-72811325.0,-171789742.0,,-252735010.0,-366999890.0,-459090445.0,-574853611.0,-667574988.0,-763437706.0,-818467552.0,-843020524.0,-864260672.0,-885926376.0,-917696122.0,-943901727.0,-728154239.0,-736587572.0,-745020905.0,-753454238.0,-753454249.0,-753454249.0,-753454249.0,-753454249.0,-753454249.0,-753454249.0,-753454249.0,-753454249.0,-753454249.0,-753454249.0,-753454249.0,-753454249.0,-753454249.0,-753454249.0,-753454249.0,-753454249.0,-753454249.0,-753454249.0,-753454249.0,-753454249.0,-753454249.0,-753454249.0,-753454249.0,-753454249.0,-753454249.0,-753454249.0,-753454249.0,-753454249.0,-753454249.0,-753454249.0,-753454249.0,-753454249.0,-753454249.0,-753454249.0,-753454249.0,-753454249.0
2. Tài sản cố định thuê tài chính,,0.0,,0.0,0.0,0.0,0.0,0.0,0.0,0.0,0.0,0.0,0.0,0.0,0.0,0.0,0.0,0.0,0.0,0.0,0.0,0.0,0.0,0.0,0.0,0.0,0.0,0.0,0.0,0.0,0.0,0.0,0.0,0.0,0.0,0.0,0.0,0.0,0.0,0.0,0.0,0.0,0.0,0.0,0.0,0.0,0.0,0.0,0.0,0.0,0.0,0.0,0.0,0.0,0.0
Nguyên giá,,0.0,,0.0,0.0,0.0,0.0,0.0,0.0,0.0,0.0,0.0,0.0,0.0,0.0,0.0,0.0,0.0,0.0,0.0,0.0,0.0,0.0,0.0,0.0,0.0,0.0,0.0,0.0,0.0,0.0,0.0,0.0,0.0,0.0,0.0,0.0,0.0,0.0,0.0,0.0,0.0,0.0,0.0,0.0,0.0,0.0,0.0,0.0,0.0,0.0,0.0,0.0,0.0,0.0
Giá trị hao mòn lũy kế,,0.0,,0.0,0.0,0.0,0.0,0.0,0.0,0.0,0.0,0.0,0.0,0.0,0.0,0.0,0.0,0.0,0.0,0.0,0.0,0.0,0.0,0.0,0.0,0.0,0.0,0.0,0.0,0.0,0.0,0.0,0.0,0.0,0.0,0.0,0.0,0.0,0.0,0.0,0.0,0.0,0.0,0.0,0.0,0.0,0.0,0.0,0.0,0.0,0.0,0.0,0.0,0.0,0.0
3. Tài sản cố định vô hình,,0.0,,0.0,0.0,0.0,0.0,0.0,0.0,0.0,0.0,0.0,0.0,0.0,0.0,0.0,0.0,0.0,0.0,0.0,0.0,0.0,0.0,0.0,0.0,0.0,0.0,0.0,0.0,0.0,0.0,0.0,0.0,0.0,0.0,0.0,0.0,0.0,0.0,989713182.0,989713182.0,989713182.0,989713182.0,964970352.0,952598937.0,940227522.0,927856107.0,915484692.0,903113277.0,5753065002.0,5616018636.0,865998960.0,853627545.0,841256130.0,828884715.0
Nguyên giá,,0.0,,0.0,0.0,0.0,0.0,0.0,0.0,0.0,0.0,0.0,0.0,0.0,0.0,0.0,0.0,0.0,0.0,0.0,0.0,0.0,0.0,0.0,0.0,0.0,0.0,0.0,0.0,0.0,0.0,0.0,0.0,0.0,0.0,0.0,0.0,0.0,0.0,989713182.0,989713182.0,989713182.0,989713182.0,989713182.0,989713182.0,989713182.0,989713182.0,989713182.0,989713182.0,5976711273.0,5976711273.0,989713110.0,989713110.0,989713110.0,989713110.0
Giá trị hao mòn lũy kế,,0.0,,0.0,0.0,0.0,0.0,0.0,0.0,0.0,0.0,0.0,0.0,0.0,0.0,0.0,0.0,0.0,0.0,0.0,0.0,0.0,0.0,0.0,0.0,0.0,0.0,0.0,0.0,0.0,0.0,0.0,0.0,0.0,0.0,0.0,0.0,0.0,0.0,0.0,0.0,0.0,0.0,-24742830.0,-37114245.0,-49485660.0,-61857075.0,-74228490.0,-86599905.0,-223646271.0,-360692637.0,-123714150.0,-136085565.0,-148456980.0,-160828395.0
III. Bất động sản đầu tư,,0.0,,7650720000.0,7650720000.0,7650720000.0,7650720000.0,2161755000.0,2161755000.0,2161755000.0,2161755000.0,2161755000.0,2161755000.0,2161755000.0,2161755000.0,2161755000.0,2161755000.0,2161755000.0,2161755000.0,2161755000.0,2161755000.0,2161755000.0,2161755000.0,2161755000.0,2161755000.0,2161755000.0,2161755000.0,2161755000.0,2161755000.0,0.0,0.0,0.0,0.0,0.0,0.0,0.0,0.0,0.0,0.0,0.0,0.0,0.0,0.0,0.0,0.0,0.0,0.0,0.0,0.0,0.0,0.0,0.0,0.0,0.0,0.0
Nguyên giá,,0.0,,7650720000.0,7650720000.0,7650720000.0,7650720000.0,2161755000.0,2161755000.0,2161755000.0,2161755000.0,2161755000.0,2161755000.0,2161755000.0,2161755000.0,2161755000.0,2161755000.0,2161755000.0,2161755000.0,2161755000.0,2161755000.0,2161755000.0,2161755000.0,2161755000.0,2161755000.0,2161755000.0,2161755000.0,2161755000.0,2161755000.0,0.0,0.0,0.0,0.0,0.0,0.0,0.0,0.0,0.0,0.0,0.0,0.0,0.0,0.0,0.0,0.0,0.0,0.0,0.0,0.0,0.0,0.0,0.0,0.0,0.0,0.0
Giá trị hao mòn lũy kế,,0.0,,0.0,0.0,0.0,0.0,0.0,0.0,0.0,0.0,0.0,0.0,0.0,0.0,0.0,0.0,0.0,0.0,0.0,0.0,0.0,0.0,0.0,0.0,0.0,0.0,0.0,0.0,0.0,0.0,0.0,0.0,0.0,0.0,0.0,0.0,0.0,0.0,0.0,0.0,0.0,0.0,0.0,0.0,0.0,0.0,0.0,0.0,0.0,0.0,0.0,0.0,0.0,0.0
IV. Tài sản dở dang dài hạn,,0.0,,0.0,0.0,0.0,0.0,0.0,0.0,0.0,0.0,0.0,0.0,0.0,0.0,0.0,0.0,0.0,0.0,0.0,0.0,0.0,0.0,0.0,0.0,0.0,0.0,0.0,0.0,0.0,0.0,0.0,0.0,0.0,0.0,0.0,0.0,0.0,0.0,0.0,1311328182.0,2738663091.0,2943063091.0,2950863091.0,3622144818.0,4124044818.0,4376494818.0,4549294818.0,4549294818.0,2741090000.0,2741090000.0,0.0,0.0,18007800000.0,18007800000.0
"1. Chi phí sản xuất, kinh doanh dở dang dài hạn",,0.0,,0.0,0.0,0.0,0.0,0.0,0.0,0.0,0.0,0.0,0.0,0.0,0.0,0.0,0.0,0.0,0.0,0.0,0.0,0.0,0.0,0.0,0.0,0.0,0.0,0.0,0.0,0.0,0.0,0.0,0.0,0.0,0.0,0.0,0.0,0.0,0.0,0.0,0.0,0.0,0.0,0.0,0.0,0.0,0.0,0.0,0.0,0.0,0.0,0.0,0.0,0.0,0.0
2. chi phí xây dựng cơ bản dở dang,,0.0,,0.0,0.0,0.0,0.0,0.0,0.0,0.0,0.0,0.0,0.0,0.0,0.0,0.0,0.0,0.0,0.0,0.0,0.0,0.0,0.0,0.0,0.0,0.0,0.0,0.0,0.0,0.0,0.0,0.0,0.0,0.0,0.0,0.0,0.0,0.0,0.0,0.0,1311328182.0,2738663091.0,2943063091.0,2950863091.0,3622144818.0,4124044818.0,4376494818.0,4549294818.0,4549294818.0,2741090000.0,2741090000.0,0.0,0.0,18007800000.0,18007800000.0
V. Các khoản đầu tư tài chính dài hạn,,0.0,,0.0,0.0,0.0,0.0,0.0,0.0,0.0,0.0,0.0,0.0,0.0,0.0,0.0,0.0,0.0,0.0,0.0,0.0,0.0,0.0,0.0,0.0,0.0,0.0,0.0,0.0,0.0,0.0,0.0,0.0,0.0,0.0,0.0,0.0,0.0,0.0,0.0,0.0,0.0,0.0,0.0,0.0,0.0,0.0,0.0,0.0,0.0,0.0,0.0,0.0,0.0,0.0
1. Đầu tư vào công ty con,,0.0,,0.0,0.0,0.0,0.0,0.0,0.0,0.0,0.0,0.0,0.0,0.0,0.0,0.0,0.0,0.0,0.0,0.0,0.0,0.0,0.0,0.0,0.0,0.0,0.0,0.0,0.0,0.0,0.0,0.0,0.0,0.0,0.0,0.0,0.0,0.0,0.0,0.0,0.0,0.0,0.0,0.0,0.0,0.0,0.0,0.0,0.0,0.0,0.0,0.0,0.0,0.0,0.0
"2. Đầu tư vào công ty liên kết, liên doanh",,0.0,,0.0,0.0,0.0,0.0,0.0,0.0,0.0,0.0,0.0,0.0,0.0,0.0,0.0,0.0,0.0,0.0,0.0,0.0,0.0,0.0,0.0,0.0,0.0,0.0,0.0,0.0,0.0,0.0,0.0,0.0,0.0,0.0,0.0,0.0,0.0,0.0,0.0,0.0,0.0,0.0,0.0,0.0,0.0,0.0,0.0,0.0,0.0,0.0,0.0,0.0,0.0,0.0
3. Đầu tư khác vào công cụ vốn,,0.0,,0.0,0.0,0.0,0.0,0.0,0.0,0.0,0.0,0.0,0.0,0.0,0.0,0.0,0.0,0.0,0.0,0.0,0.0,0.0,0.0,0.0,0.0,0.0,0.0,0.0,0.0,0.0,0.0,0.0,0.0,0.0,0.0,0.0,0.0,0.0,0.0,0.0,0.0,0.0,0.0,0.0,0.0,0.0,0.0,0.0,0.0,0.0,0.0,0.0,0.0,0.0,0.0
4. Dự phòng giảm giá đầu tư tài chính dài hạn,,0.0,,0.0,0.0,0.0,0.0,0.0,0.0,0.0,0.0,0.0,0.0,0.0,0.0,0.0,0.0,0.0,0.0,0.0,0.0,0.0,0.0,0.0,0.0,0.0,0.0,0.0,0.0,0.0,0.0,0.0,0.0,0.0,0.0,0.0,0.0,0.0,0.0,0.0,0.0,0.0,0.0,0.0,0.0,0.0,0.0,0.0,0.0,0.0,0.0,0.0,0.0,0.0,0.0
5. Đầu tư nắm giữ đến ngày đáo hạn,,0.0,,0.0,0.0,0.0,0.0,0.0,0.0,0.0,0.0,0.0,0.0,0.0,0.0,0.0,0.0,0.0,0.0,0.0,0.0,0.0,0.0,0.0,0.0,0.0,0.0,0.0,0.0,0.0,0.0,0.0,0.0,0.0,0.0,0.0,0.0,0.0,0.0,0.0,0.0,0.0,0.0,0.0,0.0,0.0,0.0,0.0,0.0,0.0,0.0,0.0,0.0,0.0,0.0
VI. Tổng tài sản dài hạn khác,,0.0,,0.0,0.0,0.0,0.0,0.0,0.0,0.0,0.0,0.0,0.0,0.0,0.0,0.0,0.0,0.0,0.0,0.0,0.0,0.0,0.0,0.0,0.0,0.0,0.0,0.0,105555583.0,71222232.0,134583331.0,71233330.0,29000000.0,71222222.0,124000000.0,42222222.0,107615568.0,97615568.0,97615568.0,0.0,0.0,275963396.0,17600000.0,12800000.0,8000000.0,28894120.0,19764710.0,41483300.0,28641890.0,7736480.0,0.0,0.0,0.0,0.0,0.0
1. Chi phí trả trước dài hạn,,0.0,,0.0,0.0,0.0,0.0,0.0,0.0,0.0,0.0,0.0,0.0,0.0,0.0,0.0,0.0,0.0,0.0,0.0,0.0,0.0,0.0,0.0,0.0,0.0,0.0,0.0,126666700.0,42222232.0,105583331.0,42233330.0,0.0,42222222.0,95000000.0,42222222.0,97615568.0,97615568.0,97615568.0,0.0,0.0,275963396.0,17600000.0,12800000.0,8000000.0,28894120.0,19764710.0,41483300.0,28641890.0,7736480.0,0.0,0.0,0.0,0.0,0.0
2. Tài sản Thuế thu nhập hoãn lại,,0.0,,0.0,0.0,0.0,0.0,0.0,0.0,0.0,0.0,0.0,0.0,0.0,0.0,0.0,0.0,0.0,0.0,0.0,0.0,0.0,0.0,0.0,0.0,0.0,0.0,0.0,0.0,0.0,0.0,0.0,0.0,0.0,0.0,0.0,0.0,0.0,0.0,0.0,0.0,0.0,0.0,0.0,0.0,0.0,0.0,0.0,0.0,0.0,0.0,0.0,0.0,0.0,0.0
3. Tài sản dài hạn khác,,0.0,,0.0,0.0,0.0,0.0,0.0,0.0,0.0,0.0,0.0,0.0,0.0,0.0,0.0,0.0,0.0,0.0,0.0,0.0,0.0,0.0,0.0,0.0,0.0,0.0,0.0,-21111117.0,29000000.0,29000000.0,29000000.0,29000000.0,29000000.0,29000000.0,0.0,10000000.0,0.0,0.0,0.0,0.0,0.0,0.0,0.0,0.0,0.0,0.0,0.0,0.0,0.0,0.0,0.0,0.0,0.0,0.0
VII. Lợi thế thương mại,,0.0,,0.0,0.0,0.0,0.0,0.0,0.0,0.0,0.0,0.0,0.0,0.0,0.0,0.0,0.0,0.0,0.0,0.0,0.0,0.0,0.0,0.0,0.0,0.0,0.0,0.0,0.0,0.0,0.0,0.0,0.0,0.0,0.0,0.0,0.0,0.0,0.0,0.0,0.0,0.0,0.0,0.0,0.0,0.0,0.0,0.0,0.0,0.0,0.0,0.0,0.0,0.0,0.0
TỔNG CỘNG TÀI SẢN,,11730760626.0,,16516928069.0,15136486304.0,14843567422.0,18053365163.0,14353513713.0,15188508356.0,14269126836.0,13870543726.0,14629642184.0,13972960814.0,15884459429.0,15055667095.0,15239457371.0,16982716736.0,17272525300.0,16347504050.0,15623283875.0,16432897348.0,16559747486.0,16602244505.0,15722305884.0,15924240043.0,16634486844.0,16525442824.0,17146012461.0,16547168799.0,17078845442.0,16269275989.0,16835394518.0,16338973992.0,17742567012.0,15676882807.0,17424941256.0,16540106753.0,18434472094.0,16294660655.0,15254890924.0,16519725721.0,18196828170.0,15790972875.0,14213252686.0,14108538385.0,15844985775.0,13242142678.0,12863576114.0,12519512524.0,25260223188.0,38254159397.0,41317032503.0,37636257375.0,26214270994.0,25290671588.0
NGUỒN VỐN,,,,,,,,,,,,,,,,,,,,,,,,,,,,,,,,,,,,,,,,,,,,,,,,,,,,,,,
A. Nợ phải trả,348686536.0,515929618.0,812819787.0,3865449590.0,1058158519.0,1549669997.0,5917919032.0,1190733306.0,1160778175.0,1778968681.0,1058751061.0,1808260333.0,1215238164.0,2044855005.0,798952238.0,852621277.0,1959828896.0,2455067939.0,849448897.0,1389473380.0,1633712594.0,1455705203.0,1911340492.0,870097902.0,994580381.0,1146090084.0,805872260.0,878411480.0,1071985173.0,1642243196.0,498789499.0,537984626.0,621648394.0,1704770623.0,365015274.0,490109621.0,315471917.0,1452201233.0,187249707.0,392362189.0,291286293.0,1099055044.0,902651985.0,510592007.0,327285984.0,241783556.0,340133094.0,274142704.0,459068617.0,4529199666.0,12742807595.0,19489521535.0,14626394337.0,2497397094.0,1548612923.0
I. Nợ ngắn hạn,348686536.0,515929618.0,812819787.0,3865449590.0,1058158519.0,1549669997.0,5917919032.0,1190733306.0,1160778175.0,1778968681.0,1058751061.0,1808260333.0,1215238164.0,2044855005.0,798952238.0,852621277.0,1959828896.0,2235067939.0,656504424.0,1118156180.0,1312395394.0,1299720003.0,1705355292.0,624112702.0,767867908.0,1034064431.0,693846607.0,766385827.0,959959520.0,1530217543.0,386763846.0,537984626.0,621648394.0,1604412623.0,365015274.0,490109621.0,315471917.0,1452201233.0,187249707.0,392362189.0,291286293.0,1099055044.0,902651985.0,510592007.0,327285984.0,241783556.0,340133094.0,274142704.0,459068617.0,4529199666.0,12742807595.0,19489521535.0,14626394337.0,2497397094.0,1548612923.0
1. Vay và nợ thuê tài chính ngắn hạn,0.0,0.0,0.0,3500000000.0,0.0,500000000.0,1000000000.0,0.0,0.0,0.0,0.0,0.0,0.0,0.0,0.0,0.0,0.0,0.0,0.0,0.0,0.0,0.0,0.0,0.0,0.0,0.0,0.0,0.0,0.0,0.0,0.0,0.0,0.0,0.0,0.0,0.0,0.0,0.0,0.0,0.0,0.0,0.0,0.0,0.0,0.0,0.0,0.0,0.0,0.0,1000000000.0,0.0,0.0,0.0,0.0,0.0
2. Vay và nợ dài hạn đến hạn phải trả,0.0,0.0,0.0,0.0,0.0,0.0,0.0,0.0,0.0,0.0,0.0,0.0,0.0,0.0,0.0,0.0,0.0,0.0,0.0,0.0,0.0,0.0,0.0,0.0,0.0,0.0,0.0,0.0,0.0,0.0,0.0,0.0,0.0,0.0,0.0,0.0,0.0,0.0,0.0,0.0,0.0,0.0,0.0,0.0,0.0,0.0,0.0,0.0,0.0,0.0,0.0,0.0,0.0,0.0,0.0
3. Phải trả người bán ngắn hạn,126685048.0,148500400.0,505557345.0,178204401.0,364185427.0,391274304.0,492356401.0,168517301.0,204790003.0,182503000.0,146496000.0,181451672.0,106761856.0,259895856.0,234913856.0,186061000.0,269475200.0,138293240.0,155771000.0,216975000.0,262326318.0,63855000.0,510659563.0,239576818.0,342283818.0,65080000.0,349826350.0,277086817.0,416474500.0,54170000.0,121305000.0,145230000.0,163040000.0,6456000.0,76155000.0,154630000.0,143185000.0,483145000.0,108560000.0,187700000.0,0.0,404020926.0,542685926.0,147738097.0,6760000.0,3180000.0,58647000.0,64500000.0,220009182.0,415821154.0,441443799.0,1620453753.0,1832524056.0,278616240.0,126978283.0
4. Người mua trả tiền trước,186829857.0,0.0,1562000.0,0.0,65055000.0,57555000.0,4231555000.0,10000000.0,0.0,46870000.0,49990000.0,63490000.0,69990000.0,72156400.0,69990000.0,145890700.0,137500000.0,42500000.0,30000000.0,30000000.0,30000000.0,53189905.0,0.0,9000000.0,77000000.0,104915000.0,104915000.0,260440075.0,178527300.0,1200000.0,1200000.0,1200000.0,1200000.0,192051000.0,107192000.0,29552000.0,3552000.0,6177000.0,6177000.0,1200000.0,107700000.0,105572000.0,167700000.0,81200000.0,131700000.0,51200000.0,57200000.0,91100000.0,184128000.0,494290000.0,64300000.0,146300000.0,0.0,0.0,0.0
5. Thuế và các khoản phải nộp nhà nước,9841265.0,39602292.0,137384867.0,50964463.0,515276969.0,97816699.0,75627672.0,284457791.0,398095568.0,392239599.0,480436568.0,570388802.0,237468402.0,257284571.0,118553291.0,152540713.0,236120675.0,336566479.0,103663213.0,143827900.0,145491854.0,146666674.0,32732174.0,20151483.0,19254217.0,54867939.0,26094025.0,10897218.0,105773543.0,128252247.0,84485935.0,76740560.0,180783173.0,367500756.0,129801444.0,169647407.0,117587337.0,251579212.0,30068412.0,163183724.0,136270146.0,429026204.0,82270415.0,216854289.0,174734745.0,186694570.0,203740569.0,99295179.0,32450001.0,1337666726.0,1334420216.0,1384560463.0,811107150.0,1202475944.0,285993557.0
6. Phải trả người lao động,0.0,198599981.0,120837029.0,0.0,0.0,139943475.0,0.0,494524843.0,496574666.0,783941877.0,220819530.0,491283021.0,356283019.0,766747758.0,0.0,0.0,965811077.0,1131800808.0,0.0,211908947.0,459992823.0,489938913.0,1.0,219800217.0,219800216.0,398065866.0,0.0,38142038.0,128471724.0,671285997.0,285997.0,140790603.0,140790603.0,719774838.0,474837.0,102255482.0,474836.0,606017568.0,17567.0,17567.0,0.0,0.0,0.0,0.0,0.0,0.0,0.0,0.0,0.0,536537860.0,1361871981.0,461130719.0,387762521.0,345654048.0,111362813.0
7. Chi phí phải trả ngắn hạn,0.0,0.0,0.0,0.0,0.0,18333333.0,36527777.0,0.0,0.0,0.0,0.0,0.0,0.0,0.0,0.0,0.0,0.0,20000000.0,20000000.0,46431818.0,0.0,20000000.0,20000000.0,0.0,0.0,20000000.0,20000000.0,0.0,0.0,0.0,0.0,0.0,0.0,25000000.0,25000000.0,0.0,0.0,25000000.0,25000000.0,0.0,0.0,0.0,0.0,0.0,0.0,0.0,0.0,0.0,0.0,598504400.0,9368115573.0,5920288405.0,4936491484.0,512728095.0,628148095.0
8. Phải trả nội bộ ngắn hạn,0.0,0.0,0.0,0.0,0.0,0.0,0.0,0.0,0.0,0.0,0.0,0.0,0.0,0.0,0.0,0.0,0.0,0.0,0.0,0.0,0.0,0.0,0.0,0.0,0.0,0.0,0.0,0.0,0.0,0.0,0.0,0.0,0.0,0.0,0.0,0.0,0.0,0.0,0.0,0.0,0.0,0.0,0.0,0.0,0.0,0.0,0.0,0.0,0.0,0.0,0.0,0.0,0.0,0.0,0.0
9. Phải trả theo tiến độ kế hoạch hợp đồng xây dựng,0.0,0.0,0.0,0.0,0.0,0.0,0.0,0.0,0.0,0.0,0.0,0.0,0.0,0.0,0.0,0.0,0.0,0.0,0.0,0.0,0.0,0.0,0.0,0.0,0.0,0.0,0.0,0.0,0.0,0.0,0.0,0.0,0.0,0.0,0.0,0.0,0.0,0.0,0.0,0.0,0.0,0.0,0.0,0.0,0.0,0.0,0.0,0.0,0.0,0.0,0.0,0.0,0.0,0.0,0.0
10. Doanh thu chưa thực hiện ngắn hạn,0.0,0.0,,0.0,0.0,0.0,0.0,0.0,0.0,0.0,0.0,0.0,0.0,0.0,0.0,0.0,0.0,0.0,0.0,0.0,0.0,0.0,0.0,0.0,0.0,0.0,0.0,0.0,0.0,0.0,0.0,0.0,0.0,0.0,0.0,0.0,0.0,0.0,0.0,0.0,0.0,0.0,0.0,0.0,0.0,0.0,0.0,0.0,0.0,0.0,0.0,9783379635.0,6521667066.0,0.0,144727272.0
11. Phải trả ngắn hạn khác,25330366.0,24083146.0,43930747.0,39130074.0,46290471.0,64802459.0,39057455.0,55907202.0,28895293.0,61397653.0,50142411.0,105361406.0,59629455.0,76965263.0,42889935.0,54723708.0,57916788.0,29439662.0,14510123.0,11382080.0,15653964.0,19190350.0,1083988465.0,8009095.0,6954568.0,10951508.0,18427114.0,32235561.0,27128335.0,359435916.0,19513531.0,37850080.0,55896047.0,77854631.0,26391993.0,34024732.0,50672744.0,63300396.0,15444671.0,39278841.0,47316147.0,0.0,35559730.0,46863707.0,13382253.0,0.0,19836539.0,18538539.0,21772448.0,145670540.0,171947040.0,76493948.0,55927448.0,58959448.0,79655448.0
12. Dự phòng phải trả ngắn hạn,0.0,0.0,0.0,0.0,0.0,0.0,0.0,0.0,0.0,0.0,0.0,0.0,0.0,0.0,0.0,0.0,0.0,0.0,0.0,0.0,0.0,0.0,0.0,0.0,0.0,0.0,0.0,0.0,0.0,0.0,0.0,0.0,0.0,0.0,0.0,0.0,0.0,0.0,0.0,0.0,0.0,0.0,0.0,0.0,0.0,0.0,0.0,0.0,0.0,0.0,0.0,0.0,0.0,0.0,0.0
13. Quỹ khen thưởng phúc lợi,0.0,105143799.0,,97150652.0,67350652.0,279944727.0,42794727.0,177326169.0,32422645.0,312016552.0,110866552.0,396285432.0,385105432.0,611805157.0,332605156.0,313405156.0,293005156.0,536467750.0,332560088.0,457630435.0,398930435.0,506879161.0,57975089.0,127575089.0,102575089.0,380184118.0,174584118.0,147584118.0,103584118.0,315873383.0,159973383.0,136173383.0,79938571.0,215775398.0,0.0,0.0,0.0,16982057.0,1982057.0,982057.0,0.0,160435914.0,74435914.0,17935914.0,708986.0,708986.0,708986.0,708986.0,708986.0,708986.0,708986.0,96914612.0,80914612.0,98963319.0,171747455.0
14. Quỹ bình ổn giá,0.0,0.0,,0.0,0.0,0.0,0.0,0.0,0.0,0.0,0.0,0.0,0.0,0.0,0.0,0.0,0.0,0.0,0.0,0.0,0.0,0.0,0.0,0.0,0.0,0.0,0.0,0.0,0.0,0.0,0.0,0.0,0.0,0.0,0.0,0.0,0.0,0.0,0.0,0.0,0.0,0.0,0.0,0.0,0.0,0.0,0.0,0.0,0.0,0.0,0.0,0.0,0.0,0.0,0.0
15. Giao dịch mua bán lại trái phiếu chính phủ,0.0,0.0,,0.0,0.0,0.0,0.0,0.0,0.0,0.0,0.0,0.0,0.0,0.0,0.0,0.0,0.0,0.0,0.0,0.0,0.0,0.0,0.0,0.0,0.0,0.0,0.0,0.0,0.0,0.0,0.0,0.0,0.0,0.0,0.0,0.0,0.0,0.0,0.0,0.0,0.0,0.0,0.0,0.0,0.0,0.0,0.0,0.0,0.0,0.0,0.0,0.0,0.0,0.0,0.0
II. Nợ dài hạn,0.0,0.0,0.0,0.0,0.0,0.0,0.0,0.0,0.0,0.0,0.0,0.0,0.0,0.0,0.0,0.0,0.0,220000000.0,192944473.0,271317200.0,321317200.0,155985200.0,205985200.0,245985200.0,226712473.0,112025653.0,112025653.0,112025653.0,112025653.0,112025653.0,112025653.0,0.0,0.0,100358000.0,0.0,0.0,0.0,0.0,0.0,0.0,0.0,0.0,0.0,0.0,0.0,0.0,0.0,0.0,0.0,0.0,0.0,0.0,0.0,0.0,0.0
1. Phải trả người bán dài hạn,0.0,0.0,0.0,0.0,0.0,0.0,0.0,0.0,0.0,0.0,0.0,0.0,0.0,0.0,0.0,0.0,0.0,0.0,0.0,0.0,0.0,0.0,0.0,0.0,0.0,0.0,0.0,0.0,0.0,0.0,0.0,0.0,0.0,0.0,0.0,0.0,0.0,0.0,0.0,0.0,0.0,0.0,0.0,0.0,0.0,0.0,0.0,0.0,0.0,0.0,0.0,0.0,0.0,0.0,0.0
2. Chi phí phải trả dài hạn,0.0,0.0,0.0,0.0,0.0,0.0,0.0,0.0,0.0,0.0,0.0,0.0,0.0,0.0,0.0,0.0,0.0,0.0,0.0,0.0,0.0,0.0,0.0,0.0,0.0,0.0,0.0,0.0,0.0,0.0,0.0,0.0,0.0,0.0,0.0,0.0,0.0,0.0,0.0,0.0,0.0,0.0,0.0,0.0,0.0,0.0,0.0,0.0,0.0,0.0,0.0,0.0,0.0,0.0,0.0
3. Phải trả nội bộ về vốn kinh doanh,0.0,0.0,0.0,0.0,0.0,0.0,0.0,0.0,0.0,0.0,0.0,0.0,0.0,0.0,0.0,0.0,0.0,0.0,0.0,0.0,0.0,0.0,0.0,0.0,0.0,0.0,0.0,0.0,0.0,0.0,0.0,0.0,0.0,0.0,0.0,0.0,0.0,0.0,0.0,0.0,0.0,0.0,0.0,0.0,0.0,0.0,0.0,0.0,0.0,0.0,0.0,0.0,0.0,0.0,0.0
4. Phải trả nội bộ dài hạn,0.0,0.0,0.0,0.0,0.0,0.0,0.0,0.0,0.0,0.0,0.0,0.0,0.0,0.0,0.0,0.0,0.0,0.0,0.0,0.0,0.0,0.0,0.0,0.0,0.0,0.0,0.0,0.0,0.0,0.0,0.0,0.0,0.0,0.0,0.0,0.0,0.0,0.0,0.0,0.0,0.0,0.0,0.0,0.0,0.0,0.0,0.0,0.0,0.0,0.0,0.0,0.0,0.0,0.0,0.0
5. Phải trả dài hạn khác,0.0,0.0,0.0,0.0,0.0,0.0,0.0,0.0,0.0,0.0,0.0,0.0,0.0,0.0,0.0,0.0,0.0,0.0,0.0,0.0,0.0,0.0,0.0,0.0,0.0,0.0,0.0,0.0,0.0,0.0,0.0,0.0,0.0,0.0,0.0,0.0,0.0,0.0,0.0,0.0,0.0,0.0,0.0,0.0,0.0,0.0,0.0,0.0,0.0,0.0,0.0,0.0,0.0,0.0,0.0
6. Vay và nợ thuê tài chính dài hạn,0.0,0.0,0.0,0.0,0.0,0.0,0.0,0.0,0.0,0.0,0.0,0.0,0.0,0.0,0.0,0.0,0.0,0.0,0.0,0.0,0.0,0.0,0.0,0.0,0.0,0.0,0.0,0.0,0.0,0.0,0.0,0.0,0.0,0.0,0.0,0.0,0.0,0.0,0.0,0.0,0.0,0.0,0.0,0.0,0.0,0.0,0.0,0.0,0.0,0.0,0.0,0.0,0.0,0.0,0.0
7. Trái phiếu chuyển đổi,0.0,0.0,0.0,0.0,0.0,0.0,0.0,0.0,0.0,0.0,0.0,0.0,0.0,0.0,0.0,0.0,0.0,0.0,0.0,0.0,0.0,0.0,0.0,0.0,0.0,0.0,0.0,0.0,0.0,0.0,0.0,0.0,0.0,0.0,0.0,0.0,0.0,0.0,0.0,0.0,0.0,0.0,0.0,0.0,0.0,0.0,0.0,0.0,0.0,0.0,0.0,0.0,0.0,0.0,0.0
8. Thuế thu nhập hoãn lại phải trả,0.0,0.0,0.0,0.0,0.0,0.0,0.0,0.0,0.0,0.0,0.0,0.0,0.0,0.0,0.0,0.0,0.0,0.0,0.0,0.0,0.0,0.0,0.0,0.0,0.0,0.0,0.0,0.0,0.0,0.0,0.0,0.0,0.0,0.0,0.0,0.0,0.0,0.0,0.0,0.0,0.0,0.0,0.0,0.0,0.0,0.0,0.0,0.0,0.0,0.0,0.0,0.0,0.0,0.0,0.0
9. Dự phòng trợ cấp mất việc làm,0.0,0.0,0.0,0.0,0.0,0.0,0.0,0.0,0.0,0.0,0.0,0.0,0.0,0.0,0.0,0.0,0.0,0.0,0.0,0.0,0.0,0.0,0.0,0.0,0.0,0.0,0.0,0.0,0.0,0.0,0.0,0.0,0.0,0.0,0.0,0.0,0.0,0.0,0.0,0.0,0.0,0.0,0.0,0.0,0.0,0.0,0.0,0.0,0.0,0.0,0.0,0.0,0.0,0.0,0.0
10. Dự phòng phải trả dài hạn,0.0,0.0,0.0,0.0,0.0,0.0,0.0,0.0,0.0,0.0,0.0,0.0,0.0,0.0,0.0,0.0,0.0,0.0,0.0,0.0,0.0,0.0,0.0,0.0,0.0,0.0,0.0,0.0,0.0,0.0,0.0,0.0,0.0,0.0,0.0,0.0,0.0,0.0,0.0,0.0,0.0,0.0,0.0,0.0,0.0,0.0,0.0,0.0,0.0,0.0,0.0,0.0,0.0,0.0,0.0
11. Doanh thu chưa thực hiện dài hạn,0.0,0.0,0.0,0.0,0.0,0.0,0.0,0.0,0.0,0.0,0.0,0.0,0.0,0.0,0.0,0.0,0.0,0.0,0.0,0.0,0.0,0.0,0.0,0.0,0.0,0.0,0.0,0.0,0.0,0.0,0.0,0.0,0.0,100358000.0,0.0,0.0,0.0,0.0,0.0,0.0,0.0,0.0,0.0,0.0,0.0,0.0,0.0,0.0,0.0,0.0,0.0,0.0,0.0,0.0,0.0
12. Quỹ phát triển khoa học và công nghệ,0.0,0.0,0.0,0.0,0.0,0.0,0.0,0.0,0.0,0.0,0.0,0.0,0.0,0.0,0.0,0.0,0.0,220000000.0,192944473.0,271317200.0,321317200.0,155985200.0,205985200.0,245985200.0,226712473.0,112025653.0,112025653.0,112025653.0,112025653.0,112025653.0,112025653.0,0.0,0.0,0.0,0.0,0.0,0.0,0.0,0.0,0.0,0.0,0.0,0.0,0.0,0.0,0.0,0.0,0.0,0.0,0.0,0.0,0.0,0.0,0.0,0.0
B. Nguồn vốn chủ sở hữu,,11214831008.0,,12651478479.0,14078327785.0,13293897425.0,12135446131.0,13162780407.0,14027730181.0,12490158155.0,12811792665.0,12821381851.0,12757722650.0,13839604424.0,14256714857.0,14386836094.0,15022887840.0,14817457361.0,15498055153.0,14233810495.0,14799184754.0,15104042283.0,14690904013.0,14852207982.0,14929659662.0,15488396760.0,15719570564.0,16267600981.0,15475183626.0,15436602246.0,15770486490.0,16297409892.0,15717325598.0,16037796389.0,15311867533.0,16934831635.0,16224634836.0,16982270861.0,16107410948.0,14862528735.0,16228439428.0,17097773126.0,14888320890.0,13702660679.0,13781252401.0,15603202219.0,12902009584.0,12589433410.0,12060443907.0,20731023522.0,25511351802.0,21827510968.0,23009863038.0,23716873900.0,23742058665.0
I. Vốn chủ sở hữu,0.0,11214831008.0,0.0,12651478479.0,14078327785.0,13293897425.0,12135446131.0,13162780407.0,14027730181.0,12490158155.0,12811792665.0,12821381851.0,12757722650.0,13839604424.0,14256714857.0,14386836094.0,15022887840.0,14817457361.0,15498055153.0,14233810495.0,14799184754.0,15104042283.0,14690904013.0,14852207982.0,14929659662.0,15488396760.0,15719570564.0,16267600981.0,15475183626.0,15436602246.0,15770486490.0,16297409892.0,15717325598.0,16037796389.0,15311867533.0,16934831635.0,16224634836.0,16982270861.0,16107410948.0,14862528735.0,16228439428.0,17097773126.0,14888320890.0,13702660679.0,13781252401.0,15603202219.0,12902009584.0,12589433410.0,12060443907.0,20731023522.0,25511351802.0,21827510968.0,23009863038.0,23716873900.0,23742058665.0
1. Vốn đầu tư của chủ sở hữu,0.0,10800000000.0,0.0,10800000000.0,10800000000.0,10800000000.0,10800000000.0,10800000000.0,10800000000.0,10800000000.0,10800000000.0,10800000000.0,10800000000.0,10800000000.0,10800000000.0,10800000000.0,10800000000.0,10800000000.0,10800000000.0,10800000000.0,10800000000.0,10800000000.0,10800000000.0,10800000000.0,10800000000.0,10800000000.0,10800000000.0,10800000000.0,10800000000.0,10800000000.0,10800000000.0,10800000000.0,10800000000.0,10800000000.0,10800000000.0,10800000000.0,10800000000.0,10800000000.0,10800000000.0,10800000000.0,10800000000.0,10800000000.0,10800000000.0,10800000000.0,10800000000.0,10800000000.0,10800000000.0,10800000000.0,10800000000.0,10800000000.0,10800000000.0,19979980000.0,19979980000.0,19979980000.0,19979980000.0
2. Thặng dư vốn cổ phần,0.0,0.0,0.0,0.0,0.0,0.0,0.0,0.0,0.0,0.0,0.0,0.0,0.0,0.0,0.0,174697520.0,174697520.0,174697520.0,174697520.0,174697520.0,174697520.0,174697520.0,174697520.0,174697520.0,174697520.0,174697520.0,174697520.0,174697520.0,174697520.0,174697520.0,174697520.0,174697520.0,174697520.0,174697520.0,174697520.0,174697520.0,174697520.0,174697520.0,174697520.0,174697520.0,174697520.0,174697520.0,174697520.0,174697520.0,174697520.0,174697520.0,174697520.0,174697520.0,174697520.0,174697520.0,174697520.0,0.0,0.0,0.0,0.0
3. Quyền chọn chuyển đổi trái phiếu,0.0,0.0,0.0,0.0,0.0,0.0,0.0,0.0,0.0,0.0,0.0,0.0,0.0,0.0,0.0,0.0,0.0,0.0,0.0,0.0,0.0,0.0,0.0,0.0,0.0,0.0,0.0,0.0,0.0,0.0,0.0,0.0,0.0,0.0,0.0,0.0,0.0,0.0,0.0,0.0,0.0,0.0,0.0,0.0,0.0,0.0,0.0,0.0,0.0,0.0,0.0,0.0,0.0,0.0,0.0
4. Vốn khác của chủ sở hữu,0.0,0.0,0.0,0.0,0.0,0.0,0.0,0.0,0.0,0.0,0.0,0.0,0.0,0.0,0.0,0.0,0.0,0.0,0.0,0.0,0.0,0.0,0.0,0.0,0.0,0.0,0.0,0.0,0.0,0.0,0.0,0.0,0.0,0.0,0.0,0.0,0.0,0.0,0.0,0.0,0.0,0.0,0.0,0.0,0.0,0.0,0.0,0.0,0.0,0.0,0.0,0.0,0.0,0.0,0.0
5. Cổ phiếu quỹ,0.0,0.0,0.0,0.0,0.0,0.0,0.0,0.0,0.0,-537840652.0,-559092482.0,-559092482.0,-559092482.0,-559092482.0,-559092482.0,0.0,0.0,0.0,0.0,0.0,0.0,0.0,0.0,0.0,0.0,0.0,0.0,0.0,0.0,0.0,0.0,0.0,0.0,0.0,0.0,0.0,0.0,0.0,0.0,0.0,0.0,0.0,0.0,0.0,0.0,0.0,0.0,0.0,0.0,0.0,0.0,0.0,0.0,0.0,0.0
6. Chênh lệch đánh giá lại tài sản,0.0,0.0,0.0,0.0,0.0,0.0,0.0,0.0,0.0,0.0,0.0,0.0,0.0,0.0,0.0,0.0,0.0,0.0,0.0,0.0,0.0,0.0,0.0,0.0,0.0,0.0,0.0,0.0,0.0,0.0,0.0,0.0,0.0,0.0,0.0,0.0,0.0,0.0,0.0,0.0,0.0,0.0,0.0,0.0,0.0,0.0,0.0,0.0,0.0,0.0,0.0,0.0,0.0,0.0,0.0
7. Chênh lệch tỷ giá hối đoái,0.0,0.0,0.0,0.0,0.0,0.0,0.0,0.0,0.0,0.0,0.0,0.0,0.0,0.0,0.0,0.0,0.0,0.0,0.0,0.0,0.0,0.0,0.0,0.0,0.0,0.0,0.0,0.0,0.0,0.0,0.0,0.0,0.0,0.0,0.0,0.0,0.0,0.0,0.0,0.0,0.0,0.0,0.0,0.0,0.0,0.0,0.0,0.0,0.0,0.0,0.0,0.0,0.0,0.0,0.0
8. Quỹ đầu tư phát triển,0.0,86389930.0,0.0,86389930.0,86389930.0,208687955.0,208687955.0,208687955.0,208687955.0,367569291.0,367569291.0,670810069.0,670810069.0,798159931.0,798159931.0,662305279.0,662305279.0,768959477.0,765156923.0,937517918.0,937517918.0,1026792282.0,2223443916.0,2223443916.0,2223443916.0,2511052946.0,2511052946.0,2511052946.0,2511052946.0,2738342212.0,2738342212.0,2738342212.0,2738342212.0,2994443584.0,2994443584.0,2994443584.0,2994443584.0,3071319413.0,3071319413.0,3071319413.0,3071319413.0,3151046342.0,3151046342.0,3151046342.0,3151046342.0,3151046342.0,3151046342.0,3151046342.0,3151046342.0,3151046342.0,3151046342.0,0.0,0.0,0.0,181960340.0
9. Quỹ dự phòng tài chính,0.0,120394630.0,0.0,120394630.0,120394630.0,242692655.0,242692655.0,242692655.0,242692655.0,401573991.0,401573991.0,704814769.0,704814769.0,832164631.0,832164631.0,832164631.0,832164631.0,938818829.0,935016275.0,1107377270.0,1107377270.0,1196651634.0,0.0,0.0,0.0,0.0,0.0,0.0,0.0,0.0,0.0,0.0,0.0,0.0,0.0,0.0,0.0,0.0,0.0,0.0,0.0,0.0,0.0,0.0,0.0,0.0,0.0,0.0,0.0,0.0,0.0,0.0,0.0,0.0,0.0
10. Quỹ khác thuộc vốn chủ sở hữu,0.0,0.0,0.0,0.0,0.0,0.0,0.0,0.0,0.0,0.0,0.0,0.0,0.0,0.0,0.0,0.0,0.0,0.0,0.0,0.0,0.0,0.0,0.0,0.0,0.0,0.0,0.0,0.0,0.0,0.0,0.0,0.0,0.0,0.0,0.0,0.0,0.0,0.0,0.0,0.0,0.0,0.0,0.0,0.0,0.0,0.0,0.0,0.0,0.0,0.0,0.0,0.0,0.0,0.0,0.0
11. Lợi nhuận sau thuế chưa phân phối,0.0,208046448.0,0.0,1644693919.0,3071543225.0,2042516815.0,884065521.0,1911399797.0,2776349571.0,1458855525.0,1801741865.0,1204849495.0,1141190294.0,1968372344.0,2385482777.0,1917668664.0,2553720410.0,2134981535.0,2823184435.0,1214217787.0,1779592046.0,1905900847.0,1492762577.0,1654066546.0,1731518226.0,2002646294.0,2233820098.0,2781850515.0,1989433160.0,1723562514.0,2057446758.0,2584370160.0,2004285866.0,2068655285.0,1342726429.0,2965690531.0,2255493732.0,2936253928.0,2061394015.0,816511802.0,2182422495.0,2972029264.0,762577028.0,-423083183.0,-344491461.0,1477458357.0,-1223734278.0,-1536310452.0,-2065299955.0,6605279660.0,11385607940.0,1847530968.0,3029883038.0,3736893900.0,3580118325.0
LNST chưa phân phối lũy kế đến cuối kỳ trước,0.0,,0.0,,,,,,,,,,,,,,,,,,,,,,,,,,,,,,,0.0,,2068655285.0,,2068655285.0,,2072253928.0,,,,1461359264.0,1460029264.0,1460029264.0,1477458357.0,1477458357.0,1477458357.0,937458357.0,6065279660.0,97687096.0,1847530968.0,97687096.0,3482149424.0
LNST chưa phân phối kỳ này,0.0,,0.0,,,,,,,,,,,,,,,,,,,,,,,,,,,,,,,2068655285.0,,897035246.0,,867598643.0,,-1255742126.0,,,,-1884442447.0,-1804520725.0,17429093.0,-2701192635.0,-3013768809.0,-3542758312.0,5667821303.0,5320328280.0,1749843872.0,1182352070.0,3639206804.0,97968901.0
12. Nguồn vốn đầu tư xây dựng cơ bản,0.0,0.0,0.0,0.0,0.0,0.0,0.0,0.0,0.0,0.0,0.0,0.0,0.0,0.0,0.0,0.0,0.0,0.0,0.0,0.0,0.0,0.0,0.0,0.0,0.0,0.0,0.0,0.0,0.0,0.0,0.0,0.0,0.0,0.0,0.0,0.0,0.0,0.0,0.0,0.0,0.0,0.0,0.0,0.0,0.0,0.0,0.0,0.0,0.0,0.0,0.0,0.0,0.0,0.0,0.0
13. Quỹ hỗ trợ sắp xếp doanh nghiệp,0.0,0.0,0.0,0.0,0.0,0.0,0.0,0.0,0.0,0.0,0.0,0.0,0.0,0.0,0.0,0.0,0.0,0.0,0.0,0.0,0.0,0.0,0.0,0.0,0.0,0.0,0.0,0.0,0.0,0.0,0.0,0.0,0.0,0.0,0.0,0.0,0.0,0.0,0.0,0.0,0.0,0.0,0.0,0.0,0.0,0.0,0.0,0.0,0.0,0.0,0.0,0.0,0.0,0.0,0.0
14. Lợi ích của cổ đông không kiểm soát,0.0,0.0,0.0,0.0,0.0,0.0,0.0,0.0,0.0,0.0,0.0,0.0,0.0,0.0,0.0,0.0,0.0,0.0,0.0,0.0,0.0,0.0,0.0,0.0,0.0,0.0,0.0,0.0,0.0,0.0,0.0,0.0,0.0,0.0,0.0,0.0,0.0,0.0,0.0,0.0,0.0,0.0,0.0,0.0,0.0,0.0,0.0,0.0,0.0,0.0,0.0,0.0,0.0,0.0,0.0
II. Nguồn kinh phí và quỹ khác,,0.0,,0.0,0.0,0.0,0.0,0.0,0.0,0.0,0.0,0.0,0.0,0.0,0.0,0.0,0.0,0.0,0.0,0.0,0.0,0.0,0.0,0.0,0.0,0.0,0.0,0.0,0.0,0.0,0.0,0.0,0.0,0.0,0.0,0.0,0.0,0.0,0.0,0.0,0.0,0.0,0.0,0.0,0.0,0.0,0.0,0.0,0.0,0.0,0.0,0.0,0.0,0.0,0.0
1. Nguồn kinh phí ,,0.0,,0.0,0.0,0.0,0.0,0.0,0.0,0.0,0.0,0.0,0.0,0.0,0.0,0.0,0.0,0.0,0.0,0.0,0.0,0.0,0.0,0.0,0.0,0.0,0.0,0.0,0.0,0.0,0.0,0.0,0.0,0.0,0.0,0.0,0.0,0.0,0.0,0.0,0.0,0.0,0.0,0.0,0.0,0.0,0.0,0.0,0.0,0.0,0.0,0.0,0.0,0.0,0.0
2. Nguồn kinh phí đã hình thành tài sản cố định,,0.0,,0.0,0.0,0.0,0.0,0.0,0.0,0.0,0.0,0.0,0.0,0.0,0.0,0.0,0.0,0.0,0.0,0.0,0.0,0.0,0.0,0.0,0.0,0.0,0.0,0.0,0.0,0.0,0.0,0.0,0.0,0.0,0.0,0.0,0.0,0.0,0.0,0.0,0.0,0.0,0.0,0.0,0.0,0.0,0.0,0.0,0.0,0.0,0.0,0.0,0.0,0.0,0.0
3. Quỹ dự phòng trợ cấp mất việc làm,,0.0,,0.0,0.0,0.0,0.0,0.0,0.0,0.0,0.0,0.0,0.0,0.0,0.0,0.0,0.0,0.0,0.0,0.0,0.0,0.0,0.0,0.0,0.0,0.0,0.0,0.0,0.0,0.0,0.0,0.0,0.0,0.0,0.0,0.0,0.0,0.0,0.0,0.0,0.0,0.0,0.0,0.0,0.0,0.0,0.0,0.0,0.0,0.0,0.0,0.0,0.0,0.0,0.0
TỔNG CỘNG NGUỒN VỐN,,11730760626.0,,16516928069.0,15136486304.0,14843567422.0,18053365163.0,14353513713.0,15188508356.0,14269126836.0,13870543726.0,14629642184.0,13972960814.0,15884459429.0,15055667095.0,15239457371.0,16982716736.0,17272525300.0,16347504050.0,15623283875.0,16432897348.0,16559747486.0,16602244505.0,15722305884.0,15924240043.0,16634486844.0,16525442824.0,17146012461.0,16547168799.0,17078845442.0,16269275989.0,16835394518.0,16338973992.0,17742567012.0,15676882807.0,17424941256.0,16540106753.0,18434472094.0,16294660655.0,15254890924.0,16519725721.0,18196828170.0,15790972875.0,14213252686.0,14108538385.0,15844985775.0,13242142678.0,12863576114.0,12519512524.0,25260223188.0,38254159397.0,41317032503.0,37636257375.0,26214270994.0,25290671588.0
